year,age,sex,exposure,deaths,mortality_rate,age_group
1990,0,Female,196151.01,1204.95565443,0.006143,0
1990,0,Male,206112.79,1566.04497842,0.007598,0
1990,1,Female,188809.77,90.06226029,4.77e-4,1-4
1990,1,Male,197966.47,118.97784847,6.01e-4,1-4
1990,2,Female,183362.16,63.99339384,3.49e-4,1-4
1990,2,Male,192232.97,85.92813759,4.47e-4,1-4
1990,3,Female,185336.68,45.03681324,2.43e-4,1-4
1990,3,Male,194161.68,67.956588,3.5e-4,1-4
1990,4,Female,188606.75,39.984631,2.12e-4,1-4
1990,4,Male,198210.03,46.975777109999996,2.37e-4,1-4
1990,5,Female,187570.63,29.073447650000002,1.55e-4,5-14
1990,5,Male,197611.06,47.031432280000004,2.38e-4,5-14
1990,6,Female,187173.72,40.05517608,2.14e-4,5-14
1990,6,Male,197267.26,46.94960788,2.38e-4,5-14
1990,7,Female,186354.24,30.00303264,1.61e-4,5-14
1990,7,Male,196586.63,46.00127142,2.34e-4,5-14
1990,8,Female,186875.73,34.94576151,1.87e-4,5-14
1990,8,Male,196901.01,34.06387473,1.73e-4,5-14
1990,9,Female,187949.79,30.071966400000004,1.6e-4,5-14
1990,9,Male,197852.35,45.9017452,2.32e-4,5-14
1990,10,Female,184874.47,24.0336811,1.3e-4,5-14
1990,10,Male,194685.79,46.91927539,2.41e-4,5-14
1990,11,Female,182583.73,27.02239204,1.48e-4,5-14
1990,11,Male,192556.78,41.977378040000005,2.18e-4,5-14
1990,12,Female,180688.04,33.065911320000005,1.83e-4,5-14
1990,12,Male,190224.83,46.98553301,2.47e-4,5-14
1990,13,Female,181519.84,31.947491839999998,1.76e-4,5-14
1990,13,Male,190820.96,49.99509152,2.62e-4,5-14
1990,14,Female,184630.09,50.034754389999996,2.71e-4,5-14
1990,14,Male,194419.55,76.99014179999999,3.96e-4,5-14
1990,15,Female,184055.83,50.983464909999995,2.77e-4,15-24
1990,15,Male,194376.91,98.93784719,5.09e-4,15-24
1990,16,Female,181742.21,53.06872532,2.92e-4,15-24
1990,16,Male,192262.35,154.9634541,8.06e-4,15-24
1990,17,Female,185110.36,71.08237824,3.84e-4,15-24
1990,17,Male,196139.59,166.91479109,8.51e-4,15-24
1990,18,Female,189858.05,77.0823683,4.06e-4,15-24
1990,18,Male,200264.18,223.09429652,0.001114,15-24
1990,19,Female,201224.9,58.9588957,2.93e-4,15-24
1990,19,Male,210790.6,271.0767116,0.001286,15-24
1990,20,Female,201356.66,66.04498448,3.28e-4,15-24
1990,20,Male,210242.35,241.98894485,0.001151,15-24
1990,21,Female,201627.78,90.93412878000001,4.51e-4,15-24
1990,21,Male,209166.46,266.05973711999997,0.001272,15-24
1990,22,Female,203884.73,74.01015699,3.63e-4,15-24
1990,22,Male,210549.22,240.0261108,0.00114,15-24
1990,23,Female,211655.4,78.100842600000007,3.69e-4,15-24
1990,23,Male,218176.73,248.06694201000002,0.001137,15-24
1990,24,Female,224604.2,73.8947818,3.29e-4,15-24
1990,24,Male,231529.46,235.0024019,0.001015,15-24
1990,25,Female,243024.97,76.06681561,3.13e-4,25-34
1990,25,Male,250481.93,295.06771354,0.001178,25-34
1990,26,Female,251550.53,107.91517737000001,4.29e-4,25-34
1990,26,Male,259248.41,293.98769694000003,0.001134,25-34
1990,27,Female,257834.83,110.09547241,4.27e-4,25-34
1990,27,Male,264223.68,276.90641664000003,0.001048,25-34
1990,28,Female,257498.64,99.90947232,3.88e-4,25-34
1990,28,Male,263154.31,291.04866685999997,0.001106,25-34
1990,29,Female,260023.09,119.87064448999999,4.61e-4,25-34
1990,29,Male,264925.03,305.98840965000005,0.001155,25-34
1990,30,Female,257025.46,132.11108644,5.14e-4,25-34
1990,30,Male,260855.02,335.98126576,0.001288,25-34
1990,31,Female,255856.7,154.0257334,6.02e-4,25-34
1990,31,Male,259078.57,315.03954112,0.001216,25-34
1990,32,Female,253095.04,154.89416448,6.12e-4,25-34
1990,32,Male,255947.27,375.98653963,0.001469,25-34
1990,33,Female,250366.78,145.96383274,5.83e-4,25-34
1990,33,Male,252237.31,324.12494334999997,0.001285,25-34
1990,34,Female,243152.06,157.07623076,6.46e-4,25-34
1990,34,Male,244257.54,372.00423342000005,0.001523,25-34
1990,35,Female,242336.92,165.03144252,6.81e-4,35-44
1990,35,Male,242372.55,381.9791388,0.001576,35-44
1990,36,Female,236772.21,189.89131242,8.02e-4,35-44
1990,36,Male,235681.53,363.89228232,0.001544,35-44
1990,37,Female,227625.04,193.02603392,8.48e-4,35-44
1990,37,Male,226637.04,390.948894,0.001725,35-44
1990,38,Female,219681.57,192.00169218,8.74e-4,35-44
1990,38,Male,219929.65,394.99365140000003,0.001796,35-44
1990,39,Female,216828.68,184.08754932,8.49e-4,35-44
1990,39,Male,218014.22,371.06020244,0.001702,35-44
1990,40,Female,211805.72,207.99321704000002,9.82e-4,35-44
1990,40,Male,213307.29,412.96291344,0.001936,35-44
1990,41,Female,209789.39,242.93611362000001,0.001158,35-44
1990,41,Male,211309.92,443.96214192,0.002101,35-44
1990,42,Female,207745.81,244.93230999,0.001179,35-44
1990,42,Male,210033.72,444.01128408,0.002114,35-44
1990,43,Female,207943.34,258.05768494,0.001241,35-44
1990,43,Male,210814.95,470.9605983,0.002234,35-44
1990,44,Female,182616.39,281.04662421,0.001539,35-44
1990,44,Male,185748.17,461.02695794,0.002482,35-44
1990,45,Female,171359.04,258.06671424,0.001506,45-54
1990,45,Male,174794.33,485.05426575,0.002775,45-54
1990,46,Female,165541.08,298.96719048,0.001806,45-54
1990,46,Male,168922.86,505.07935139999995,0.00299,45-54
1990,47,Female,160772.7,323.9569905,0.002015,45-54
1990,47,Male,164065.16,592.93148824,0.003614,45-54
1990,48,Female,150650.96,352.07129352,0.002337,45-54
1990,48,Male,153626.88,592.9997568,0.00386,45-54
1990,49,Female,145446.41,374.96084498,0.002578,45-54
1990,49,Male,147879.6,595.954788,0.00403,45-54
1990,50,Female,135796.51,387.97062907000003,0.002857,45-54
1990,50,Male,137977.96,658.9827369599999,0.004776,45-54
1990,51,Female,133105.5,374.026455,0.00281,45-54
1990,51,Male,135157.48,724.98472272,0.005364,45-54
1990,52,Female,128074.46,402.02572994,0.003139,45-54
1990,52,Male,129652.71,750.0409273500001,0.005785,45-54
1990,53,Female,125150.47,440.02905252,0.003516,45-54
1990,53,Male,126090.58,776.97015396,0.006162,45-54
1990,54,Female,125030.48,567.0132268,0.004535,45-54
1990,54,Male,125493.03,856.99190187,0.006829,45-54
1990,55,Female,123538.23,496.99429928999996,0.004023,55-64
1990,55,Male,123383.18,992.0007671999999,0.00804,55-64
1990,56,Female,121555.69,586.01998149,0.004821,55-64
1990,56,Male,121491.36,1061.95597776,0.008741,55-64
1990,57,Female,124602.28,703.0060637600001,0.005642,55-64
1990,57,Male,124269.94,1200.9447001600001,0.009664,55-64
1990,58,Female,125143.51,731.96438999,0.005849,55-64
1990,58,Male,124233.34,1294.0144694399999,0.010416,55-64
1990,59,Female,125515.61,775.05889175,0.006175,55-64
1990,59,Male,123243.85,1385.0143863,0.011238,55-64
1990,60,Female,125096.48,830.0151448,0.006635,55-64
1990,60,Male,121422.71,1520.9408654600002,0.012526,55-64
1990,61,Female,122038.52,901.01039316,0.007383,55-64
1990,61,Male,116510.78,1768.98317274,0.015183,55-64
1990,62,Female,121576.91,1015.0456215900001,0.008349,55-64
1990,62,Male,114130.54,1867.9745481799998,0.016367,55-64
1990,63,Female,120615.91,1061.05816027,0.008797,55-64
1990,63,Male,110700.54,1947.0010975199998,0.017588,55-64
1990,64,Female,121563.21,1202.9895261600002,0.009896,55-64
1990,64,Male,108742.99,2134.95112267,0.019633,55-64
1990,65,Female,120742.69,1297.9839175,0.01075,65-74
1990,65,Male,105521.9,2255.9527000999997,0.021379,65-74
1990,66,Female,118019.81,1441.96603858,0.012218,65-74
1990,66,Male,100855.03,2277.00401231,0.022577,65-74
1990,67,Female,116355.6,1460.9609136,0.012556,65-74
1990,67,Male,97637.71,2459.0057263500003,0.025185,65-74
1990,68,Female,115819.13,1649.9593259800001,0.014246,65-74
1990,68,Male,95525.01,2683.96620597,0.028097,65-74
1990,69,Female,111736.72,1757.95381576,0.015733,65-74
1990,69,Male,90776.68,2670.01448884,0.029413,65-74
1990,70,Female,103735.13,1817.95815325,0.017525,65-74
1990,70,Male,82843.32,2804.99197188,0.033859,65-74
1990,71,Female,93694.18,1750.95683584,0.018688,65-74
1990,71,Male,73367.41,2669.9867847200003,0.036392,65-74
1990,72,Female,87359.11,1897.0030736500003,0.021715,65-74
1990,72,Male,67414.46,2725.97110456,0.040436,65-74
1990,73,Female,84609.67,1899.99474952,0.022456,65-74
1990,73,Male,64157.7,2790.9882654,0.043502,65-74
1990,74,Female,83020.39,2149.97903983,0.025897,65-74
1990,74,Male,61846.91,2973.97051426,0.048086,65-74
1990,75,Female,81449.17,2363.00332004,0.029012,75-84
1990,75,Male,59363.34,3125.00494428,0.052642,75-84
1990,76,Female,77444.03,2468.99312043,0.031881,75-84
1990,76,Male,55147.65,3204.02331735,0.058099,75-84
1990,77,Female,71659.63,2476.98677058,0.034566,75-84
1990,77,Male,49841.18,3279.00139102,0.065789,75-84
1990,78,Female,65989.32,2550.02529276,0.038643,75-84
1990,78,Male,44542.51,3056.0170685900002,0.068609,75-84
1990,79,Female,61071.6,2744.0080596,0.044931,75-84
1990,79,Male,39923.61,3034.9928322,0.07602,75-84
1990,80,Female,54336.91,2754.01194644,0.050684,75-84
1990,80,Male,34325.19,3085.01077644,0.089876,75-84
1990,81,Female,49572.79,2767.00441943,0.055817,75-84
1990,81,Male,30119.69,2862.00306349,0.095021,75-84
1990,82,Female,45248.87,2889.00460289,0.063847,75-84
1990,82,Male,26348.59,2743.99485978,0.104142,75-84
1990,83,Female,40276.49,2903.00856973,0.072077,75-84
1990,83,Male,22337.43,2513.00554986,0.112502,75-84
1990,84,Female,36125.56,2900.99084468,0.080303,75-84
1990,84,Male,19117.22,2489.9987877800004,0.130249,75-84
1990,85,Female,32121.39,2821.99259706,0.087854,85+
1990,85,Male,16513.17,2203.0054965299996,0.133409,85+
1990,86,Female,28104.76,2625.01268876,0.093401,85+
1990,86,Male,13894.1,1973.0038823,0.142003,85+
1990,87,Female,24313.06,2622.99016504,0.107884,85+
1990,87,Male,11538.45,1856.998143,0.16094,85+
1990,88,Female,20332.61,2403.00951285,0.118185,85+
1990,88,Male,9213.19,1583.0010926100001,0.171819,85+
1990,89,Female,17405.9,2375.0002432000006,0.136448,85+
1990,89,Male,7352.57,1371.00431762,0.186466,85+
1990,90,Female,14495.85,2182.0023171,0.150526,85+
1990,90,Male,5741.51,1159.99745587,0.202037,85+
1990,91,Female,11777.93,1942.00398805,0.164885,85+
1990,91,Male,4324.34,976.9981362,0.22593,85+
1990,92,Female,9661.87,1757.0013976300002,0.181849,85+
1990,92,Male,3290.38,784.00213298,0.238271,85+
1990,93,Female,7680.36,1550.0041730399998,0.201814,85+
1990,93,Male,2442.74,672.9992973999999,0.27551,85+
1990,94,Female,6023.66,1344.99894676,0.223286,85+
1990,94,Male,1840.28,505.0004362,0.274415,85+
1990,95,Female,4509.89,1111.0023817200001,0.246348,85+
1990,95,Male,1394.32,458.00065631999996,0.328476,85+
1990,96,Female,3323.18,861.0027061999999,0.25909,85+
1990,96,Male,992.59,317.99903607000005,0.320373,85+
1990,97,Female,2454.54,676.9989500999999,0.275815,85+
1990,97,Male,707.39,250.99894935999998,0.354824,85+
1990,98,Female,1765.51,543.0002556,0.30756,85+
1990,98,Male,481.83,209.99837804999999,0.435835,85+
1990,99,Female,1234.13,433.00191528000005,0.350856,85+
1990,99,Male,333.55,120.99893155000001,0.362761,85+
1990,100,Female,804.61,298.00099187,0.370367,85+
1990,100,Male,218.33,86.99861009000001,0.398473,85+
1991,0,Female,197265.85,1141.97200565,0.005789,0
1991,0,Male,207336.91,1434.97875411,0.006921,0
1991,1,Female,197531.06,81.9753899,4.15e-4,1-4
1991,1,Male,207170.02,110.00728061999999,5.31e-4,1-4
1991,2,Female,190014.06,48.07355718,2.53e-4,1-4
1991,2,Male,199444.43,80.97443858,4.06e-4,1-4
1991,3,Female,185261.49,45.94484952,2.48e-4,1-4
1991,3,Male,194053.81,53.94695917999999,2.78e-4,1-4
1991,4,Female,187249.9,28.087484999999997,1.5e-4,1-4
1991,4,Male,195928.24,53.09655303999999,2.71e-4,1-4
1991,5,Female,188868.59,43.06203852,2.28e-4,5-14
1991,5,Male,198249.2,50.9500444,2.57e-4,5-14
1991,6,Female,189856.3,38.9205415,2.05e-4,5-14
1991,6,Male,199654.79,47.9171496,2.4e-4,5-14
1991,7,Female,188746.2,22.0833054,1.17e-4,5-14
1991,7,Male,198642.84,25.02899784,1.26e-4,5-14
1991,8,Female,187673.91,30.96619515,1.65e-4,5-14
1991,8,Male,197531.4,33.9754008,1.72e-4,5-14
1991,9,Female,188406.33,19.02903933,1.01e-4,5-14
1991,9,Male,197998.01,37.02562787,1.87e-4,5-14
1991,10,Female,188768.89,23.97364903,1.27e-4,5-14
1991,10,Male,198531.93,33.94896003,1.71e-4,5-14
1991,11,Female,186572.34,27.0529893,1.45e-4,5-14
1991,11,Male,196637.15,42.0803501,2.14e-4,5-14
1991,12,Female,184644.19,28.98913783,1.57e-4,5-14
1991,12,Male,194700.3,39.9135615,2.05e-4,5-14
1991,13,Female,182644.4,29.9536816,1.64e-4,5-14
1991,13,Male,192492.85,63.9076262,3.32e-4,5-14
1991,14,Female,183263.58,41.96735982,2.29e-4,5-14
1991,14,Male,193132.64,73.00413792,3.78e-4,5-14
1991,15,Female,186693.77,48.913767740000004,2.62e-4,15-24
1991,15,Male,197279.87,91.93241942,4.66e-4,15-24
1991,16,Female,186124.4,78.9167456,4.24e-4,15-24
1991,16,Male,197005.57,156.02841143999999,7.92e-4,15-24
1991,17,Female,184184.34,67.04309976,3.64e-4,15-24
1991,17,Male,195224.06,171.99239685999999,8.81e-4,15-24
1991,18,Female,187653.55,78.06387679999999,4.16e-4,15-24
1991,18,Male,198550.69,231.90720592,0.001168,15-24
1991,19,Female,192551.39,71.05146291000001,3.69e-4,15-24
1991,19,Male,202432.65,260.93568584999997,0.001289,15-24
1991,20,Female,202687.63,68.91379420000001,3.4e-4,15-24
1991,20,Male,211638.2,288.0395902,0.001361,15-24
1991,21,Female,203024.81,76.94640299,3.79e-4,15-24
1991,21,Male,211123.73,253.98184719000002,0.001203,15-24
1991,22,Female,203197.73,69.08722820000001,3.4e-4,15-24
1991,22,Male,210488.62,233.01090233999997,0.001107,15-24
1991,23,Female,205491.57,68.01770967,3.31e-4,15-24
1991,23,Male,211817.51,241.04832638,0.001138,15-24
1991,24,Female,212803.6,78.09892119999999,3.67e-4,15-24
1991,24,Male,219056.61,240.08604455999998,0.001096,15-24
1991,25,Female,225727.64,93.90269824,4.16e-4,25-34
1991,25,Male,232369.41,257.93004510000003,0.00111,25-34
1991,26,Female,243406.45,88.1131349,3.62e-4,25-34
1991,26,Male,250886.69,288.01792012,0.001148,25-34
1991,27,Female,252321.66,118.08653688,4.68e-4,25-34
1991,27,Male,259274.34,332.90825256,0.001284,25-34
1991,28,Female,258222.88,122.91409088,4.76e-4,25-34
1991,28,Male,264597.71,289.99909016000004,0.001096,25-34
1991,29,Female,258547.99,132.89366686,5.14e-4,25-34
1991,29,Male,264211.5,332.90649,0.00126,25-34
1991,30,Female,261007.98,125.02282242,4.79e-4,25-34
1991,30,Male,265704.22,323.09633152,0.001216,25-34
1991,31,Female,258140.57,141.9773135,5.5e-4,25-34
1991,31,Male,261886.87,331.02500368,0.001264,25-34
1991,32,Female,257043.93,142.91642507999998,5.56e-4,25-34
1991,32,Male,260451.6,339.1079832,0.001302,25-34
1991,33,Female,254542.59,127.01675241,4.99e-4,25-34
1991,33,Male,256966.85,337.91140775,0.001315,25-34
1991,34,Female,250931.01,144.03439974,5.74e-4,25-34
1991,34,Male,252835.95,350.9362986,0.001388,25-34
1991,35,Female,244265.4,178.0694766,7.29e-4,35-44
1991,35,Male,245184.32,392.04972768,0.001599,35-44
1991,36,Female,242842.51,179.94629991000002,7.41e-4,35-44
1991,36,Male,242885.28,339.06785088000004,0.001396,35-44
1991,37,Female,237402.67,175.91537847,7.41e-4,35-44
1991,37,Male,236431.28,338.0967304,0.00143,35-44
1991,38,Female,228060.96,184.95743855999999,8.11e-4,35-44
1991,38,Male,227250.27,402.91472871,0.001773,35-44
1991,39,Female,220756.96,220.09468912,9.97e-4,35-44
1991,39,Male,220788.8,377.1072704,0.001708,35-44
1991,40,Female,217693.53,234.89131887000002,0.001079,35-44
1991,40,Male,218637.64,411.0387632,0.00188,35-44
1991,41,Female,213067.61,261.00782224999995,0.001225,35-44
1991,41,Male,213970.14,388.99771452,0.001818,35-44
1991,42,Female,210707.39,235.99227679999998,0.00112,35-44
1991,42,Male,211910.99,471.07813077000003,0.002223,35-44
1991,43,Female,208679.71,295.07310993999994,0.001414,35-44
1991,43,Male,210502.56,468.99970368,0.002228,35-44
1991,44,Female,207624.28,309.98305003999997,0.001493,35-44
1991,44,Male,210040.58,508.08816302,0.002419,35-44
1991,45,Female,183585.91,273.91017772000004,0.001492,45-54
1991,45,Male,186176.66,541.96025726,0.002911,45-54
1991,46,Female,171635.55,298.9891281,0.001742,45-54
1991,46,Male,174584.93,515.0255434999999,0.00295,45-54
1991,47,Female,165476.32,327.97406623999996,0.001982,45-54
1991,47,Male,168351.7,569.0287460000001,0.00338,45-54
1991,48,Female,160517.81,377.05633568999997,0.002349,45-54
1991,48,Male,163431.12,631.9881410400001,0.003867,45-54
1991,49,Female,151025.43,381.03715989,0.002523,45-54
1991,49,Male,153572.49,645.9258929399999,0.004206,45-54
1991,50,Female,145477.08,363.98365415999996,0.002502,45-54
1991,50,Male,147508.22,637.9730515,0.004325,45-54
1991,51,Female,136181.86,414.9461274199999,0.003047,45-54
1991,51,Male,137838.66,670.03372626,0.004861,45-54
1991,52,Female,133314.94,413.9428887,0.003105,45-54
1991,52,Male,134859.74,729.05175444,0.005406,45-54
1991,53,Female,128344.32,452.02869504,0.003522,45-54
1991,53,Male,129386.79,819.0183807,0.00633,45-54
1991,54,Female,125320.4,497.02070639999994,0.003966,45-54
1991,54,Male,125819.53,855.95026259,0.006803,45-54
1991,55,Female,125315.31,514.0434016199999,0.004102,55-64
1991,55,Male,125000.73,902.00526768,0.007216,55-64
1991,56,Female,123326.51,618.97575369,0.005019,55-64
1991,56,Male,123048.83,1045.05371319,0.008493,55-64
1991,57,Female,121512.44,610.9645483200001,0.005028,55-64
1991,57,Male,121124.45,1074.9794937499998,0.008875,55-64
1991,58,Female,124104.78,710.00344638,0.005721,55-64
1991,58,Male,123470.58,1291.99614912,0.010464,55-64
1991,59,Female,125066.36,821.0606534,0.006565,55-64
1991,59,Male,123499.1,1450.9909259,0.011749,55-64
1991,60,Female,125097.04,833.02118936,0.006659,55-64
1991,60,Male,122325.44,1501.0554742400002,0.012271,55-64
1991,61,Female,124439.51,946.9846710999999,0.00761,55-64
1991,61,Male,119991.4,1706.9976564,0.014226,55-64
1991,62,Female,121510.35,988.9727386500001,0.008139,55-64
1991,62,Male,115404.8,1823.0496256,0.015797,55-64
1991,63,Female,120882.31,1083.9516737699998,0.008967,55-64
1991,63,Male,112554.55,1953.0465516,0.017352,55-64
1991,64,Female,119945.26,1178.9419605399999,0.009829,55-64
1991,64,Male,109184.58,2089.02856914,0.019133,55-64
1991,65,Female,120738.21,1302.0408566400001,0.010784,65-74
1991,65,Male,107076.35,2275.05120845,0.021247,65-74
1991,66,Female,119828.77,1425.962363,0.0119,65-74
1991,66,Male,103623.74,2349.0465620600003,0.022669,65-74
1991,67,Female,116808.45,1577.0308834500001,0.013501,65-74
1991,67,Male,98839.73,2527.0353769099997,0.025567,65-74
1991,68,Female,115295.62,1639.0425339199999,0.014216,65-74
1991,68,Male,95586.86,2538.97817532,0.026562,65-74
1991,69,Female,114225.78,1819.0455465000002,0.015925,65-74
1991,69,Male,93095.87,2862.9772901099996,0.030753,65-74
1991,70,Female,110150.96,1916.95715688,0.017403,65-74
1991,70,Male,88315.67,2857.0119244999996,0.03235,65-74
1991,71,Female,101613.14,1936.03515642,0.019053,65-74
1991,71,Male,79951.63,2827.9691047300003,0.035371,65-74
1991,72,Female,91991.57,1833.0240238200001,0.019926,65-74
1991,72,Male,70986.91,2660.02149152,0.037472,65-74
1991,73,Female,85481.69,1971.97710661,0.023069,65-74
1991,73,Male,64741.19,2781.0225576400003,0.042956,65-74
1991,74,Female,82453.05,2099.00729385,0.025457,65-74
1991,74,Male,61368.42,3017.97615876,0.049178,65-74
1991,75,Female,80866.96,2289.0201697600005,0.028306,75-84
1991,75,Male,58923.66,3151.0016421600003,0.053476,75-84
1991,76,Female,78859.7,2573.9806080000003,0.03264,75-84
1991,76,Male,56136.08,3249.9983516,0.057895,75-84
1991,77,Female,74786.22,2609.96429178,0.034899,75-84
1991,77,Male,51961.13,3357.00076478,0.064606,75-84
1991,78,Female,68820.74,2691.02857548,0.039102,75-84
1991,78,Male,46590.47,3216.0003726900004,0.069027,75-84
1991,79,Female,63326.59,2785.99000046,0.043994,75-84
1991,79,Male,41500.96,3120.0006718399995,0.075179,75-84
1991,80,Female,56054.54,2825.9896341000003,0.050415,75-84
1991,80,Male,35417.35,3027.01465245,0.085467,75-84
1991,81,Female,51528.58,2783.00707722,0.054009,75-84
1991,81,Male,31381.03,2907.01309508,0.092636,75-84
1991,82,Female,46792.46,2836.9800573400003,0.060629,75-84
1991,82,Male,27286.85,2803.996706,0.10276,75-84
1991,83,Female,42340.54,2933.01388688,0.069272,75-84
1991,83,Male,23646.59,2750.00383064,0.116296,75-84
1991,84,Female,37434.66,2885.98767804,0.077094,75-84
1991,84,Male,19808.1,2516.9954588999994,0.127069,75-84
1991,85,Female,33270.89,2889.01119137,0.086833,85+
1991,85,Male,16758.89,2273.99702521,0.135689,85+
1991,86,Female,29294.89,2851.00798969,0.097321,85+
1991,86,Male,14360.5,2124.9949874999998,0.147975,85+
1991,87,Female,25406.76,2739.0011685599998,0.107806,85+
1991,87,Male,11917.43,1938.00054917,0.162619,85+
1991,88,Female,21711.23,2569.00300098,0.118326,85+
1991,88,Male,9763.62,1686.0014288400002,0.172682,85+
1991,89,Female,17972.61,2335.0014912,0.12992,85+
1991,89,Male,7693.69,1508.00170845,0.196005,85+
1991,90,Female,15105.23,2318.00328011,0.153457,85+
1991,90,Male,6021.4,1308.9981673999998,0.217391,85+
1991,91,Female,12345.18,2103.001413,0.17035,85+
1991,91,Male,4610.18,1056.9990195,0.229275,85+
1991,92,Female,9886.76,1837.9981177999998,0.185905,85+
1991,92,Male,3413.84,842.99999424,0.246936,85+
1991,93,Female,7938.7,1654.9966663999999,0.208472,85+
1991,93,Male,2555.38,700.00035416,0.273932,85+
1991,94,Female,6223.19,1353.00240747,0.217413,85+
1991,94,Male,1858.41,510.99956406,0.274966,85+
1991,95,Female,4791.66,1153.00277082,0.240627,85+
1991,95,Male,1370.11,419.99899983999995,0.306544,85+
1991,96,Female,3493.89,949.99917267,0.271903,85+
1991,96,Male,1008.65,377.99864805,0.374757,85+
1991,97,Female,2537.68,712.0019529599999,0.280572,85+
1991,97,Male,698.93,253.00147711999998,0.361984,85+
1991,98,Female,1817.04,593.0000892,0.326355,85+
1991,98,Male,483.56,171.9998742,0.355695,85+
1991,99,Female,1283.34,452.9997699,0.352985,85+
1991,99,Male,327.33,129.99878217,0.397149,85+
1991,100,Female,866.96,297.00055592,0.342577,85+
1991,100,Male,218.89,97.00154128,0.443152,85+
1992,0,Female,196199.69,1042.99755204,0.005316,0
1992,0,Male,206461.35,1389.0719628,0.006728,0
1992,1,Female,198565.74,88.95745151999999,4.48e-4,1-4
1992,1,Male,208296.41,81.02730349000001,3.89e-4,1-4
1992,2,Female,198435.35,56.95094545,2.87e-4,1-4
1992,2,Male,208552.11,75.0787596,3.6e-4,1-4
1992,3,Female,191747.54,40.07523586000001,2.09e-4,1-4
1992,3,Male,200836.21,72.10019939,3.59e-4,1-4
1992,4,Female,186807.36,28.9551408,1.55e-4,1-4
1992,4,Male,195429.44,41.0401824,2.1e-4,1-4
1992,5,Female,188213.89,44.983119710000004,2.39e-4,5-14
1992,5,Male,196902.28,48.04415632,2.44e-4,5-14
1992,6,Female,190903.9,46.962359400000004,2.46e-4,5-14
1992,6,Male,200269.44,54.0727488,2.7e-4,5-14
1992,7,Female,191285.37,26.01481032,1.36e-4,5-14
1992,7,Male,201203.88,38.02753332,1.89e-4,5-14
1992,8,Female,189985.96,22.98830116,1.21e-4,5-14
1992,8,Male,199967.03,39.993406,2e-4,5-14
1992,9,Female,189319.69,31.995027609999998,1.69e-4,5-14
1992,9,Male,199046.81,38.01794071,1.91e-4,5-14
1992,10,Female,189605.09,21.99419044,1.16e-4,5-14
1992,10,Male,199639.5,35.93511,1.8e-4,5-14
1992,11,Female,190451.14,23.99684364,1.26e-4,5-14
1992,11,Male,200439.9,35.0769825,1.75e-4,5-14
1992,12,Female,188678.56,30.94328384,1.64e-4,5-14
1992,12,Male,198834.17,53.08872339,2.67e-4,5-14
1992,13,Female,186540.7,33.9504074,1.82e-4,5-14
1992,13,Male,196992.13,47.08111907,2.39e-4,5-14
1992,14,Female,184298.79,30.962196719999998,1.68e-4,5-14
1992,14,Male,194796.18,66.03590502,3.39e-4,5-14
1992,15,Female,185016.99,49.029502349999994,2.65e-4,15-24
1992,15,Male,195606.66,82.93722384,4.24e-4,15-24
1992,16,Female,188660.6,73.9549552,3.92e-4,15-24
1992,16,Male,199486.32,142.03425984,7.12e-4,15-24
1992,17,Female,187857.13,71.94928079,3.83e-4,15-24
1992,17,Male,198997.41,139.09918959,6.99e-4,15-24
1992,18,Female,186270.09,65.00826141,3.49e-4,15-24
1992,18,Male,196604.3,208.99037089999996,0.001063,15-24
1992,19,Female,189712,62.984384,3.32e-4,15-24
1992,19,Male,199749.42,257.07750354,0.001287,15-24
1992,20,Female,193787.3,79.06521839999999,4.08e-4,15-24
1992,20,Male,202719.92,225.01911120000003,0.00111,15-24
1992,21,Female,204060.21,85.09310757,4.17e-4,15-24
1992,21,Male,212107.97,226.9555279,0.00107,15-24
1992,22,Female,204571.92,76.91904192,3.76e-4,15-24
1992,22,Male,212144.4,226.994508,0.00107,15-24
1992,23,Female,205092.37,73.01288371999999,3.56e-4,15-24
1992,23,Male,211624.75,228.9779795,0.001082,15-24
1992,24,Female,206812.23,81.07039416,3.92e-4,15-24
1992,24,Male,212691.76,235.02439480000004,0.001105,15-24
1992,25,Female,214241.16,80.98315848,3.78e-4,25-34
1992,25,Male,219944.5,250.95667450000002,0.001141,25-34
1992,26,Female,226842.39,88.01484732,3.88e-4,25-34
1992,26,Male,233186.48,260.00292520000005,0.001115,25-34
1992,27,Female,244909.05,105.06598244999999,4.29e-4,25-34
1992,27,Male,251304.51,298.04714886,0.001186,25-34
1992,28,Female,253572.75,113.0934465,4.46e-4,25-34
1992,28,Male,259985.37,309.12260492999997,0.001189,25-34
1992,29,Female,259502.14,108.99089880000001,4.2e-4,25-34
1992,29,Male,265656.51,342.96255441000005,0.001291,25-34
1992,30,Female,259636.65,126.96232184999998,4.89e-4,25-34
1992,30,Male,264796.84,337.08637732000005,0.001273,25-34
1992,31,Female,261766.52,106.01544059999999,4.05e-4,25-34
1992,31,Male,266320.78,341.95588152000005,0.001284,25-34
1992,32,Female,258851.16,140.03847756000002,5.41e-4,25-34
1992,32,Male,262655.57,336.98709631,0.001283,25-34
1992,33,Female,258509.83,122.01663975999999,4.72e-4,25-34
1992,33,Male,260806.14,385.9930872,0.00148,25-34
1992,34,Female,254982.85,139.98558465,5.49e-4,25-34
1992,34,Male,257252.01,369.92839038,0.001438,25-34
1992,35,Female,251882,189.919028,7.54e-4,35-44
1992,35,Male,253252.04,404.95001196,0.001599,35-44
1992,36,Female,244707.11,177.90206897,7.27e-4,35-44
1992,36,Male,245221.16,418.10207779999996,0.001705,35-44
1992,37,Female,243601.86,188.06063591999998,7.72e-4,35-44
1992,37,Male,243246.87,397.95187932,0.001636,35-44
1992,38,Female,237720.65,199.92306664999998,8.41e-4,35-44
1992,38,Male,236805.18,414.88267536,0.001752,35-44
1992,39,Female,228831.32,224.02586228,9.79e-4,35-44
1992,39,Male,227533.97,407.05827233,0.001789,35-44
1992,40,Female,221177.91,209.89783659,9.49e-4,35-44
1992,40,Male,220837.84,452.05505848,0.002047,35-44
1992,41,Female,218345.01,236.03095581,0.001081,35-44
1992,41,Male,218500.36,435.03421676,0.001991,35-44
1992,42,Female,213360.08,262.00617823999994,0.001228,35-44
1992,42,Male,213953.69,433.89808331999996,0.002028,35-44
1992,43,Female,211084.54,253.93470162000003,0.001203,35-44
1992,43,Male,211742.61,528.93303978,0.002498,35-44
1992,44,Female,208533.63,276.93266064,0.001328,35-44
1992,44,Male,209849.59,523.99442623,0.002497,35-44
1992,45,Female,208440.12,348.92876087999997,0.001674,45-54
1992,45,Male,210275.76,558.91297008,0.002658,45-54
1992,46,Female,183728.03,325.01488507,0.001769,45-54
1992,46,Male,185759.11,531.0852954899999,0.002859,45-54
1992,47,Female,171358.5,382.9862475,0.002235,45-54
1992,47,Male,173598.7,535.0311934,0.003082,45-54
1992,48,Female,165272.31,395.99245476,0.002396,45-54
1992,48,Male,167540.84,607.00046332,0.003623,45-54
1992,49,Female,160775.08,395.02437155999996,0.002457,45-54
1992,49,Male,162982.26,650.9511464400001,0.003994,45-54
1992,50,Female,151005.18,433.98888731999995,0.002874,45-54
1992,50,Male,152848.13,648.99315998,0.004246,45-54
1992,51,Female,145741.81,407.05687532999997,0.002793,45-54
1992,51,Male,146926.95,698.04993945,0.004751,45-54
1992,52,Female,136145.89,452.00435480000004,0.00332,45-54
1992,52,Male,137215.92,730.9492058400001,0.005327,45-54
1992,53,Female,133548.81,500.94158631,0.003751,45-54
1992,53,Male,134300.44,825.0076029200001,0.006143,45-54
1992,54,Female,128576.62,483.96239768,0.003764,45-54
1992,54,Male,128942.48,831.93688096,0.006452,45-54
1992,55,Female,125664.37,525.02573786,0.004178,55-64
1992,55,Male,125244.91,926.93757891,0.007401,55-64
1992,56,Female,125231.29,601.9868110299999,0.004807,55-64
1992,56,Male,124484.71,1056.99967261,0.008491,55-64
1992,57,Female,123321.23,634.98101327,0.005149,55-64
1992,57,Male,122433.73,1190.0558555999999,0.00972,55-64
1992,58,Female,121266.05,710.98285115,0.005863,55-64
1992,58,Male,120318.65,1208.9617951999999,0.010048,55-64
1992,59,Female,124094.21,719.00185274,0.005794,55-64
1992,59,Male,122584.09,1355.04453086,0.011054,55-64
1992,60,Female,124708.4,878.9448031999999,0.007048,55-64
1992,60,Male,122545.7,1533.046707,0.01251,55-64
1992,61,Female,124664.91,930.99754788,0.007468,55-64
1992,61,Male,121049.4,1692.0285132000001,0.013978,55-64
1992,62,Female,124003.59,1006.04112567,0.008113,55-64
1992,62,Male,118751.87,1855.97297623,0.015629,55-64
1992,63,Female,120999.66,1035.99908892,0.008562,55-64
1992,63,Male,113821.74,1841.97721842,0.016183,55-64
1992,64,Female,120234.47,1202.94587235,0.010005,55-64
1992,64,Male,110957.45,2068.0249531,0.018638,55-64
1992,65,Female,119020.46,1192.94207058,0.010023,65-74
1992,65,Male,107363.72,2075.98488992,0.019336,65-74
1992,66,Female,119635.58,1365.99905244,0.011418,65-74
1992,66,Male,104884.29,2350.03740174,0.022406,65-74
1992,67,Female,118536.92,1519.99892516,0.012823,65-74
1992,67,Male,101357.76,2451.0333523199997,0.024182,65-74
1992,68,Female,115547.63,1590.05093643,0.013761,65-74
1992,68,Male,96517.21,2482.0365723600003,0.025716,65-74
1992,69,Female,113575.71,1662.9755458200002,0.014642,65-74
1992,69,Male,93005.95,2699.032669,0.02902,65-74
1992,70,Female,112453.72,1803.98257624,0.016042,65-74
1992,70,Male,90296.46,2873.9557288800006,0.031828,65-74
1992,71,Female,107967.86,2027.9603143800002,0.018783,65-74
1992,71,Male,85220.15,3004.0102874999993,0.03525,65-74
1992,72,Female,99673.89,2084.97843102,0.020918,65-74
1992,72,Male,77117.33,3021.99681071,0.039187,65-74
1992,73,Female,89938.6,1928.0137682000002,0.021437,65-74
1992,73,Male,68054.66,2783.9800312800003,0.040908,65-74
1992,74,Female,83235.69,2013.97075524,0.024196,65-74
1992,74,Male,61766.44,2894.00477976,0.046854,65-74
1992,75,Female,80189.89,2323.98320209,0.028981,75-84
1992,75,Male,58315.71,3000.9847523099997,0.051461,75-84
1992,76,Female,78299.96,2338.97640512,0.029872,75-84
1992,76,Male,55625.79,3106.97850045,0.055855,75-84
1992,77,Female,76129.45,2617.0259731999995,0.034376,75-84
1992,77,Male,52816.18,3218.98772246,0.060947,75-84
1992,78,Female,71912.04,2729.9967745199997,0.037963,75-84
1992,78,Male,48515.95,3283.99613955,0.067689,75-84
1992,79,Female,65963.71,2904.9758246900005,0.044039,75-84
1992,79,Male,43339.01,3314.00407767,0.076467,75-84
1992,80,Female,58440.45,2841.0240363,0.048614,75-84
1992,80,Male,36935.46,3164.00230998,0.085663,75-84
1992,81,Female,53176.88,3005.0254888,0.05651,75-84
1992,81,Male,32391.52,2976.00329152,0.091876,75-84
1992,82,Female,48674.24,2940.9949292799997,0.060422,75-84
1992,82,Male,28485.86,2889.00743534,0.101419,75-84
1992,83,Female,43854.96,2881.00774224,0.065694,75-84
1992,83,Male,24466.19,2754.01221116,0.112564,75-84
1992,84,Female,39406.37,2952.9951486900004,0.074937,75-84
1992,84,Male,20995.76,2518.0005010399996,0.119929,75-84
1992,85,Female,34545.16,2936.9949580400003,0.085019,85+
1992,85,Male,17414.1,2340.9948771,0.134431,85+
1992,86,Female,30365.39,2860.99668041,0.094219,85+
1992,86,Male,14568.89,2122.00253517,0.145653,85+
1992,87,Female,26460.22,2798.98853182,0.105781,85+
1992,87,Male,12265.17,1980.99666738,0.161514,85+
1992,88,Female,22691.59,2665.98952592,0.117488,85+
1992,88,Male,10090.6,1789.0028364000002,0.177294,85+
1992,89,Female,19174.72,2552.99891968,0.133144,85+
1992,89,Male,8121.12,1580.0045016,0.194555,85+
1992,90,Female,15651.28,2207.00264408,0.141011,85+
1992,90,Male,6289.69,1311.00411453,0.208437,85+
1992,91,Female,12897.9,2110.999293,0.16367,85+
1992,91,Male,4828.9,1086.0002944,0.224896,85+
1992,92,Female,10368.02,1875.99990682,0.180941,85+
1992,92,Male,3612.34,912.0002551200001,0.252468,85+
1992,93,Female,8153.09,1574.00294304,0.193056,85+
1992,93,Male,2660.17,659.99881768,0.248104,85+
1992,94,Female,6442.37,1380.9993179399999,0.214362,85+
1992,94,Male,1931.21,533.00044153,0.275993,85+
1992,95,Female,4972.85,1158.99728525,0.233065,85+
1992,95,Male,1386.08,405.00148736,0.292192,85+
1992,96,Female,3731.82,992.9999838,0.26609,85+
1992,96,Male,983.28,360.00044016,0.366122,85+
1992,97,Female,2629.22,778.9984477,0.296285,85+
1992,97,Male,687.65,277.99832845,0.404273,85+
1992,98,Female,1863.18,616.0008452400001,0.330618,85+
1992,98,Male,481.93,178.00132743,0.369351,85+
1992,99,Female,1290.04,451.99905504000003,0.350376,85+
1992,99,Male,332.39,135.99869806,0.409154,85+
1992,100,Female,897.34,332.99928464,0.371096,85+
1992,100,Male,209.83,90.99865474,0.433678,85+
1993,0,Female,191144.07,1067.92191909,0.005587,0
1993,0,Male,201602.47,1378.9608948,0.00684,0
1993,1,Female,197371.6,72.040634,3.65e-4,1-4
1993,1,Male,207258.46,113.992153,5.5e-4,1-4
1993,2,Female,199179.26,51.985786860000005,2.61e-4,1-4
1993,2,Male,209237.89,65.90993535000001,3.15e-4,1-4
1993,3,Female,199747.06,38.950676699999995,1.95e-4,1-4
1993,3,Male,209461.17,72.05464248000001,3.44e-4,1-4
1993,4,Female,193199.14,38.06023058,1.97e-4,1-4
1993,4,Male,202359.89,54.030090630000004,2.67e-4,1-4
1993,5,Female,187929.02,46.042609899999995,2.45e-4,5-14
1993,5,Male,196737.16,37.97027188,1.93e-4,5-14
1993,6,Female,189813.41,29.041451730000002,1.53e-4,5-14
1993,6,Male,198731.93,25.040223179999998,1.26e-4,5-14
1993,7,Female,192074.34,29.00322534,1.51e-4,5-14
1993,7,Male,201735.17,37.92621196,1.88e-4,5-14
1993,8,Female,192423.76,24.052970000000002,1.25e-4,5-14
1993,8,Male,202793.37,44.006161289999994,2.17e-4,5-14
1993,9,Female,191606.69,18.01102886,9.4e-5,5-14
1993,9,Male,201763.76,25.018706240000004,1.24e-4,5-14
1993,10,Female,190629.55,20.9692505,1.1e-4,5-14
1993,10,Male,200844.18,27.91734102,1.39e-4,5-14
1993,11,Female,191182.31,20.07414255,1.05e-4,5-14
1993,11,Male,201256.94,31.999853459999997,1.59e-4,5-14
1993,12,Female,192310.06,33.07733032,1.72e-4,5-14
1993,12,Male,202312.51,48.959627420000004,2.42e-4,5-14
1993,13,Female,190397.02,31.034714259999998,1.63e-4,5-14
1993,13,Male,200913.89,39.981864110000004,1.99e-4,5-14
1993,14,Female,188285.11,41.98757953,2.23e-4,5-14
1993,14,Male,199281.01,69.94763451,3.51e-4,5-14
1993,15,Female,185951.01,47.04560553000001,2.53e-4,15-24
1993,15,Male,197088.08,91.05469296,4.62e-4,15-24
1993,16,Female,187078.1,67.9093503,3.63e-4,15-24
1993,16,Male,197790.99,109.97179043999999,5.56e-4,15-24
1993,17,Female,190195.14,74.93688516,3.94e-4,15-24
1993,17,Male,201236.2,192.9855158,9.59e-4,15-24
1993,18,Female,189969.47,78.07745217,4.11e-4,15-24
1993,18,Male,200302.52,206.91250316,0.001033,15-24
1993,19,Female,187989.27,78.01554705,4.15e-4,15-24
1993,19,Male,197564.17,240.04046655,0.001215,15-24
1993,20,Female,191068.47,72.03281319,3.77e-4,15-24
1993,20,Male,200082.1,203.0833315,0.001015,15-24
1993,21,Female,195097.88,69.06464952,3.54e-4,15-24
1993,21,Male,203000.53,206.04553795,0.001015,15-24
1993,22,Female,205559.08,92.91270415999999,4.52e-4,15-24
1993,22,Male,212768.46,228.08778912,0.001072,15-24
1993,23,Female,206438.15,69.98253285,3.39e-4,15-24
1993,23,Male,213028.78,218.99358584,0.001028,15-24
1993,24,Female,206584.82,78.91540124000001,3.82e-4,15-24
1993,24,Male,212594.66,227.05109688,0.001068,15-24
1993,25,Female,208524.49,75.0688164,3.6e-4,25-34
1993,25,Male,213543.68,231.05426176,0.001082,25-34
1993,26,Female,215926.54,77.08577478000001,3.57e-4,25-34
1993,26,Male,220994.1,245.9664333,0.001113,25-34
1993,27,Female,228726.02,93.09149014,4.07e-4,25-34
1993,27,Male,234008.64,248.0491584,0.00106,25-34
1993,28,Female,246701.29,93.00638633,3.77e-4,25-34
1993,28,Male,252561,283.878564,0.001124,25-34
1993,29,Female,255050.83,128.03551665999998,5.02e-4,25-34
1993,29,Male,261322.25,364.02189425,0.001393,25-34
1993,30,Female,261065.47,122.96183637,4.71e-4,25-34
1993,30,Male,266713.93,349.12853437,0.001309,25-34
1993,31,Female,260494.75,139.88568075,5.37e-4,25-34
1993,31,Male,265642.32,328.0682652,0.001235,25-34
1993,32,Female,262575.78,162.00925626000003,6.17e-4,25-34
1993,32,Male,266928.8,368.89560159999996,0.001382,25-34
1993,33,Female,260413.05,152.0812212,5.84e-4,25-34
1993,33,Male,263008.23,410.02983057,0.001559,25-34
1993,34,Female,259123.06,147.95926726,5.71e-4,25-34
1993,34,Male,261227.15,404.11840105,0.001547,25-34
1993,35,Female,255945.57,167.90029392,6.56e-4,35-44
1993,35,Male,257626.3,424.05288979999995,0.001646,35-44
1993,36,Female,252510.14,215.8961697,8.55e-4,35-44
1993,36,Male,253418.6,468.06415419999996,0.001847,35-44
1993,37,Female,245631.59,192.08390338,7.82e-4,35-44
1993,37,Male,245635.83,437.96868489,0.001783,35-44
1993,38,Female,244147.92,229.01074896000003,9.38e-4,35-44
1993,38,Male,243739.04,454.08583152000006,0.001863,35-44
1993,39,Female,238651.51,222.90051034,9.34e-4,35-44
1993,39,Male,237028.3,446.0872606,0.001882,35-44
1993,40,Female,229397.23,244.99624164,0.001068,35-44
1993,40,Male,227648.25,445.05232875,0.001955,35-44
1993,41,Female,221631.84,240.02728272,0.001083,35-44
1993,41,Male,220572.94,530.03677482,0.002403,35-44
1993,42,Female,218356.32,286.92020448,0.001314,35-44
1993,42,Male,218326.22,494.07223586,0.002263,35-44
1993,43,Female,213532.31,291.89866777,0.001367,35-44
1993,43,Male,213626.4,503.09017199999994,0.002355,35-44
1993,44,Female,211217.17,283.03100780000005,0.00134,35-44
1993,44,Male,211439.6,526.9074832,0.002492,35-44
1993,45,Female,209028.08,332.98173144,0.001593,45-54
1993,45,Male,209786.82,546.91423974,0.002607,45-54
1993,46,Female,208913.08,395.05463428,0.001891,45-54
1993,46,Male,210122.13,650.95835874,0.003098,45-54
1993,47,Female,183712.7,354.0143729,0.001927,45-54
1993,47,Male,184970.62,637.03881528,0.003444,45-54
1993,48,Female,171189.48,331.93640172,0.001939,45-54
1993,48,Male,172759.43,613.98701422,0.003554,45-54
1993,49,Female,165367.76,399.03240488000006,0.002413,45-54
1993,49,Male,166849.23,721.9566182100001,0.004327,45-54
1993,50,Female,160870.74,435.9597054,0.00271,45-54
1993,50,Male,162263.38,663.98175096,0.004092,45-54
1993,51,Female,151211.15,425.05454265000003,0.002811,45-54
1993,51,Male,152098.55,736.00488345,0.004839,45-54
1993,52,Female,145625.06,464.98081658,0.003193,45-54
1993,52,Male,146145.71,785.97162838,0.005378,45-54
1993,53,Female,136337.13,457.95641967,0.003359,45-54
1993,53,Male,136474.35,802.0597549500001,0.005877,45-54
1993,54,Female,133764.39,495.06200739,0.003701,45-54
1993,54,Male,133686.96,889.95409272,0.006657,45-54
1993,55,Female,129022.66,531.96042718,0.004123,55-64
1993,55,Male,128417.07,938.98561584,0.007312,55-64
1993,56,Female,125721.27,577.0606293000001,0.00459,55-64
1993,56,Male,124637,1021.026304,0.008192,55-64
1993,57,Female,125304.97,627.02606988,0.005004,55-64
1993,57,Male,123781.34,1117.00281216,0.009024,55-64
1993,58,Female,123372.43,664.9773977,0.00539,55-64
1993,58,Male,121763.85,1169.05472385,0.009601,55-64
1993,59,Female,121298.62,756.0542984599999,0.006233,55-64
1993,59,Male,119479.51,1352.0301351599999,0.011316,55-64
1993,60,Female,123876.37,881.00874344,0.007112,55-64
1993,60,Male,121709.04,1405.98283008,0.011552,55-64
1993,61,Female,124447.13,915.05974689,0.007353,55-64
1993,61,Male,121478.25,1629.9951585,0.013418,55-64
1993,62,Female,124297.92,975.98726784,0.007852,55-64
1993,62,Male,119805.51,1756.94780415,0.014665,55-64
1993,63,Female,123640.21,1155.04684182,0.009342,55-64
1993,63,Male,117255.38,1901.99951898,0.016221,55-64
1993,64,Female,120381.56,1199.0003376,0.00996,55-64
1993,64,Male,112222.43,2028.9815343999996,0.01808,55-64
1993,65,Female,119345.26,1289.04815326,0.010801,65-74
1993,65,Male,109116.89,2255.00964874,0.020666,65-74
1993,66,Female,117930.61,1401.0156468,0.01188,65-74
1993,66,Male,105181.41,2305.99723284,0.021924,65-74
1993,67,Female,118384.12,1471.98814808,0.012434,65-74
1993,67,Male,102539.54,2536.00790328,0.024732,65-74
1993,68,Female,117153.13,1604.997881,0.0137,65-74
1993,68,Male,98875.99,2673.01351366,0.027034,65-74
1993,69,Female,113848.41,1840.01800242,0.016162,65-74
1993,69,Male,93871.84,2694.0279361599996,0.028699,65-74
1993,70,Female,111784.3,1891.0550031000002,0.016917,65-74
1993,70,Male,90124.7,2798.0114362,0.031046,65-74
1993,71,Female,110310.59,2065.0142448,0.01872,65-74
1993,71,Male,87214.45,3154.0233698,0.036164,65-74
1993,72,Female,105796.83,2154.9756302700002,0.020369,65-74
1993,72,Male,82032.96,3180.0076944,0.038765,65-74
1993,73,Female,97355.15,2402.04361595,0.024673,65-74
1993,73,Male,73931.82,3190.97128302,0.043161,65-74
1993,74,Female,87559.84,2127.9667915200002,0.024303,65-74
1993,74,Male,64848.08,3071.98324576,0.047372,65-74
1993,75,Female,80845.01,2195.02286651,0.027151,75-84
1993,75,Male,58619.11,3015.01530374,0.051434,75-84
1993,76,Female,77619.94,2468.0036122399997,0.031796,75-84
1993,76,Male,55079.33,3169.98067949,0.057553,75-84
1993,77,Female,75547.29,2655.03395976,0.035144,75-84
1993,77,Male,52279.5,3205.988058,0.061324,75-84
1993,78,Female,73280.9,2928.9642920999995,0.039969,75-84
1993,78,Male,49379.55,3417.01548045,0.069199,75-84
1993,79,Female,68876.05,3103.0038046000004,0.045052,75-84
1993,79,Male,45127,3376.9887909999998,0.074833,75-84
1993,80,Female,61624.43,3155.97193359,0.051213,75-84
1993,80,Male,38793.8,3252.0066664,0.083828,75-84
1993,81,Female,55409.45,2994.9915914,0.054052,75-84
1993,81,Male,33777.96,3181.00560504,0.094174,75-84
1993,82,Female,50179.38,3203.00000478,0.063831,75-84
1993,82,Male,29373.69,3118.9865252699997,0.106183,75-84
1993,83,Female,45619.91,3168.98704815,0.069465,75-84
1993,83,Male,25522.69,3029.00732651,0.118679,75-84
1993,84,Female,40804.29,3178.9806253200004,0.077908,75-84
1993,84,Male,21718.69,2652.0040798299997,0.122107,75-84
1993,85,Female,36346.54,3207.0006103600003,0.088234,85+
1993,85,Male,18491.76,2529.0070646399995,0.136764,85+
1993,86,Female,31557.66,3049.98472368,0.096648,85+
1993,86,Male,15156.77,2281.00294438,0.150494,85+
1993,87,Female,27418.06,2979.9866872200005,0.108687,85+
1993,87,Male,12425.39,2098.99628192,0.168928,85+
1993,88,Female,23577.89,2843.9886696900003,0.120621,85+
1993,88,Male,10282.67,1867.00382656,0.181568,85+
1993,89,Female,20003.26,2697.99970228,0.134878,85+
1993,89,Male,8377.26,1624.9957630200001,0.193977,85+
1993,90,Female,16646.22,2480.00379426,0.148983,85+
1993,90,Male,6659.45,1265.0024842,0.189956,85+
1993,91,Female,13448.94,2153.99567934,0.160161,85+
1993,91,Male,5090.85,1186.99785855,0.233163,85+
1993,92,Female,10878.9,1949.9993094,0.179246,85+
1993,92,Male,3800.9,902.9988175000001,0.237575,85+
1993,93,Female,8531.35,1838.00257535,0.215441,85+
1993,93,Male,2815.51,797.9999993000001,0.28343,85+
1993,94,Female,6559.93,1510.00404698,0.230186,85+
1993,94,Male,2021.34,561.00068226,0.277539,85+
1993,95,Female,5118.7,1242.9995145,0.242835,85+
1993,95,Male,1430.04,456.99931283999996,0.319571,85+
1993,96,Female,3874.69,1065.0011680900002,0.274861,85+
1993,96,Male,997.24,344.99916695999997,0.345954,85+
1993,97,Female,2794.99,832.00144324,0.297676,85+
1993,97,Male,675.11,263.99838995,0.391045,85+
1993,98,Female,1929.89,611.00124411,0.316599,85+
1993,98,Male,460.32,196.99992816,0.427963,85+
1993,99,Female,1323.01,468.00023439,0.353739,85+
1993,99,Male,314.76,131.99995692,0.419367,85+
1993,100,Female,900.21,329.00064891,0.365471,85+
1993,100,Male,210.89,108.99828561,0.516849,85+
1994,0,Female,187636.73,1043.07258207,0.005559,0
1994,0,Male,198101.92,1375.02542672,0.006941,0
1994,1,Female,192234.07,87.08203371,4.53e-4,1-4
1994,1,Male,202347.8,99.95981319999999,4.94e-4,1-4
1994,2,Female,198033.02,48.91415593999999,2.47e-4,1-4
1994,2,Male,207871.91,71.09219322,3.42e-4,1-4
1994,3,Female,200044.84,43.0096406,2.15e-4,1-4
1994,3,Male,209862.22,66.94604818,3.19e-4,1-4
1994,4,Female,200712.96,45.96326784,2.29e-4,1-4
1994,4,Male,210467.4,54.0901218,2.57e-4,1-4
1994,5,Female,194079.83,37.06924753,1.91e-4,5-14
1994,5,Male,203542.73,40.09791781,1.97e-4,5-14
1994,6,Female,189054.66,20.98506726,1.11e-4,5-14
1994,6,Male,198089.3,34.0713596,1.72e-4,5-14
1994,7,Female,190742.49,20.9816739,1.1e-4,5-14
1994,7,Male,199925.43,38.98545885,1.95e-4,5-14
1994,8,Female,193113.26,27.0358564,1.4e-4,5-14
1994,8,Male,203161.23,27.020443590000003,1.33e-4,5-14
1994,9,Female,193727.55,26.928129449999997,1.39e-4,5-14
1994,9,Male,204361.21,44.9594662,2.2e-4,5-14
1994,10,Female,192919.09,27.973268049999998,1.45e-4,5-14
1994,10,Male,203345.51,30.09513548,1.48e-4,5-14
1994,11,Female,192161.93,27.09483213,1.41e-4,5-14
1994,11,Male,202370.1,36.0218778,1.78e-4,5-14
1994,12,Female,192784.68,26.0259318,1.35e-4,5-14
1994,12,Male,202785.32,40.962634640000005,2.02e-4,5-14
1994,13,Female,193911.14,42.07871738,2.17e-4,5-14
1994,13,Male,204193.86,63.09590273999999,3.09e-4,5-14
1994,14,Female,192239.82,39.02468346,2.03e-4,5-14
1994,14,Male,203056.34,75.94307116,3.74e-4,5-14
1994,15,Female,190105.84,57.031752,3e-4,15-24
1994,15,Male,201643.94,85.90031844,4.26e-4,15-24
1994,16,Female,188089.7,59.0601658,3.14e-4,15-24
1994,16,Male,199417.82,137.99713144,6.92e-4,15-24
1994,17,Female,189034.02,58.97861424,3.12e-4,15-24
1994,17,Male,199993.12,177.99387679999998,8.9e-4,15-24
1994,18,Female,192524.78,62.955603059999994,3.27e-4,15-24
1994,18,Male,203228.55,205.05760694999998,0.001009,15-24
1994,19,Female,191899.16,58.91304212,3.07e-4,15-24
1994,19,Male,201847.49,237.97819070999998,0.001179,15-24
1994,20,Female,189647.57,81.92775024,4.32e-4,15-24
1994,20,Male,198318.31,205.06113254,0.001034,15-24
1994,21,Female,192606.63,62.982368009999995,3.27e-4,15-24
1994,21,Male,200516.23,219.96630431000003,0.001097,15-24
1994,22,Female,196603.52,68.02481792,3.46e-4,15-24
1994,22,Male,203506.32,218.97280032,0.001076,15-24
1994,23,Female,207273.2,67.9856096,3.28e-4,15-24
1994,23,Male,213535.22,216.95178352,0.001016,15-24
1994,24,Female,207964.79,64.05315532,3.08e-4,15-24
1994,24,Male,214055.08,205.92098696,9.62e-4,15-24
1994,25,Female,208209.89,82.03469666000001,3.94e-4,25-34
1994,25,Male,213489.14,238.04039110000005,0.001115,25-34
1994,26,Female,210154.21,76.91644086,3.66e-4,25-34
1994,26,Male,214463.31,220.89720930000001,0.00103,25-34
1994,27,Female,217453.2,75.021354,3.45e-4,25-34
1994,27,Male,221826.45,204.9676398,9.24e-4,25-34
1994,28,Female,230204.33,78.03926786999999,3.39e-4,25-34
1994,28,Male,235287.19,267.05096065,0.001135,25-34
1994,29,Female,248056.23,116.09031564,4.68e-4,25-34
1994,29,Male,253896.89,312.03927781000004,0.001229,25-34
1994,30,Female,256646.71,102.91533070999999,4.01e-4,25-34
1994,30,Male,262688.79,337.02971757,0.001283,25-34
1994,31,Female,262232.52,142.13002584,5.42e-4,25-34
1994,31,Male,268040.31,325.93701696,0.001216,25-34
1994,32,Female,261604.71,132.89519267999998,5.08e-4,25-34
1994,32,Male,266495.1,369.89519879999995,0.001388,25-34
1994,33,Female,263914.85,139.08312594999998,5.27e-4,25-34
1994,33,Male,267599.25,363.13218224999997,0.001357,25-34
1994,34,Female,261239.49,141.0693246,5.4e-4,25-34
1994,34,Male,263744.96,347.87960224000005,0.001319,25-34
1994,35,Female,260156.26,189.9140698,7.3e-4,35-44
1994,35,Male,261800.8,401.07882559999996,0.001532,35-44
1994,36,Female,256746.09,185.88416916,7.24e-4,35-44
1994,36,Male,258101.62,426.90007948,0.001654,35-44
1994,37,Female,253410.04,188.03024968000003,7.42e-4,35-44
1994,37,Male,254060.15,434.9509768,0.001712,35-44
1994,38,Female,246397.73,203.03172952,8.24e-4,35-44
1994,38,Male,246245.16,423.04918488,0.001718,35-44
1994,39,Female,245202.79,231.96183934,9.46e-4,35-44
1994,39,Male,244213.53,461.07514463999996,0.001888,35-44
1994,40,Female,239519.55,247.90273424999995,0.001035,35-44
1994,40,Male,237513.93,498.06671120999994,0.002097,35-44
1994,41,Female,230022.78,279.01763214000005,0.001213,35-44
1994,41,Male,227803.3,502.9896863999999,0.002208,35-44
1994,42,Female,221778.46,255.04522899999998,0.00115,35-44
1994,42,Male,220614.84,467.04161627999997,0.002117,35-44
1994,43,Female,218506.04,270.07346544,0.001236,35-44
1994,43,Male,218223.39,542.0669007600001,0.002484,35-44
1994,44,Female,213685.13,294.03073888,0.001376,35-44
1994,44,Male,213513.95,572.00387205,0.002679,35-44
1994,45,Female,211552.56,321.98299632,0.001522,45-54
1994,45,Male,211357.66,536.00302576,0.002536,45-54
1994,46,Female,209515.23,379.01305107,0.001809,45-54
1994,46,Male,209796.47,619.94856885,0.002955,45-54
1994,47,Female,209431.1,434.98839469999996,0.002077,45-54
1994,47,Male,209954.43,622.93479381,0.002967,45-54
1994,48,Female,183699.65,385.95296465,0.002101,45-54
1994,48,Male,184369.32,639.94590972,0.003471,45-54
1994,49,Female,171046.63,424.02459576999996,0.002479,45-54
1994,49,Male,171861.58,685.0402578799999,0.003986,45-54
1994,50,Female,165416.04,425.946303,0.002575,45-54
1994,50,Male,166097.17,691.9608102200001,0.0041660000000000004,45-54
1994,51,Female,161099.22,521.9614728,0.00324,45-54
1994,51,Male,161578.72,746.97842256,0.004623,45-54
1994,52,Female,151189.99,496.05435718999996,0.003281,45-54
1994,52,Male,151361.12,799.0353524799999,0.005279,45-54
1994,53,Female,145786.24,466.95332672,0.003203,45-54
1994,53,Male,145337.87,776.97625302,0.005346,45-54
1994,54,Female,136489.84,514.02073744,0.003766,45-54
1994,54,Male,135780.28,882.02869888,0.006496,45-54
1994,55,Female,134113.03,569.04158629,0.004243,55-64
1994,55,Male,133088.51,908.06290373,0.006823,55-64
1994,56,Female,129229.46,632.0612888600001,0.004891,55-64
1994,56,Male,127826.26,1003.0526622199999,0.007847,55-64
1994,57,Female,125873.54,726.0385787199999,0.005768,55-64
1994,57,Male,124055.19,1070.96845527,0.008633,55-64
1994,58,Female,125428.53,685.96863057,0.005469,55-64
1994,58,Male,123250.67,1195.03849632,0.009696,55-64
1994,59,Female,123459.4,721.9905712,0.005848,55-64
1994,59,Male,121094.11,1282.0233425699998,0.010587,55-64
1994,60,Female,121173.75,788.96228625,0.006511,55-64
1994,60,Male,118695.59,1428.97620801,0.012039,55-64
1994,61,Female,123637.12,915.03832512,0.007401,55-64
1994,61,Male,120728.04,1628.0176194,0.013485,55-64
1994,62,Female,124081.55,978.0107771,0.007882,55-64
1994,62,Male,120293.17,1734.98839091,0.014423,55-64
1994,63,Female,123900.07,1130.95983896,0.009128,55-64
1994,63,Male,118477.38,1977.9798591000003,0.016695,55-64
1994,64,Female,123042.1,1159.056582,0.00942,55-64
1994,64,Male,115727.28,2093.0435860800003,0.018086,55-64
1994,65,Female,119521.46,1210.9914327200001,0.010132,65-74
1994,65,Male,110405.34,2249.9504238600002,0.020379,65-74
1994,66,Female,118258.98,1394.98292808,0.011796,65-74
1994,66,Male,107071.21,2312.9522784200003,0.021602,65-74
1994,67,Female,116674.77,1501.02091605,0.012865,65-74
1994,67,Male,102851.37,2444.98276764,0.023772,65-74
1994,68,Female,116913.62,1597.9753581599998,0.013668,65-74
1994,68,Male,100033.02,2574.94996782,0.025741,65-74
1994,69,Female,115451.2,1833.0187023999997,0.015877,65-74
1994,69,Male,96162.04,2731.001936,0.0284,65-74
1994,70,Female,112018.48,1897.0329587999997,0.016935,65-74
1994,70,Male,91023.55,2842.0283016500002,0.031223,65-74
1994,71,Female,109698.18,2055.9632895600002,0.018742,65-74
1994,71,Male,87064.69,2939.0427403300005,0.033757,65-74
1994,72,Female,108024.78,2262.0388932,0.02094,65-74
1994,72,Male,83934.44,3085.0103422,0.036755,65-74
1994,73,Female,103292.93,2310.0430865199996,0.022364,65-74
1994,73,Male,78613.49,3381.0089779200002,0.043008,65-74
1994,74,Female,94803.42,2400.99141492,0.025326,65-74
1994,74,Male,70473.31,3267.98833132,0.046372,65-74
1994,75,Female,85042.39,2215.01408994,0.026046,75-84
1994,75,Male,61544.12,3035.9714396,0.04933,75-84
1994,76,Female,78211.12,2434.00826552,0.031121,75-84
1994,76,Male,55340.72,3018.0061652,0.054535,75-84
1994,77,Female,74858.57,2607.9977202300006,0.034839,75-84
1994,77,Male,51697.25,3226.99404225,0.062421,75-84
1994,78,Female,72619.58,2816.98612778,0.038791,75-84
1994,78,Male,48879.29,3292.0201814999996,0.06735,75-84
1994,79,Female,70107.33,3115.99038918,0.044446,75-84
1994,79,Male,45900.7,3366.9999478,0.073354,75-84
1994,80,Female,64336.92,3161.00155344,0.049132,75-84
1994,80,Male,40403.04,3434.01598176,0.084994,75-84
1994,81,Female,58453.93,3281.0190909,0.05613,75-84
1994,81,Male,35499.47,3275.00360485,0.092255,75-84
1994,82,Female,52252.45,3215.9815401499995,0.061547,75-84
1994,82,Male,30598.47,3205.0061416800004,0.104744,75-84
1994,83,Female,46998.38,3234.99249216,0.068832,75-84
1994,83,Male,26285.52,2986.0087864800003,0.113599,75-84
1994,84,Female,42364.24,3311.01954144,0.078156,75-84
1994,84,Male,22600.69,2800.99391446,0.123934,75-84
1994,85,Female,37570.29,3234.98982045,0.086105,85+
1994,85,Male,19099.52,2602.00400768,0.136234,85+
1994,86,Female,33172.87,3243.0129440700002,0.097761,85+
1994,86,Male,16064.09,2337.9997867800002,0.145542,85+
1994,87,Female,28500.99,3130.00722279,0.109821,85+
1994,87,Male,12994.93,2023.99933229,0.155753,85+
1994,88,Female,24412.56,2948.0119204800003,0.120758,85+
1994,88,Male,10468.05,1823.00043945,0.174149,85+
1994,89,Female,20772.89,2762.00500018,0.132962,85+
1994,89,Male,8535.5,1666.0015675,0.195185,85+
1994,90,Female,17316.09,2615.9936645700004,0.151073,85+
1994,90,Male,6871.26,1401.99814788,0.204038,85+
1994,91,Female,14233.56,2316.99583104,0.162784,85+
1994,91,Male,5367.95,1250.0023087999998,0.232864,85+
1994,92,Female,11362.61,2016.99962632,0.177512,85+
1994,92,Male,4002.02,993.0012125000001,0.248125,85+
1994,93,Female,8934.06,1885.99793412,0.211102,85+
1994,93,Male,2930.57,807.00278318,0.275374,85+
1994,94,Female,6839.52,1559.99875872,0.228086,85+
1994,94,Male,2140.34,615.9984133600001,0.287804,85+
1994,95,Female,5154.59,1261.9982697,0.24483,85+
1994,95,Male,1491.34,472.99935976,0.317164,85+
1994,96,Female,3935.37,1096.000545,0.2785,85+
1994,96,Male,1008.04,358.99832539999994,0.356135,85+
1994,97,Female,2908.86,871.00285866,0.299431,85+
1994,97,Male,696.41,266.0007636,0.38196,85+
1994,98,Female,2044.49,650.0006167199999,0.317928,85+
1994,98,Male,461.11,190.99867865000002,0.414215,85+
1994,99,Female,1370.22,445.99975889999996,0.325495,85+
1994,99,Male,296.65,137.99831685,0.465189,85+
1994,100,Female,914.18,382.00199733999995,0.417863,85+
1994,100,Male,197.09,84.99861012,0.431268,85+
1995,0,Female,186493.32,1018.99950048,0.005464,0
1995,0,Male,196396.87,1304.0752168,0.00664,0
1995,1,Female,188910.61,71.97494241,3.81e-4,1-4
1995,1,Male,199098.83,85.01520041,4.27e-4,1-4
1995,2,Female,193077.86,44.98714138,2.33e-4,1-4
1995,2,Male,203086.71,58.08279906,2.86e-4,1-4
1995,3,Female,198870.61,30.02946211,1.51e-4,1-4
1995,3,Male,208606.95,50.065668,2.4e-4,1-4
1995,4,Female,200635,45.945415000000004,2.29e-4,1-4
1995,4,Male,210509.7,50.1013086,2.38e-4,1-4
1995,5,Female,201401.19,24.97374756,1.24e-4,5-14
1995,5,Male,211439.15,35.9446555,1.7e-4,5-14
1995,6,Female,194753.57,29.992049780000002,1.54e-4,5-14
1995,6,Male,204484.68,32.92203348,1.61e-4,5-14
1995,7,Female,190056.16,26.03769392,1.37e-4,5-14
1995,7,Male,199292.75,44.04369775,2.21e-4,5-14
1995,8,Female,191960.63,30.905661430000002,1.61e-4,5-14
1995,8,Male,201344.52,28.99361088,1.44e-4,5-14
1995,9,Female,194252.39,25.05855831,1.29e-4,5-14
1995,9,Male,204602.11,39.07900301,1.91e-4,5-14
1995,10,Female,194783.98,25.90626934,1.33e-4,5-14
1995,10,Male,205693.62,34.9679154,1.7e-4,5-14
1995,11,Female,194249.79,33.99371325,1.75e-4,5-14
1995,11,Male,204803.81,38.9127239,1.9e-4,5-14
1995,12,Female,193661.25,24.013995,1.24e-4,5-14
1995,12,Male,203865.32,47.09288892,2.31e-4,5-14
1995,13,Female,194257.93,49.92428801,2.57e-4,5-14
1995,13,Male,204487.83,42.9424443,2.1e-4,5-14
1995,14,Female,195642.66,50.08452096,2.56e-4,5-14
1995,14,Male,206135.78,57.09961106,2.77e-4,5-14
1995,15,Female,194049.7,50.0648226,2.58e-4,15-24
1995,15,Male,205311.94,89.92662972000001,4.38e-4,15-24
1995,16,Female,192206.05,73.99932924999999,3.85e-4,15-24
1995,16,Male,203965.8,119.93189039999999,5.88e-4,15-24
1995,17,Female,190403.67,63.97563312,3.36e-4,15-24
1995,17,Male,201870.65,162.90961455,8.07e-4,15-24
1995,18,Female,191592.2,62.075872800000006,3.24e-4,15-24
1995,18,Male,202572.45,214.92936945000002,0.001061,15-24
1995,19,Female,194869.99,69.95832641,3.59e-4,15-24
1995,19,Male,205341.92,226.90282160000004,0.001105,15-24
1995,20,Female,194181.94,53.98257932,2.78e-4,15-24
1995,20,Male,203138.49,217.96759977,0.001073,15-24
1995,21,Female,191460.41,53.99183562,2.82e-4,15-24
1995,21,Male,198992.77,206.95248079999996,0.00104,15-24
1995,22,Female,194615.96,76.09484036,3.91e-4,15-24
1995,22,Male,201416.59,210.07750337000002,0.001043,15-24
1995,23,Female,198353.83,73.98597859,3.73e-4,15-24
1995,23,Male,204247.17,217.93173039,0.001067,15-24
1995,24,Female,209099.63,70.04837605,3.35e-4,15-24
1995,24,Male,214659.43,235.05207585,0.001095,15-24
1995,25,Female,209354.65,68.04026125,3.25e-4,25-34
1995,25,Male,214790.02,231.9732216,0.00108,25-34
1995,26,Female,209755.59,88.09734780000001,4.2e-4,25-34
1995,26,Male,214185.91,240.95914875,0.001125,25-34
1995,27,Female,211643.83,92.91164137,4.39e-4,25-34
1995,27,Male,215345.25,231.06545325,0.001073,25-34
1995,28,Female,219085.91,104.06580725,4.75e-4,25-34
1995,28,Male,223058.38,235.99576603999998,0.001058,25-34
1995,29,Female,231845.54,92.97006154,4.01e-4,25-34
1995,29,Male,236588.43,286.98176559,0.001213,25-34
1995,30,Female,249766.43,109.8972292,4.4e-4,25-34
1995,30,Male,255288.9,300.98561309999997,0.001179,25-34
1995,31,Female,257896.32,126.88498944000001,4.92e-4,25-34
1995,31,Male,263747.89,347.88346691000004,0.001319,25-34
1995,32,Female,263669.81,147.12775398,5.58e-4,25-34
1995,32,Male,269111.43,347.96107899000003,0.001293,25-34
1995,33,Female,262594.97,157.03179206,5.98e-4,25-34
1995,33,Male,267106.02,392.91295542000006,0.001471,25-34
1995,34,Female,265172.36,143.98859148,5.43e-4,25-34
1995,34,Male,268548.18,428.06579891999996,0.001594,25-34
1995,35,Female,262239.98,158.91742788,6.06e-4,35-44
1995,35,Male,264218.12,429.88288123999996,0.001627,35-44
1995,36,Female,261147.76,171.0517828,6.55e-4,35-44
1995,36,Male,262373.26,433.96537204000003,0.001654,35-44
1995,37,Female,257796.84,213.9713772,8.3e-4,35-44
1995,37,Male,258861.34,468.02130272,0.001808,35-44
1995,38,Female,254313.8,201.9251572,7.94e-4,35-44
1995,38,Male,254619.77,438.96448348,0.001724,35-44
1995,39,Female,247175.65,238.03015094999998,9.63e-4,35-44
1995,39,Male,246706.46,453.9398864,0.00184,35-44
1995,40,Female,246419.61,259.97268855,0.001055,35-44
1995,40,Male,245108.17,472.07833542000003,0.001926,35-44
1995,41,Female,240124.68,250.93029059999998,0.001045,35-44
1995,41,Male,237775.53,516.92400222,0.002174,35-44
1995,42,Female,230419.83,265.90448382,0.001154,35-44
1995,42,Male,228029.87,508.05055036,0.002228,35-44
1995,43,Female,222003.66,279.94661526,0.001261,35-44
1995,43,Male,220819.35,548.9569041,0.002486,35-44
1995,44,Female,218776.33,308.91217796,0.001412,35-44
1995,44,Male,218298.77,526.1000356999999,0.00241,35-44
1995,45,Female,213841.91,341.07784645000004,0.001595,45-54
1995,45,Male,213515.55,589.08940245,0.002759,45-54
1995,46,Female,211763.86,380.96318414,0.001799,45-54
1995,46,Male,211231.37,603.0655613499999,0.002855,45-54
1995,47,Female,209935.45,412.10328835,0.001963,45-54
1995,47,Male,209875.62,682.93526748,0.003254,45-54
1995,48,Female,209826.73,454.06504372000006,0.002164,45-54
1995,48,Male,209783.77,760.0465987099999,0.003623,45-54
1995,49,Female,182747.19,449.92358178000006,0.002462,45-54
1995,49,Male,182780.54,675.00853422,0.003693,45-54
1995,50,Female,171258.64,434.99694560000006,0.00254,45-54
1995,50,Male,171368.27,756.07680724,0.004412,45-54
1995,51,Female,165678.44,491.07089616,0.002964,45-54
1995,51,Male,165552.99,796.9720938599999,0.004814,45-54
1995,52,Female,161131.3,514.008847,0.00319,45-54
1995,52,Male,160890.37,793.99397595,0.004935,45-54
1995,53,Female,151070.35,531.01228025,0.003515,45-54
1995,53,Male,150365.16,847.00694628,0.005633,45-54
1995,54,Female,145962.55,529.99001905,0.003631,45-54
1995,54,Male,144627.52,924.0252252799999,0.006389,45-54
1995,55,Female,136492.41,609.98458029,0.004469,55-64
1995,55,Male,134935.89,936.99482016,0.006944,55-64
1995,56,Female,134464.71,640.0520196,0.00476,55-64
1995,56,Male,132514.19,966.95604443,0.007297,55-64
1995,57,Female,129283.22,662.96435216,0.005128,55-64
1995,57,Male,127208.19,1084.95865251,0.008529,55-64
1995,58,Female,125956.48,685.95899008,0.005446,55-64
1995,58,Male,123472.03,1142.98058171,0.009257,55-64
1995,59,Female,125571.11,734.96770683,0.005853,55-64
1995,59,Male,122712.08,1248.96355024,0.010178,55-64
1995,60,Female,123254.9,791.0499482,0.006418,55-64
1995,60,Male,120149.49,1381.95943398,0.011502,55-64
1995,61,Female,120875.05,838.9937220500001,0.006941,55-64
1995,61,Male,117697.09,1482.04175728,0.012592,55-64
1995,62,Female,123399.58,973.0056883,0.007885,55-64
1995,62,Male,119655.61,1709.99832251,0.014291,55-64
1995,63,Female,123530.84,1032.9648840799998,0.008362,55-64
1995,63,Male,118928.9,1831.0293444,0.015396,55-64
1995,64,Female,123227.93,1147.9913958799998,0.009316,55-64
1995,64,Male,116884.35,2007.02117385,0.017171,55-64
1995,65,Female,122083.83,1341.94545936,0.010992,65-74
1995,65,Male,113840.99,2193.94355928,0.019272,65-74
1995,66,Female,118383.61,1375.97269903,0.011623,65-74
1995,66,Male,108322.09,2244.0004164399998,0.020716,65-74
1995,67,Female,117157.42,1482.041363,0.01265,65-74
1995,67,Male,104873.43,2394.05066004,0.022828,65-74
1995,68,Female,115106.81,1595.03506617,0.013857,65-74
1995,68,Male,100279.15,2659.0019414,0.026516,65-74
1995,69,Female,115282.29,1708.0224086399999,0.014816,65-74
1995,69,Male,97286.25,2822.95511625,0.029017,65-74
1995,70,Female,113439.79,1962.9621261599998,0.017304,65-74
1995,70,Male,93208.11,2961.96731958,0.031778,65-74
1995,71,Female,109972.12,1970.04055768,0.017914,65-74
1995,71,Male,87955.09,2988.01031748,0.033972,65-74
1995,72,Female,107408.06,2185.96883712,0.020352,65-74
1995,72,Male,83873.03,3044.00387779,0.036293,65-74
1995,73,Female,105594.6,2294.9930364,0.021734,65-74
1995,73,Male,80524.05,3318.95976885,0.041217,65-74
1995,74,Female,100528.63,2481.0465884,0.02468,65-74
1995,74,Male,74987.92,3341.98663064,0.044567,65-74
1995,75,Female,92095.02,2545.9668279,0.027645,75-84
1995,75,Male,66984.7,3506.9839684999997,0.052355,75-84
1995,76,Female,82132.88,2423.98768744,0.029513,75-84
1995,76,Male,57913.89,3168.9901469099996,0.054719,75-84
1995,77,Female,75625.27,2568.9904219,0.03397,75-84
1995,77,Male,52154.75,3137.99484325,0.060167,75-84
1995,78,Female,72003.11,2725.96574149,0.037859,75-84
1995,78,Male,48359.44,3218.99776416,0.066564,75-84
1995,79,Female,69504.11,3036.9820864499998,0.043695,75-84
1995,79,Male,45401.42,3316.9823437799996,0.073059,75-84
1995,80,Female,65479.24,3268.98557776,0.049924,75-84
1995,80,Male,41183.57,3523.9957177600004,0.085568,75-84
1995,81,Female,61060.92,3298.9993857599998,0.054028,75-84
1995,81,Male,36947.37,3462.0055163700004,0.093701,75-84
1995,82,Female,55149.43,3344.9783777899997,0.060653,75-84
1995,82,Male,32193.8,3228.0079383999996,0.100268,75-84
1995,83,Female,48964.79,3412.01346157,0.069683,75-84
1995,83,Male,27483.3,3093.9874640999997,0.112577,75-84
1995,84,Female,43669.38,3514.9920655799997,0.080491,75-84
1995,84,Male,23304.19,2841.99257888,0.121952,75-84
1995,85,Female,39003.41,3398.99116786,0.087146,85+
1995,85,Male,19856.03,2775.99213018,0.139806,85+
1995,86,Female,34242.62,3373.99383384,0.098532,85+
1995,86,Male,16590.85,2420.0077444,0.145864,85+
1995,87,Female,29921.54,3272.01016362,0.109353,85+
1995,87,Male,13805.59,2152.0015636099997,0.155879,85+
1995,88,Female,25418.16,2999.01244392,0.117987,85+
1995,88,Male,11025.93,1970.9952468000001,0.17876,85+
1995,89,Female,21512.89,2962.00225965,0.137685,85+
1995,89,Male,8684.39,1700.00408006,0.195754,85+
1995,90,Female,17995.72,2790.9922062400005,0.155092,85+
1995,90,Male,6976.67,1487.99813094,0.213282,85+
1995,91,Female,14764.42,2516.9940283399997,0.170477,85+
1995,91,Male,5531.93,1216.0011929500001,0.219815,85+
1995,92,Female,11949.39,2239.99680123,0.187457,85+
1995,92,Male,4229.28,1032.9974107199998,0.244249,85+
1995,93,Female,9365.44,1846.00314752,0.197108,85+
1995,93,Male,3070.35,889.9992841499999,0.289869,85+
1995,94,Female,7254.07,1563.99925421,0.215603,85+
1995,94,Male,2201.73,653.99967747,0.297039,85+
1995,95,Female,5429.18,1328.99811384,0.244788,85+
1995,95,Male,1596.84,511.99959972,0.320633,85+
1995,96,Female,3990.76,1005.99876232,0.252082,85+
1995,96,Male,1055.34,354.99949055999997,0.336384,85+
1995,97,Female,2993.04,856.00046088,0.285997,85+
1995,97,Male,697.04,277.99837207999997,0.398827,85+
1995,98,Female,2123.52,749.9996582399999,0.353187,85+
1995,98,Male,467.08,201.00227304,0.430338,85+
1995,99,Female,1459.32,518.9998614,0.355645,85+
1995,99,Male,306.28,132.99994604,0.434243,85+
1995,100,Female,947.06,352.00231374,0.371679,85+
1995,100,Male,197.15,72.9987305,0.37027,85+
1996,0,Female,182311.59,896.9730228,0.00492,0
1996,0,Male,191842.81,1157.96320116,0.006036,0
1996,1,Female,188069.75,75.980179,4.04e-4,1-4
1996,1,Male,197689.82,85.0066226,4.3e-4,1-4
1996,2,Female,189937.89,41.02658424,2.16e-4,1-4
1996,2,Male,200159.31,62.0493861,3.1e-4,1-4
1996,3,Female,194077.92,45.99646704,2.37e-4,1-4
1996,3,Male,204017.38,59.98110972,2.94e-4,1-4
1996,4,Female,199425.46,41.081644759999996,2.06e-4,1-4
1996,4,Male,209230.33,50.00604887,2.39e-4,1-4
1996,5,Female,201252.18,21.93648762,1.09e-4,5-14
1996,5,Male,211199.57,39.91671873000001,1.89e-4,5-14
1996,6,Female,201940.21,36.95505843,1.83e-4,5-14
1996,6,Male,212240,28.015680000000003,1.32e-4,5-14
1996,7,Female,195995.59,26.06741347,1.33e-4,5-14
1996,7,Male,205806.73,24.079387410000002,1.17e-4,5-14
1996,8,Female,191427.36,30.054095519999997,1.57e-4,5-14
1996,8,Male,200741.78,28.90681632,1.44e-4,5-14
1996,9,Female,193198.14,23.956569360000003,1.24e-4,5-14
1996,9,Male,202786.42,36.90712844,1.82e-4,5-14
1996,10,Female,195145.36,26.930059679999996,1.38e-4,5-14
1996,10,Male,205730.79,29.008041390000002,1.41e-4,5-14
1996,11,Female,196047.72,25.094108159999998,1.28e-4,5-14
1996,11,Male,207146.95,26.100515700000003,1.26e-4,5-14
1996,12,Female,195813.74,27.022296119999996,1.38e-4,5-14
1996,12,Male,206576.54,28.920715599999998,1.4e-4,5-14
1996,13,Female,195246.65,18.938925049999998,9.7e-5,5-14
1996,13,Male,205718.08,54.926727359999994,2.67e-4,5-14
1996,14,Female,195813.48,35.05061292,1.79e-4,5-14
1996,14,Male,206369.13,67.06996725,3.25e-4,5-14
1996,15,Female,197297.36,43.99731128,2.23e-4,15-24
1996,15,Male,208234.61,81.00326328999999,3.89e-4,15-24
1996,16,Female,196039.55,69.0059216,3.52e-4,15-24
1996,16,Male,207504.56,87.98193344,4.24e-4,15-24
1996,17,Female,194545.63,58.94732589,3.03e-4,15-24
1996,17,Male,206397.52,157.06851271999997,7.61e-4,15-24
1996,18,Female,192890.5,69.05479899999999,3.58e-4,15-24
1996,18,Male,204483.97,206.93777764,0.001012,15-24
1996,19,Female,193901.87,77.94855174,4.02e-4,15-24
1996,19,Male,204713.11,196.93401181999997,9.62e-4,15-24
1996,20,Female,197172.15,61.912055099999996,3.14e-4,15-24
1996,20,Male,206690.92,223.01950268000004,0.001079,15-24
1996,21,Female,195977.04,68.00403288,3.47e-4,15-24
1996,21,Male,203912.08,230.01282624,0.001128,15-24
1996,22,Female,193622.08,61.9590656,3.2e-4,15-24
1996,22,Male,200320.11,186.09738219,9.29e-4,15-24
1996,23,Female,196253.85,61.03494735,3.11e-4,15-24
1996,23,Male,202347.5,205.989755,0.001018,15-24
1996,24,Female,200165.95,65.05393375,3.25e-4,15-24
1996,24,Male,205577.03,189.95317572,9.24e-4,15-24
1996,25,Female,210140.87,67.03493753,3.19e-4,25-34
1996,25,Male,215399.57,208.93758290000002,9.7e-4,25-34
1996,26,Female,210787.55,72.0893421,3.42e-4,25-34
1996,26,Male,215620.73,205.91779715,9.55e-4,25-34
1996,27,Female,211261.33,84.92705466,4.02e-4,25-34
1996,27,Male,215436.61,202.07954017999998,9.38e-4,25-34
1996,28,Female,213509.8,89.03358659999999,4.17e-4,25-34
1996,28,Male,216840.56,248.06560064,0.001144,25-34
1996,29,Female,221012.84,80.89069944,3.66e-4,25-34
1996,29,Male,224777.23,247.03017577,0.001099,25-34
1996,30,Female,233539.51,92.94872498000001,3.98e-4,25-34
1996,30,Male,238056.93,269.95655862,0.001134,25-34
1996,31,Female,250754.62,134.90598555999998,5.38e-4,25-34
1996,31,Male,256097.39,327.03636703,0.001277,25-34
1996,32,Female,259457.8,155.93413779999997,6.01e-4,25-34
1996,32,Male,265076.61,343.00913334,0.001294,25-34
1996,33,Female,264738,136.075332,5.14e-4,25-34
1996,33,Male,270012.46,328.87517628,0.001218,25-34
1996,34,Female,264214.11,161.96324943,6.13e-4,25-34
1996,34,Male,268525.42,372.98180837999996,0.001389,25-34
1996,35,Female,266134.13,171.12424559000002,6.43e-4,35-44
1996,35,Male,269099.59,372.97203174000003,0.001386,35-44
1996,36,Female,263438.09,184.93353918000003,7.02e-4,35-44
1996,36,Male,265108.88,418.07670376000004,0.001577,35-44
1996,37,Female,262440.22,209.95217599999998,8e-4,35-44
1996,37,Male,263426.88,409.89222528000005,0.001556,35-44
1996,38,Female,258772.76,209.08839008,8.08e-4,35-44
1996,38,Male,259449.01,429.12866254000005,0.001654,35-44
1996,39,Female,254955.83,240.93325935,9.45e-4,35-44
1996,39,Male,255129.15,474.0299607,0.001858,35-44
1996,40,Female,248678.52,282.00144167999997,0.001134,35-44
1996,40,Male,247948.71,484.98767675999994,0.001956,35-44
1996,41,Female,246905.52,301.96545095999994,0.001223,35-44
1996,41,Male,245371.76,491.9703788,0.002005,35-44
1996,42,Female,240771.72,273.99821735999996,0.001138,35-44
1996,42,Male,238244.2,516.0369372,0.002166,35-44
1996,43,Female,230951.66,309.93712772000003,0.001342,35-44
1996,43,Male,228561.9,562.9479597,0.002463,35-44
1996,44,Female,222500.63,374.02355903,0.001681,35-44
1996,44,Male,221145.14,509.07611227999996,0.002302,35-44
1996,45,Female,218919.37,336.04123295,0.001535,45-54
1996,45,Male,218459.42,545.9300905800001,0.002499,45-54
1996,46,Female,214180.35,354.89683995,0.001657,45-54
1996,46,Male,213532.81,595.97007271,0.002791,45-54
1996,47,Female,211998.3,394.9528329,0.001863,45-54
1996,47,Male,211450.8,617.0134343999999,0.002918,45-54
1996,48,Female,210366.69,429.98951436,0.002044,45-54
1996,48,Male,209904.52,697.9325289999999,0.003325,45-54
1996,49,Female,208298.67,518.0387922900001,0.002487,45-54
1996,49,Male,207872.79,752.91524538,0.003622,45-54
1996,50,Female,183422.83,464.97687404999994,0.002535,45-54
1996,50,Male,183059.57,734.98417355,0.004015,45-54
1996,51,Female,171386.37,464.97122181000003,0.002713,45-54
1996,51,Male,170945.8,816.9499782,0.004779,45-54
1996,52,Female,165568.84,519.0583134,0.003135,45-54
1996,52,Male,164955.05,802.0114530999999,0.004862,45-54
1996,53,Female,160759.61,543.0459625799999,0.003378,45-54
1996,53,Male,159851.97,861.92182224,0.005392,45-54
1996,54,Female,151264.17,540.0130869000001,0.00357,45-54
1996,54,Male,149847,923.956602,0.006166,45-54
1996,55,Female,145602.99,589.98331548,0.004052,55-64
1996,55,Male,143695.65,971.9573766,0.006764,55-64
1996,56,Female,136776.58,610.0235468,0.00446,55-64
1996,56,Male,134407.38,1017.06064446,0.007567,55-64
1996,57,Female,134250.82,701.05778204,0.005222,55-64
1996,57,Male,131723.5,1041.0108205000001,0.007903,55-64
1996,58,Female,129257.19,723.96952119,0.005601,55-64
1996,58,Male,126547.27,1152.97217697,0.009111,55-64
1996,59,Female,125987.89,745.97429669,0.005921,55-64
1996,59,Male,122953.98,1229.0479840799999,0.009996,55-64
1996,60,Female,125125.74,817.9469623800001,0.006537,55-64
1996,60,Male,121541.31,1296.96731901,0.010671,55-64
1996,61,Female,122882.26,860.05293774,0.006999,55-64
1996,61,Male,119098.42,1481.9416400599998,0.012443,55-64
1996,62,Female,120745.73,940.97147389,0.007793,55-64
1996,62,Male,116687.63,1596.98690418,0.013686,55-64
1996,63,Female,122703.11,1024.9390778299999,0.008353,55-64
1996,63,Male,118173.92,1768.94540848,0.014969,55-64
1996,64,Female,122795,1113.01388,0.009064,55-64
1996,64,Male,117259.28,2012.05198552,0.017159,55-64
1996,65,Female,122202.51,1227.03540291,0.010041,65-74
1996,65,Male,115044.48,2181.0132518399996,0.018958,65-74
1996,66,Female,120943.12,1400.03755712,0.011576,65-74
1996,66,Male,111656.34,2309.94636192,0.020688,65-74
1996,67,Female,117452.46,1394.04324774,0.011869,65-74
1996,67,Male,106322.62,2518.03860946,0.023683,65-74
1996,68,Female,115577.81,1567.00394798,0.013558,65-74
1996,68,Male,102320.61,2602.0131123,0.02543,65-74
1996,69,Female,113659.85,1786.0508829,0.015714,65-74
1996,69,Male,97718.29,2622.95434018,0.026842,65-74
1996,70,Female,113225.6,1882.0359232000003,0.016622,65-74
1996,70,Male,94349.07,2926.99119861,0.031023,65-74
1996,71,Female,111466.53,2063.02253724,0.018508,65-74
1996,71,Male,90165.98,3055.9955601399997,0.033893,65-74
1996,72,Female,107756.7,2133.0438765,0.019795,65-74
1996,72,Male,84788.76,3185.0049806399998,0.037564,65-74
1996,73,Female,105179.89,2319.95283373,0.022057,65-74
1996,73,Male,80619.93,3322.9922747399996,0.041218,65-74
1996,74,Female,102732.54,2497.01711724,0.024306,65-74
1996,74,Male,76810.47,3443.02931775,0.044825,65-74
1996,75,Female,97716.97,2723.95825572,0.027876,75-84
1996,75,Male,71400.08,3415.9940274399996,0.047843,75-84
1996,76,Female,88934.16,2784.9732204,0.031315,75-84
1996,76,Male,63114.56,3468.0188428799997,0.054948,75-84
1996,77,Female,79760.34,2706.9861792599995,0.033939,75-84
1996,77,Male,54949.85,3085.983576,0.05616,75-84
1996,78,Female,72847.92,2835.9695256,0.03893,75-84
1996,78,Male,48892.01,3205.9957717300003,0.065573,75-84
1996,79,Female,69016.08,2850.98524872,0.041309,75-84
1996,79,Male,44986.72,3238.00914544,0.071977,75-84
1996,80,Female,64636.13,3202.00924407,0.049539,75-84
1996,80,Male,40624.65,3344.9930563499997,0.082339,75-84
1996,81,Female,62177.24,3354.0268573199996,0.053943,75-84
1996,81,Male,37739.57,3450.98175994,0.091442,75-84
1996,82,Female,57672.42,3524.0155516799996,0.061104,75-84
1996,82,Male,33579.87,3379.00799862,0.100626,75-84
1996,83,Female,51623.1,3586.9794804000003,0.069484,75-84
1996,83,Male,28983.8,3179.0011516,0.109682,75-84
1996,84,Female,45490.62,3521.01947862,0.077401,75-84
1996,84,Male,24437.47,2988.9958306400003,0.122312,75-84
1996,85,Female,40185.38,3496.00750386,0.086997,85+
1996,85,Male,20473.18,2717.99890362,0.132759,85+
1996,86,Female,35582.74,3371.00203938,0.094737,85+
1996,86,Male,17292.36,2489.9960858400004,0.143994,85+
1996,87,Female,30921.79,3291.0061097,0.10643,85+
1996,87,Male,14251.19,2340.00264443,0.164197,85+
1996,88,Female,26729.04,3117.0069996,0.116615,85+
1996,88,Male,11688.59,2023.00271425,0.173075,85+
1996,89,Female,22374.99,3112.0031091600003,0.139084,85+
1996,89,Male,9179.6,1761.9966812000002,0.191947,85+
1996,90,Female,18597.89,2822.9923209900003,0.151791,85+
1996,90,Male,7080.89,1526.0026039000002,0.21551,85+
1996,91,Female,15334.39,2594.99281653,0.169227,85+
1996,91,Male,5579.5,1326.001652,0.237656,85+
1996,92,Female,12330.42,2304.0006291,0.186855,85+
1996,92,Male,4350.59,1116.9965801399999,0.256746,85+
1996,93,Female,9810.72,2071.00374912,0.211096,85+
1996,93,Male,3252.95,878.9991372,0.270216,85+
1996,94,Female,7575.94,1696.00295998,0.223867,85+
1996,94,Male,2290.02,674.00097642,0.294321,85+
1996,95,Female,5745.73,1457.0022134,0.25358,85+
1996,95,Male,1627.07,502.00153416999996,0.308531,85+
1996,96,Female,4202.85,1173.9989019000002,0.279334,85+
1996,96,Male,1137.01,408.99955215,0.359715,85+
1996,97,Female,3037.09,906.0003920800001,0.298312,85+
1996,97,Male,729.84,287.00009208,0.393237,85+
1996,98,Female,2181.2,686.9994768,0.314964,85+
1996,98,Male,453.04,178.99882224,0.395106,85+
1996,99,Female,1507.02,522.00008058,0.346379,85+
1996,99,Male,310.58,122.0020356,0.39282,85+
1996,100,Female,1003.99,393.00084161,0.391439,85+
1996,100,Male,200.28,83.0000376,0.41442,85+
1997,0,Female,175000.88,856.9793093600001,0.004897,0
1997,0,Male,184507.57,1076.97068609,0.005837,0
1997,1,Female,184010.19,78.02032056,4.24e-4,1-4
1997,1,Male,193137.91,85.94636994999999,4.45e-4,1-4
1997,2,Female,189230,53.93055,2.85e-4,1-4
1997,2,Male,198888.98,76.97003526,3.87e-4,1-4
1997,3,Female,190922.36,34.93879188,1.83e-4,1-4
1997,3,Male,201127.75,51.086448499999996,2.54e-4,1-4
1997,4,Female,194846.76,38.969352,2e-4,1-4
1997,4,Male,204760.61,32.96645821,1.61e-4,1-4
1997,5,Female,200297.49,24.0356988,1.2e-4,5-14
1997,5,Male,210009.37,26.04116188,1.24e-4,5-14
1997,6,Female,202191.26,34.97908798,1.73e-4,5-14
1997,6,Male,212211.33,39.046884719999994,1.84e-4,5-14
1997,7,Female,203253.37,28.048965059999997,1.38e-4,5-14
1997,7,Male,213549.26,43.99114756,2.06e-4,5-14
1997,8,Female,197304.62,28.01725604,1.42e-4,5-14
1997,8,Male,207096.9,33.9638916,1.64e-4,5-14
1997,9,Female,192677.56,26.0114706,1.35e-4,5-14
1997,9,Male,202011.3,33.937898399999995,1.68e-4,5-14
1997,10,Female,194329.17,24.09681708,1.24e-4,5-14
1997,10,Male,203992.32,43.042379520000004,2.11e-4,5-14
1997,11,Female,196606.58,25.95206856,1.32e-4,5-14
1997,11,Male,207319.28,35.03695832,1.69e-4,5-14
1997,12,Female,197718.69,40.92776883,2.07e-4,5-14
1997,12,Male,209167.02,47.89924758,2.29e-4,5-14
1997,13,Female,197584.71,36.948340769999994,1.87e-4,5-14
1997,13,Male,208740.57,46.96662825,2.25e-4,5-14
1997,14,Female,196848.02,25.98393864,1.32e-4,5-14
1997,14,Male,207799.62,70.02847194,3.37e-4,5-14
1997,15,Female,197446.18,59.03640782,2.99e-4,15-24
1997,15,Male,208487.79,72.9707265,3.5e-4,15-24
1997,16,Female,199238.13,79.09753761,3.97e-4,15-24
1997,16,Male,210410.63,136.97732013,6.51e-4,15-24
1997,17,Female,198213.82,59.06771836,2.98e-4,15-24
1997,17,Male,209719.67,164.00078194000002,7.82e-4,15-24
1997,18,Female,196561.45,63.096225450000006,3.21e-4,15-24
1997,18,Male,208572.34,206.90376128,9.92e-4,15-24
1997,19,Female,194816.32,73.05612,3.75e-4,15-24
1997,19,Male,206188.64,241.03452016,0.001169,15-24
1997,20,Female,195636.93,62.995091460000005,3.22e-4,15-24
1997,20,Male,205766.96,204.94389216,9.96e-4,15-24
1997,21,Female,198721.33,54.052201759999996,2.72e-4,15-24
1997,21,Male,207432.68,203.90632444,9.83e-4,15-24
1997,22,Female,197438.55,70.09068524999999,3.55e-4,15-24
1997,22,Male,205014.45,193.94366970000002,9.46e-4,15-24
1997,23,Female,194608.26,60.91238538,3.13e-4,15-24
1997,23,Male,201234.34,169.0368456,8.4e-4,15-24
1997,24,Female,197537.78,63.01455182,3.19e-4,15-24
1997,24,Male,203405.05,205.0322904,0.001008,15-24
1997,25,Female,201094.57,70.98638321,3.53e-4,25-34
1997,25,Male,206382.66,169.02739854,8.19e-4,25-34
1997,26,Female,211556.53,72.98700285,3.45e-4,25-34
1997,26,Male,216400,165.9788,7.67e-4,25-34
1997,27,Female,212191.65,68.96228624999999,3.25e-4,25-34
1997,27,Male,216982.95,197.0205186,9.08e-4,25-34
1997,28,Female,212923.6,90.0666828,4.23e-4,25-34
1997,28,Male,216931.58,191.9844483,8.85e-4,25-34
1997,29,Female,215162.71,91.01382632999999,4.23e-4,25-34
1997,29,Male,218528.73,237.97778696999998,0.001089,25-34
1997,30,Female,222423.49,92.97301882000001,4.18e-4,25-34
1997,30,Male,226067.55,212.0513619,9.38e-4,25-34
1997,31,Female,234546.84,110.94065532,4.73e-4,25-34
1997,31,Male,238982.65,260.0131232,0.001088,25-34
1997,32,Female,252277.24,127.90456067999999,5.07e-4,25-34
1997,32,Male,257447.82,307.90759272,0.001196,25-34
1997,33,Female,260926.28,123.939983,4.75e-4,25-34
1997,33,Male,266256.7,320.0405534,0.001202,25-34
1997,34,Female,266390.35,135.05990744999997,5.07e-4,25-34
1997,34,Male,271535.4,329.1009048,0.001212,25-34
1997,35,Female,265406.96,144.91220016000003,5.46e-4,35-44
1997,35,Male,269428.72,330.05018199999995,0.001225,35-44
1997,36,Female,267500.29,201.96271894999998,7.55e-4,35-44
1997,36,Male,270284.19,362.99166717,0.001343,35-44
1997,37,Female,264748.12,189.03015768,7.14e-4,35-44
1997,37,Male,266331.71,390.97495028000003,0.001468,35-44
1997,38,Female,263519.79,208.97119346999997,7.93e-4,35-44
1997,38,Male,264226.48,396.07549351999995,0.001499,35-44
1997,39,Female,259595.86,221.95446029999997,8.55e-4,35-44
1997,39,Male,260085.6,409.8949056,0.001576,35-44
1997,40,Female,256227.47,254.94633265000002,9.95e-4,35-44
1997,40,Male,256111.78,442.04893228000003,0.001726,35-44
1997,41,Female,249269.06,240.04610478,9.63e-4,35-44
1997,41,Male,248239.09,466.93772829,0.001881,35-44
1997,42,Female,247638.6,313.0151904,0.001264,35-44
1997,42,Male,245828.12,532.9553641599999,0.002168,35-44
1997,43,Female,241496.36,292.93508468,0.001213,35-44
1997,43,Male,238725.11,517.07858826,0.002166,35-44
1997,44,Female,231498.89,350.95231724,0.001516,35-44
1997,44,Male,228901.76,504.95728256,0.002206,35-44
1997,45,Female,222800.5,348.905583,0.001566,45-54
1997,45,Male,221387.59,522.0319372199999,0.002358,45-54
1997,46,Female,219423.59,392.98764969,0.001791,45-54
1997,46,Male,218617.01,564.0318857999999,0.00258,45-54
1997,47,Female,214527.92,373.92216456,0.001743,45-54
1997,47,Male,213760.52,644.91548884,0.003017,45-54
1997,48,Female,212199.78,401.90638332000003,0.001894,45-54
1997,48,Male,211398.07,705.01256345,0.003335,45-54
1997,49,Female,209670.03,508.03048268999993,0.002423,45-54
1997,49,Male,209046,706.993572,0.003382,45-54
1997,50,Female,208788.35,499.0041565000001,0.00239,45-54
1997,50,Male,208301.4,805.0849109999999,0.003865,45-54
1997,51,Female,183326.88,499.93240176,0.002727,45-54
1997,51,Male,182732.21,759.06960034,0.004154,45-54
1997,52,Female,170970.21,474.95524338,0.002778,45-54
1997,52,Male,170338.73,837.0445192200001,0.004914,45-54
1997,53,Female,165162.47,496.97387223,0.003009,45-54
1997,53,Male,164255.73,854.9510746500001,0.005205,45-54
1997,54,Female,160696.76,565.9739887200001,0.003522,45-54
1997,54,Male,159424.72,972.01251784,0.006097,45-54
1997,55,Female,150835.94,649.9520654600001,0.004309,55-64
1997,55,Male,149150.82,980.9649431400001,0.006577,55-64
1997,56,Female,145517.07,575.95656306,0.003958,55-64
1997,56,Male,143074.54,1027.9905699,0.007185,55-64
1997,57,Female,136428.36,658.9489788,0.00483,55-64
1997,57,Male,133559.22,1112.01406572,0.008326,55-64
1997,58,Female,133924.6,724.9338598,0.005413,55-64
1997,58,Male,130919.64,1173.95641188,0.008967,55-64
1997,59,Female,128979.88,751.9527004,0.00583,55-64
1997,59,Male,125752.33,1227.97150245,0.009765,55-64
1997,60,Female,125415.85,771.0566458000001,0.006148,55-64
1997,60,Male,121782.86,1333.03518556,0.010945999999999999,55-64
1997,61,Female,124661.4,884.9712786,0.007099,55-64
1997,61,Male,120425.14,1476.05094098,0.012257,55-64
1997,62,Female,122562.46,937.9705063800001,0.007653,55-64
1997,62,Male,117986.4,1549.0434456,0.013129,55-64
1997,63,Female,120048.85,1027.97830255,0.008563,55-64
1997,63,Male,115199.41,1727.99115,0.015,55-64
1997,64,Female,121951.21,1129.0243021800002,0.009258,55-64
1997,64,Male,116576.56,1847.9716291200002,0.015852,55-64
1997,65,Female,121866.76,1210.01506004,0.009929,65-74
1997,65,Male,115538.31,2126.02044231,0.018401,65-74
1997,66,Female,121195.8,1341.031527,0.011065,65-74
1997,66,Male,112995.1,2249.9584312,0.019912,65-74
1997,67,Female,119936.12,1477.0133177999999,0.012315,65-74
1997,67,Male,109676.56,2480.99346376,0.022621,65-74
1997,68,Female,116025.78,1590.94549536,0.013712,65-74
1997,68,Male,103947.95,2465.0216862999996,0.023714,65-74
1997,69,Female,114174.11,1646.96153675,0.014425,65-74
1997,69,Male,99870.92,2743.9535269999997,0.027475,65-74
1997,70,Female,111866.15,1802.9467395499998,0.016117,65-74
1997,70,Male,95030.56,2816.04058448,0.029633,65-74
1997,71,Female,111364.3,2035.9621326,0.018282,65-74
1997,71,Male,91483.95,2973.0454071,0.032498,65-74
1997,72,Female,109343.4,2144.9894778,0.019617,65-74
1997,72,Male,87106.15,3156.9881944499994,0.036243,65-74
1997,73,Female,105609.18,2333.962878,0.0221,65-74
1997,73,Male,81621.56,3194.01488592,0.039132,65-74
1997,74,Female,102580.7,2461.0135736999996,0.023991,65-74
1997,74,Male,77167.11,3359.00713119,0.043529,65-74
1997,75,Female,100060.31,2815.99730433,0.028143,75-84
1997,75,Male,73402.68,3530.00828388,0.048091,75-84
1997,76,Female,94747.64,2915.95336864,0.030776,75-84
1997,76,Male,67716.68,3682.0267583199993,0.054374,75-84
1997,77,Female,86326.38,2986.0294842000003,0.03459,75-84
1997,77,Male,59867.86,3522.0262038,0.05883,75-84
1997,78,Female,76881.84,2691.01816368,0.035002,75-84
1997,78,Male,51572.71,3281.98411898,0.063638,75-84
1997,79,Female,69864.03,3010.9999649399997,0.043098,75-84
1997,79,Male,45498.32,3258.9991632799997,0.071629,75-84
1997,80,Female,64323.3,3050.9827656,0.047432,75-84
1997,80,Male,40310.89,3302.99370482,0.081938,75-84
1997,81,Female,61401.13,3379.0269861599995,0.055032,75-84
1997,81,Male,37204.82,3455.99293462,0.092891,75-84
1997,82,Female,58676.41,3683.99840185,0.062785,75-84
1997,82,Male,34295.24,3424.0024663599997,0.099839,75-84
1997,83,Female,53974.09,3742.0236597,0.06933,75-84
1997,83,Male,30234.2,3343.9932226,0.110603,75-84
1997,84,Female,47991.1,3729.0044521999994,0.077702,75-84
1997,84,Male,25834.8,3133.0120308,0.121271,75-84
1997,85,Female,41923.29,3578.9912673000003,0.08537,85+
1997,85,Male,21479.3,2762.0017077,0.128589,85+
1997,86,Female,36693.71,3538.0075182,0.09642,85+
1997,86,Male,17790.35,2728.0078497,0.153342,85+
1997,87,Female,32164.91,3481.01521984,0.108224,85+
1997,87,Male,14798.36,2363.0021248,0.15968,85+
1997,88,Female,27580.29,3424.01026263,0.124147,85+
1997,88,Male,12013.52,2130.9942181600004,0.177383,85+
1997,89,Female,23502.04,3206.99437024,0.136456,85+
1997,89,Male,9717.76,1872.00013312,0.192637,85+
1997,90,Female,19348.99,2938.9954870600004,0.151894,85+
1997,90,Male,7526.27,1517.00250747,0.201561,85+
1997,91,Female,15792.39,2869.0034913,0.18167,85+
1997,91,Male,5656.89,1338.00156414,0.236526,85+
1997,92,Female,12779.89,2427.0033501199996,0.189908,85+
1997,92,Male,4339.5,1101.998667,0.253946,85+
1997,93,Female,10055.76,2121.00112224,0.210924,85+
1997,93,Male,3336.43,903.0014430699998,0.270649,85+
1997,94,Female,7862.39,1841.00220567,0.234153,85+
1997,94,Male,2457.95,760.0005979499999,0.309201,85+
1997,95,Female,5933.78,1518.0033347199999,0.255824,85+
1997,95,Male,1678.19,550.00159965,0.327735,85+
1997,96,Female,4392.9,1260.9995165999999,0.287054,85+
1997,96,Male,1152.23,419.9993573,0.36451,85+
1997,97,Female,3139.52,949.0015475199999,0.302276,85+
1997,97,Male,773.84,289.99886152,0.374753,85+
1997,98,Female,2205.43,743.00275071,0.336897,85+
1997,98,Male,492.67,201.99864136,0.410008,85+
1997,99,Female,1557.87,515.9992592699999,0.331221,85+
1997,99,Male,298.04,135.99833436,0.456309,85+
1997,100,Female,1042.52,416.99965984,0.399992,85+
1997,100,Male,202.41,93.00071547,0.459467,85+
1998,0,Female,168835.02,809.05741584,0.004792,0
1998,0,Male,177500.94,1003.05781194,0.005651,0
1998,1,Female,176913.96,70.05792815999999,3.96e-4,1-4
1998,1,Male,185889.99,74.91366597,4.03e-4,1-4
1998,2,Female,185299.36,33.909782879999995,1.83e-4,1-4
1998,2,Male,194371.51,57.92270998,2.98e-4,1-4
1998,3,Female,190207.95,37.09055025,1.95e-4,1-4
1998,3,Male,199854.11,38.97155145,1.95e-4,1-4
1998,4,Female,191834.43,29.92617108,1.56e-4,1-4
1998,4,Male,201989.66,45.04369418,2.23e-4,1-4
1998,5,Female,195879.87,31.92841881,1.63e-4,5-14
1998,5,Male,205686.68,38.0520358,1.85e-4,5-14
1998,6,Female,201537.96,25.998396839999998,1.29e-4,5-14
1998,6,Male,211102.06,27.021063679999997,1.28e-4,5-14
1998,7,Female,203387.05,23.9996719,1.18e-4,5-14
1998,7,Male,213389.23,36.91633679,1.73e-4,5-14
1998,8,Female,204443.64,28.008778680000002,1.37e-4,5-14
1998,8,Male,214729.96,27.05597496,1.26e-4,5-14
1998,9,Female,198516.18,21.04271508,1.06e-4,5-14
1998,9,Male,208268.15,24.992178,1.2e-4,5-14
1998,10,Female,193906.6,31.025056000000003,1.6e-4,5-14
1998,10,Male,203228.28,24.997078440000003,1.23e-4,5-14
1998,11,Female,195713.65,18.984224049999998,9.7e-5,5-14
1998,11,Male,205417.25,38.00219125,1.85e-4,5-14
1998,12,Female,198242.42,22.004908620000002,1.11e-4,5-14
1998,12,Male,209155.84,37.020583679999994,1.77e-4,5-14
1998,13,Female,199497.39,28.927121550000003,1.45e-4,5-14
1998,13,Male,211310.67,35.07757122,1.66e-4,5-14
1998,14,Female,199285.54,34.077827340000006,1.71e-4,5-14
1998,14,Male,210875.24,74.01720924,3.51e-4,5-14
1998,15,Female,198526.98,50.02879896,2.52e-4,15-24
1998,15,Male,209937.65,78.93655639999999,3.76e-4,15-24
1998,16,Female,199346.29,62.99342764,3.16e-4,15-24
1998,16,Male,210590.14,112.03395448000002,5.32e-4,15-24
1998,17,Female,201318.05,49.9268764,2.48e-4,15-24
1998,17,Male,212394.84,121.91463816,5.74e-4,15-24
1998,18,Female,199997.29,73.9989973,3.7e-4,15-24
1998,18,Male,211683.18,171.04000944,8.08e-4,15-24
1998,19,Female,198508.55,73.0511464,3.68e-4,15-24
1998,19,Male,210219.04,245.9562768,0.00117,15-24
1998,20,Female,196389.98,61.07728378000001,3.11e-4,15-24
1998,20,Male,207119.22,201.9412395,9.75e-4,15-24
1998,21,Female,197081.8,55.9712312,2.84e-4,15-24
1998,21,Male,206439.11,228.94097298999998,0.001109,15-24
1998,22,Female,199716.85,64.90797625,3.25e-4,15-24
1998,22,Male,208190.08,184.04003072,8.84e-4,15-24
1998,23,Female,198080.98,56.05691734,2.83e-4,15-24
1998,23,Male,205817.11,200.05423091999998,9.72e-4,15-24
1998,24,Female,195568.7,71.9692816,3.68e-4,15-24
1998,24,Male,201820.68,194.95877688,9.66e-4,15-24
1998,25,Female,198535.1,61.9429512,3.12e-4,25-34
1998,25,Male,203984.14,191.94907574,9.41e-4,25-34
1998,26,Female,202355.87,73.05046906999999,3.61e-4,25-34
1998,26,Male,207131.64,194.91087324,9.41e-4,25-34
1998,27,Female,212963.27,60.90749522,2.86e-4,25-34
1998,27,Male,217541.3,189.91355489999998,8.73e-4,25-34
1998,28,Female,213765.6,76.1005536,3.56e-4,25-34
1998,28,Male,218276.14,213.91061720000002,9.8e-4,25-34
1998,29,Female,214409.74,76.97309666,3.59e-4,25-34
1998,29,Male,218274.66,209.10712428,9.58e-4,25-34
1998,30,Female,216522.2,98.08455660000001,4.53e-4,25-34
1998,30,Male,219663.32,224.93523968,0.001024,25-34
1998,31,Female,223615.49,110.01882108000001,4.92e-4,25-34
1998,31,Male,227012.27,222.92604914,9.82e-4,25-34
1998,32,Female,235825.62,99.99006288,4.24e-4,25-34
1998,32,Male,239900.04,268.92794484,0.001121,25-34
1998,33,Female,253783.36,119.02439584,4.69e-4,25-34
1998,33,Male,258370.4,325.0299632,0.001258,25-34
1998,34,Female,262439.97,143.02978364999998,5.45e-4,25-34
1998,34,Male,267373.7,282.8813746,0.001058,25-34
1998,35,Female,267825.07,162.03416735,6.05e-4,35-44
1998,35,Male,272533.6,328.94805519999994,0.001207,35-44
1998,36,Female,266691.13,194.95121603,7.31e-4,35-44
1998,36,Male,270468.14,354.04279526000005,0.001309,35-44
1998,37,Female,268625.23,182.12790593999998,6.78e-4,35-44
1998,37,Male,271272.73,409.07927684,0.001508,35-44
1998,38,Female,265792.16,192.96510815999997,7.26e-4,35-44
1998,38,Male,267110.82,368.88004242000005,0.001381,35-44
1998,39,Female,264309.08,254.00102588000001,9.61e-4,35-44
1998,39,Male,264777.7,414.90665590000003,0.001567,35-44
1998,40,Female,260361.47,266.87050675,0.001025,35-44
1998,40,Male,260557.18,457.01729371999994,0.001754,35-44
1998,41,Female,256822.5,287.8980225,0.001121,35-44
1998,41,Male,256304.46,482.10868926,0.001881,35-44
1998,42,Female,249811.92,262.05270408,0.001049,35-44
1998,42,Male,248333.1,460.9062336,0.001856,35-44
1998,43,Female,248202.96,336.06680783999997,0.001354,35-44
1998,43,Male,245912.53,495.02192289,0.002013,35-44
1998,44,Female,241914.8,338.92263479999997,0.001401,35-44
1998,44,Male,238793.33,537.04619917,0.002249,35-44
1998,45,Female,231738.66,358.96318434,0.001549,45-54
1998,45,Male,228880.7,549.0847993000001,0.002399,45-54
1998,46,Female,223123.9,383.1037363,0.001717,45-54
1998,46,Male,221338.14,604.0317840600001,0.002729,45-54
1998,47,Female,219740.54,383.00776122,0.001743,45-54
1998,47,Male,218553.04,615.0082545600001,0.002814,45-54
1998,48,Female,214655.38,399.90297294000004,0.001863,45-54
1998,48,Male,213562.49,650.93846952,0.003048,45-54
1998,49,Female,212109.8,502.91233579999994,0.002371,45-54
1998,49,Male,211041.61,696.01522978,0.003298,45-54
1998,50,Female,209557,567.8994700000001,0.00271,45-54
1998,50,Male,208859.02,769.0189116399999,0.003682,45-54
1998,51,Female,208677.17,594.10390299,0.002847,45-54
1998,51,Male,208025.32,890.9724455600001,0.004283,45-54
1998,52,Female,182906.26,513.0520593000001,0.002805,45-54
1998,52,Male,182133.66,809.94838602,0.0044470000000000004,45-54
1998,53,Female,170439.58,538.07775406,0.003157,45-54
1998,53,Male,169618.81,857.08384693,0.005053,45-54
1998,54,Female,164768.68,549.99785384,0.003338,45-54
1998,54,Male,163652.75,889.9436545,0.005438,45-54
1998,55,Female,160323.33,645.9426965699998,0.004029,55-64
1998,55,Male,158823.07,954.0501814900001,0.006007,55-64
1998,56,Female,150444.15,706.03439595,0.004693,55-64
1998,56,Male,148460.81,1061.94017393,0.007153,55-64
1998,57,Female,145118.02,670.0098983399998,0.004617,55-64
1998,57,Male,142252.69,1160.0706869500002,0.008155,55-64
1998,58,Female,135934.8,661.0509324,0.004863,55-64
1998,58,Male,132580.62,1087.0285033799998,0.008199,55-64
1998,59,Female,133388.78,746.977168,0.0056,55-64
1998,59,Male,129845.57,1251.97098594,0.009642,55-64
1998,60,Female,128405.56,813.06400592,0.006332,55-64
1998,60,Male,124600.65,1257.9681624,0.010096,55-64
1998,61,Female,124817.14,872.97107716,0.006994,55-64
1998,61,Male,120517.84,1465.9790057599998,0.012164,55-64
1998,62,Female,124081.42,918.94699652,0.007406,55-64
1998,62,Male,119141.4,1479.0213396,0.012414,55-64
1998,63,Female,121942.21,992.9754160299999,0.008143,55-64
1998,63,Male,116544.7,1686.0521749,0.014467,55-64
1998,64,Female,119261.42,1054.9865213199998,0.008846,55-64
1998,64,Male,113679.07,1694.0455011400002,0.014902,55-64
1998,65,Female,121083.34,1252.0017356,0.01034,65-74
1998,65,Male,114864.63,2034.0228680400003,0.017708,65-74
1998,66,Female,120901.11,1312.0188457200002,0.010852,65-74
1998,66,Male,113593.94,2365.0258308,0.02082,65-74
1998,67,Female,120072.66,1455.04049388,0.012118,65-74
1998,67,Male,110947.78,2395.0297268599998,0.021587,65-74
1998,68,Female,118641.71,1483.9705086800002,0.012508,65-74
1998,68,Male,107395.62,2550.96816186,0.023753,65-74
1998,69,Female,114598.6,1665.0030594000002,0.014529,65-74
1998,69,Male,101495.51,2669.02742647,0.026297,65-74
1998,70,Female,112560.56,1826.9704493599997,0.016231,65-74
1998,70,Male,97276.05,2866.0442611500002,0.029463,65-74
1998,71,Female,110103.22,1956.9746322800002,0.017774,65-74
1998,71,Male,92262.19,3007.0092964800006,0.032592,65-74
1998,72,Female,109345.11,2147.9753408399997,0.019644,65-74
1998,72,Male,88593,3202.016799,0.036143,65-74
1998,73,Female,107180.27,2329.0272671,0.02173,65-74
1998,73,Male,83982.96,3133.9921183200004,0.037317,65-74
1998,74,Female,103182.72,2521.99204224,0.024442,65-74
1998,74,Male,78397.5,3434.9864625,0.043815,65-74
1998,75,Female,100021.67,2633.97065778,0.026334,75-84
1998,75,Male,73850.3,3407.0097402,0.046134,75-84
1998,76,Female,97276.94,2858.9692666,0.02939,75-84
1998,76,Male,69899.49,3728.01939966,0.053334,75-84
1998,77,Female,91882.51,3025.9667018299997,0.032933,75-84
1998,77,Male,64137.61,3638.0135144200003,0.056722,75-84
1998,78,Female,83374.91,3169.99745311,0.038021,75-84
1998,78,Male,56299.2,3746.993256,0.066555,75-84
1998,79,Female,73864.84,3054.9759175599997,0.041359,75-84
1998,79,Male,48091.75,3388.9775307500004,0.070469,75-84
1998,80,Female,65635.65,3058.03056915,0.046591,75-84
1998,80,Male,41078.39,3325.99400313,0.080967,75-84
1998,81,Female,61155.46,3263.98921112,0.053372,75-84
1998,81,Male,36972.89,3370.00497772,0.091148,75-84
1998,82,Female,57983.8,3383.0068272000003,0.058344,75-84
1998,82,Male,33799.15,3413.00436785,0.100979,75-84
1998,83,Female,55034.08,3824.97862816,0.069502,75-84
1998,83,Male,30827.57,3409.99165555,0.110615,75-84
1998,84,Female,50131.42,3805.9774064,0.07592,75-84
1998,84,Male,26975.54,3299.00063984,0.122296,75-84
1998,85,Female,44280.43,3687.0100039500003,0.083265,85+
1998,85,Male,22752.97,3099.00001994,0.136202,85+
1998,86,Female,38267.12,3678.0059716800006,0.096114,85+
1998,86,Male,18646.3,2762.0018338,0.148126,85+
1998,87,Female,33104.38,3629.99458014,0.109653,85+
1998,87,Male,15243.85,2427.0038461999998,0.159212,85+
1998,88,Female,28612.91,3563.99545669,0.124559,85+
1998,88,Male,12475.19,2270.99606279,0.182041,85+
1998,89,Female,24209.96,3325.98851476,0.137381,85+
1998,89,Male,9958.69,1894.9992853400001,0.190286,85+
1998,90,Female,20327.71,3181.99808485,0.156535,85+
1998,90,Male,7959.59,1704.9998951300001,0.214207,85+
1998,91,Female,16409.16,2791.00120608,0.170088,85+
1998,91,Male,6064.77,1353.00166884,0.223092,85+
1998,92,Female,13169.22,2481.00203268,0.188394,85+
1998,92,Male,4442.22,1160.00135082,0.261131,85+
1998,93,Female,10442.89,2212.00251691,0.211819,85+
1998,93,Male,3303.5,889.0015814999999,0.269109,85+
1998,94,Female,8025.76,1920.0025648,0.23923,85+
1998,94,Male,2503.26,785.9986074000001,0.31399,85+
1998,95,Female,6167.23,1506.0005626199998,0.244194,85+
1998,95,Male,1792.78,579.99839282,0.323519,85+
1998,96,Female,4539.77,1256.0000068200002,0.276666,85+
1998,96,Male,1208.69,407.0021837,0.33673,85+
1998,97,Female,3274.9,1076.001144,0.32856,85+
1998,97,Male,796.73,312.99936415,0.392855,85+
1998,98,Female,2251.52,769.00215296,0.341548,85+
1998,98,Male,528.18,204.00107412,0.386234,85+
1998,99,Female,1569.93,549.00138114,0.349698,85+
1998,99,Male,319.51,126.00132457999999,0.394358,85+
1998,100,Female,1079.7,429.99916260000003,0.398258,85+
1998,100,Male,192.21,87.0000123,0.45263,85+
1999,0,Female,165606.86,788.95108104,0.004764,0
1999,0,Male,173785.53,986.92802487,0.005679,0
1999,1,Female,171103.22,71.00783630000001,4.15e-4,1-4
1999,1,Male,179242.25,81.91370825,4.57e-4,1-4
1999,2,Female,178519.48,38.91724664,2.18e-4,1-4
1999,2,Male,187418.49,47.97913344,2.56e-4,1-4
1999,3,Female,186487.12,35.99201416,1.93e-4,1-4
1999,3,Male,195526.48,50.05477888,2.56e-4,1-4
1999,4,Female,191226.4,26.9629224,1.41e-4,1-4
1999,4,Male,200893.32,33.95097108,1.69e-4,1-4
1999,5,Female,192947.35,28.942102499999997,1.5e-4,5-14
1999,5,Male,203089.09,44.070332529999995,2.17e-4,5-14
1999,6,Female,197056.14,19.90267014,1.01e-4,5-14
1999,6,Male,206761.1,27.085704100000005,1.31e-4,5-14
1999,7,Female,202632.12,17.021098079999998,8.4e-5,5-14
1999,7,Male,212174.6,29.916618600000003,1.41e-4,5-14
1999,8,Female,204406.69,24.93761618,1.22e-4,5-14
1999,8,Male,214448.09,25.09042653,1.17e-4,5-14
1999,9,Female,205594.79,24.05459043,1.17e-4,5-14
1999,9,Male,215911.08,42.96630492,1.99e-4,5-14
1999,10,Female,199665.7,18.9682415,9.5e-5,5-14
1999,10,Male,209430.05,51.9386524,2.48e-4,5-14
1999,11,Female,194996.97,22.03465761,1.13e-4,5-14
1999,11,Male,204309.69,29.011975980000003,1.42e-4,5-14
1999,12,Female,197081.89,21.087762230000003,1.07e-4,5-14
1999,12,Male,206783.79,34.94646051,1.69e-4,5-14
1999,13,Female,199822.62,23.9787144,1.2e-4,5-14
1999,13,Male,210952.6,40.080994000000004,1.9e-4,5-14
1999,14,Female,201153.72,30.97767288,1.54e-4,5-14
1999,14,Male,213220.22,56.929798739999995,2.67e-4,5-14
1999,15,Female,200998.03,55.07346022,2.74e-4,15-24
1999,15,Male,212934.38,83.0444082,3.9e-4,15-24
1999,16,Female,200423.49,61.93085840999999,3.09e-4,15-24
1999,16,Male,212020.85,113.00711305000002,5.33e-4,15-24
1999,17,Female,201448.94,63.05351822000001,3.13e-4,15-24
1999,17,Male,212580.12,149.01866412,7.01e-4,15-24
1999,18,Female,203312.59,78.07203456,3.84e-4,15-24
1999,18,Male,214565.56,184.95551272,8.62e-4,15-24
1999,19,Female,202468.55,79.97507725,3.95e-4,15-24
1999,19,Male,213949.3,195.9775588,9.16e-4,15-24
1999,20,Female,200639.72,70.02326228000001,3.49e-4,15-24
1999,20,Male,211613.2,249.06873640000003,0.001177,15-24
1999,21,Female,198277.71,51.94876002,2.62e-4,15-24
1999,21,Male,208183.56,179.03786159999999,8.6e-4,15-24
1999,22,Female,198530.95,68.09611585,3.43e-4,15-24
1999,22,Male,207512.04,201.90921492,9.73e-4,15-24
1999,23,Female,200809.84,62.05024055999999,3.09e-4,15-24
1999,23,Male,209400.85,188.04196330000002,8.98e-4,15-24
1999,24,Female,199288.69,58.98945224,2.96e-4,15-24
1999,24,Male,206820.43,155.94260422,7.54e-4,15-24
1999,25,Female,196769.75,84.02068325,4.27e-4,25-34
1999,25,Male,202681.51,165.99615669,8.19e-4,25-34
1999,26,Female,199867.36,77.9482704,3.9e-4,25-34
1999,26,Male,204908.97,197.94206502,9.66e-4,25-34
1999,27,Female,203842.45,78.07165835,3.83e-4,25-34
1999,27,Male,208444.18,185.09843184,8.88e-4,25-34
1999,28,Female,214833.35,73.9026724,3.44e-4,25-34
1999,28,Male,219200.41,195.96516654,8.94e-4,25-34
1999,29,Female,215618.17,65.97916002000001,3.06e-4,25-34
1999,29,Male,220063.63,205.09930316,9.32e-4,25-34
1999,30,Female,216143.61,84.07986429,3.89e-4,25-34
1999,30,Male,219933.77,215.09522705999998,9.78e-4,25-34
1999,31,Female,217984.58,93.95135398,4.31e-4,25-34
1999,31,Male,221077.7,236.99529440000003,0.001072,25-34
1999,32,Female,224926.21,109.98891668999998,4.89e-4,25-34
1999,32,Male,228105.26,221.94641798,9.73e-4,25-34
1999,33,Female,237088.75,111.90589,4.72e-4,25-34
1999,33,Male,240802.62,255.97318505999996,0.001063,25-34
1999,34,Female,255254.13,123.03249066000001,4.82e-4,25-34
1999,34,Male,259507.68,311.92823136,0.001202,25-34
1999,35,Female,263949.41,154.93830366999998,5.87e-4,35-44
1999,35,Male,268552.7,334.88521690000005,0.001247,35-44
1999,36,Female,269153.47,170.10499303999998,6.32e-4,35-44
1999,36,Male,273723.57,336.95371467,0.001231,35-44
1999,37,Female,267709.58,223.00208014,8.33e-4,35-44
1999,37,Male,271481.95,342.06725700000004,0.00126,35-44
1999,38,Female,269559.29,198.93475602,7.38e-4,35-44
1999,38,Male,272068.23,387.96929597999997,0.001426,35-44
1999,39,Female,266564.04,254.03553011999998,9.53e-4,35-44
1999,39,Male,267813.12,410.02188672,0.001531,35-44
1999,40,Female,264910.25,291.93109549999997,0.001102,35-44
1999,40,Male,265188.97,426.95424169999995,0.00161,35-44
1999,41,Female,260817.4,315.0674192,0.001208,35-44
1999,41,Male,260696.01,465.08168184,0.001784,35-44
1999,42,Female,257215.43,296.05495992999994,0.001151,35-44
1999,42,Male,256356.57,537.06701415,0.002095,35-44
1999,43,Female,250132.79,315.91771377000003,0.001263,35-44
1999,43,Male,248189.53,508.04396791000005,0.002047,35-44
1999,44,Female,248457.54,352.06433418,0.001417,35-44
1999,44,Male,245795.56,555.00637448,0.002258,35-44
1999,45,Female,242079.72,348.11063736,0.001438,45-54
1999,45,Male,238566.25,613.1152625,0.00257,45-54
1999,46,Female,231833.48,395.97158384000005,0.001708,45-54
1999,46,Male,228562.7,610.9480971,0.002673,45-54
1999,47,Female,223207.87,345.9721985,0.00155,45-54
1999,47,Male,220990.89,643.0834899,0.00291,45-54
1999,48,Female,219836.22,397.02421332,0.001806,45-54
1999,48,Male,218185.57,708.01217465,0.003245,45-54
1999,49,Female,214566.07,443.07893455,0.002065,45-54
1999,49,Male,213023.51,708.0901472400001,0.003324,45-54
1999,50,Female,211801.04,485.0243816,0.00229,45-54
1999,50,Male,210428.48,757.9633849600001,0.003602,45-54
1999,51,Female,209365.51,529.06664377,0.002527,45-54
1999,51,Male,208383.1,869.9994425,0.004175,45-54
1999,52,Female,208442.76,630.9562345200001,0.003027,45-54
1999,52,Male,207526.62,914.9848675799999,0.004409,45-54
1999,53,Female,182373.81,595.08574203,0.003263,45-54
1999,53,Male,181357.01,834.96767404,0.004604,45-54
1999,54,Female,169764.41,606.0589437,0.00357,45-54
1999,54,Male,168752.43,965.93890932,0.005724,45-54
1999,55,Female,164310.92,662.9945622000001,0.004035,55-64
1999,55,Male,162952.92,992.05737696,0.006088,55-64
1999,56,Female,159841.35,655.0298523,0.004098,55-64
1999,56,Male,158131.3,1050.9406198,0.006646,55-64
1999,57,Female,149941.94,708.02584068,0.004722,55-64
1999,57,Male,147653.11,1172.07038718,0.007938,55-64
1999,58,Female,144629.84,731.97162024,0.005061,55-64
1999,58,Male,141208.4,1193.0697716,0.008449,55-64
1999,59,Female,135347.43,705.02476287,0.005209,55-64
1999,59,Male,131522.66,1220.00419416,0.009276,55-64
1999,60,Female,132804.94,826.0467268,0.00622,55-64
1999,60,Male,128643.86,1377.00387744,0.010704,55-64
1999,61,Female,127719.77,854.0621019900001,0.006687,55-64
1999,61,Male,123337.17,1436.0146703100002,0.011643,55-64
1999,62,Female,124090.43,873.9688984899999,0.007043,55-64
1999,62,Male,119143.07,1449.9711619000002,0.01217,55-64
1999,63,Female,123455.5,969.0022195,0.007849,55-64
1999,63,Male,117704.69,1609.0231123,0.01367,55-64
1999,64,Female,121154.81,1058.0449557299999,0.008733,55-64
1999,64,Male,115018.1,1698.0122103,0.014763,55-64
1999,65,Female,118361.72,1125.0281486,0.009505,65-74
1999,65,Male,111930.55,1940.98766755,0.017341,65-74
1999,66,Female,120049.51,1339.99263062,0.011162,65-74
1999,66,Male,112930.39,2192.99524341,0.019419,65-74
1999,67,Female,119749,1411.002467,0.011783,65-74
1999,67,Male,111495.3,2203.0356327,0.019759,65-74
1999,68,Female,118830.49,1451.03911339,0.012211,65-74
1999,68,Male,108704.85,2486.9495583,0.022878,65-74
1999,69,Female,117219.57,1666.97950497,0.014221,65-74
1999,69,Male,104937.48,2746.00397664,0.026168,65-74
1999,70,Female,113000.14,1704.0421112,0.01508,65-74
1999,70,Male,98848.18,2874.9993152999996,0.029085,65-74
1999,71,Female,110818.29,1895.9901236099997,0.017109,65-74
1999,71,Male,94518.69,2952.95291298,0.031242,65-74
1999,72,Female,108198.97,2003.95312337,0.018521,65-74
1999,72,Male,89466.32,3043.0179421600005,0.034013,65-74
1999,73,Female,107165.67,2257.01617587,0.021061,65-74
1999,73,Male,85579.43,3183.0413194199996,0.037194,65-74
1999,74,Female,104739.76,2460.02274312,0.023487,65-74
1999,74,Male,80773.65,3403.9631582999996,0.042142,65-74
1999,75,Female,100623.49,2542.95683928,0.025272,75-84
1999,75,Male,75009.76,3539.0354865599998,0.047181,75-84
1999,76,Female,97229.47,2782.99911981,0.028623,75-84
1999,76,Male,70334.5,3566.0294845000003,0.050701,75-84
1999,77,Female,94329.19,3034.00406716,0.032164,75-84
1999,77,Male,66264.22,3699.99525214,0.055837,75-84
1999,78,Female,88803.17,3212.9874937699997,0.036181,75-84
1999,78,Male,60477.28,3778.98331808,0.062486,75-84
1999,79,Female,80243.26,3486.00794418,0.043443,75-84
1999,79,Male,52647.69,3703.97558226,0.070354,75-84
1999,80,Female,68019.51,3179.9801120099996,0.046751,75-84
1999,80,Male,42513.04,3335.9982488,0.07847,75-84
1999,81,Female,62437.9,3239.0285003999998,0.051876,75-84
1999,81,Male,37728.58,3379.0093533800004,0.089561,75-84
1999,82,Female,57841.21,3304.98889819,0.057139,75-84
1999,82,Male,33657.7,3222.9940365999996,0.095758,75-84
1999,83,Female,54545.9,3535.0106872,0.064808,75-84
1999,83,Male,30485.22,3248.9928067200003,0.106576,75-84
1999,84,Female,51223.05,3940.9990209000007,0.076938,75-84
1999,84,Male,27485.42,3339.0112778599996,0.121483,75-84
1999,85,Female,46315.27,3975.98066842,0.085846,85+
1999,85,Male,23739.56,3225.9925479600006,0.135891,85+
1999,86,Female,40473.33,3839.0167704900005,0.094853,85+
1999,86,Male,19738.88,2878.9946035200005,0.145854,85+
1999,87,Female,34569.63,3646.9922561099993,0.105497,85+
1999,87,Male,15994.45,2620.0028711500004,0.163807,85+
1999,88,Female,29505.68,3597.00794312,0.121909,85+
1999,88,Male,12845.09,2297.99944609,0.178901,85+
1999,89,Female,25127.22,3469.99370034,0.138097,85+
1999,89,Male,10348.74,2047.00146948,0.197802,85+
1999,90,Female,20940.36,3099.98995404,0.148039,85+
1999,90,Male,8109.13,1759.00004308,0.216916,85+
1999,91,Female,17341.83,2948.0070490200005,0.169994,85+
1999,91,Male,6388.27,1465.99936441,0.229483,85+
1999,92,Female,13711.17,2617.99708863,0.190939,85+
1999,92,Male,4767.92,1224.0013507200001,0.256716,85+
1999,93,Female,10785.52,2301.00440784,0.213342,85+
1999,93,Male,3393.27,925.00200872999994,0.272599,85+
1999,94,Female,8329.77,1932.99809643,0.232059,85+
1999,94,Male,2464.22,770.9977609399999,0.312877,85+
1999,95,Female,6284.36,1660.0011252799998,0.264148,85+
1999,95,Male,1802.98,604.00190596,0.335002,85+
1999,96,Female,4731.12,1317.0018744,0.27837,85+
1999,96,Male,1277.35,466.00027229999995,0.364818,85+
1999,97,Female,3370.82,1059.99816966,0.314463,85+
1999,97,Male,837.6,328.0008096,0.391596,85+
1999,98,Female,2317.51,884.0002844400001,0.381444,85+
1999,98,Male,532,254.99824,0.47932,85+
1999,99,Female,1594.38,490.00080540000005,0.30733,85+
1999,99,Male,344.38,129.99931744,0.377488,85+
1999,100,Female,1089.4,441.99899380000005,0.405727,85+
1999,100,Male,213.19,87.0007071,0.40809,85+
2000,0,Female,165025.52,751.03114152,0.004551,0
2000,0,Male,173589.54,985.9885872000001,0.00568,0
2000,1,Female,168340.51,55.04734677,3.27e-4,1-4
2000,1,Male,176027.35,57.0328614,3.24e-4,1-4
2000,2,Female,173284.92,35.00355384,2.02e-4,1-4
2000,2,Male,181402.05,33.0151731,1.82e-4,1-4
2000,3,Female,180266.26,23.975412580000004,1.33e-4,1-4
2000,3,Male,189253.06,41.067914019999996,2.17e-4,1-4
2000,4,Female,188190.42,15.996185700000002,8.5e-5,1-4
2000,4,Male,197086.52,39.023130959999996,1.98e-4,1-4
2000,5,Female,192321.05,26.924946999999996,1.4e-4,5-14
2000,5,Male,202197.96,41.046185879999996,2.03e-4,5-14
2000,6,Female,194246.43,13.014510809999999,6.7e-5,5-14
2000,6,Male,204368.19,32.08580583,1.57e-4,5-14
2000,7,Female,198271.76,18.04273016,9.1e-5,5-14
2000,7,Male,208024.77,23.09074947,1.11e-4,5-14
2000,8,Female,203729.7,16.0946463,7.9e-5,5-14
2000,8,Male,213246.57,20.89816386,9.8e-5,5-14
2000,9,Female,205443.99,29.994822539999998,1.46e-4,5-14
2000,9,Male,215583.66,32.98429998,1.53e-4,5-14
2000,10,Female,206818.1,17.9931747,8.7e-5,5-14
2000,10,Male,217249.57,24.983700550000002,1.15e-4,5-14
2000,11,Female,200621.61,23.071485149999997,1.15e-4,5-14
2000,11,Male,210373.86,18.9336474,9e-5,5-14
2000,12,Female,196293.49,24.92927323,1.27e-4,5-14
2000,12,Male,205643.8,37.015884,1.8e-4,5-14
2000,13,Female,198673.93,35.95998133,1.81e-4,5-14
2000,13,Male,208585.74,33.99947562,1.63e-4,5-14
2000,14,Female,201466.23,37.06978632,1.84e-4,5-14
2000,14,Male,212795.49,74.90401247999999,3.52e-4,5-14
2000,15,Female,202927.21,53.97863786,2.66e-4,15-24
2000,15,Male,215258.31,74.04885864,3.44e-4,15-24
2000,16,Female,202998.07,51.96750592,2.56e-4,15-24
2000,16,Male,215186.85,120.93500970000001,5.62e-4,15-24
2000,17,Female,202711.87,68.9220358,3.4e-4,15-24
2000,17,Male,214388.32,144.06895104,6.72e-4,15-24
2000,18,Female,203846.5,85.0039905,4.17e-4,15-24
2000,18,Male,215201.13,179.90814468000002,8.36e-4,15-24
2000,19,Female,206628.23,77.07232979000001,3.73e-4,15-24
2000,19,Male,217817.64,192.98642904,8.86e-4,15-24
2000,20,Female,205232.12,77.9882056,3.8e-4,15-24
2000,20,Male,216140.07,218.08533063,0.001009,15-24
2000,21,Female,203231.84,76.00870816,3.74e-4,15-24
2000,21,Male,213348.98,196.06771262,9.19e-4,15-24
2000,22,Female,200376.27,65.92379283,3.29e-4,15-24
2000,22,Male,209868.95,171.04319425,8.15e-4,15-24
2000,23,Female,200367.58,67.92460962,3.39e-4,15-24
2000,23,Male,209363.75,173.98127625,8.31e-4,15-24
2000,24,Female,202370.33,72.04383748,3.56e-4,15-24
2000,24,Male,211091.14,199.05894502,9.43e-4,15-24
2000,25,Female,200850.7,68.08838730000001,3.39e-4,25-34
2000,25,Male,208341.5,160.006272,7.68e-4,25-34
2000,26,Female,198380.19,67.05250422,3.38e-4,25-34
2000,26,Male,204005.71,169.93675642999997,8.33e-4,25-34
2000,27,Female,201895.35,57.94396545,2.87e-4,25-34
2000,27,Male,206940.98,167.00137086,8.07e-4,25-34
2000,28,Female,206081.24,72.95275896,3.54e-4,25-34
2000,28,Male,210763.11,189.89756211,9.01e-4,25-34
2000,29,Female,217356.22,93.89788704,4.32e-4,25-34
2000,29,Male,222038.9,172.96830309999999,7.79e-4,25-34
2000,30,Female,217708.8,97.0981248,4.46e-4,25-34
2000,30,Male,222419.22,195.06165593999998,8.77e-4,25-34
2000,31,Female,218109.23,97.93104427000002,4.49e-4,25-34
2000,31,Male,222129.05,189.92033775,8.55e-4,25-34
2000,32,Female,219914.44,85.98654604000001,3.91e-4,25-34
2000,32,Male,223110.84,244.97570232,0.001098,25-34
2000,33,Female,226504.9,110.0813814,4.86e-4,25-34
2000,33,Male,229765.12,241.02361088,0.001049,25-34
2000,34,Female,238771.27,133.95068246999998,5.61e-4,25-34
2000,34,Male,242505.28,249.05292255999998,0.001027,25-34
2000,35,Female,257017.81,161.92122030000002,6.3e-4,35-44
2000,35,Male,261296.17,316.95225421000004,0.001213,35-44
2000,36,Female,265372.89,166.91954781,6.29e-4,35-44
2000,36,Male,269981.71,332.88744843,0.001233,35-44
2000,37,Female,270378.25,200.89103974999998,7.43e-4,35-44
2000,37,Male,275096.43,336.99312675,0.001225,35-44
2000,38,Female,268522.62,200.0493519,7.45e-4,35-44
2000,38,Male,272424.71,402.09887196000005,0.001476,35-44
2000,39,Female,270813.96,210.96407484,7.79e-4,35-44
2000,39,Male,273407.69,351.05547396,0.001284,35-44
2000,40,Female,267196.62,261.05109774,9.77e-4,35-44
2000,40,Male,268523.43,419.97064452,0.001564,35-44
2000,41,Female,265382.3,262.99385929999994,9.91e-4,35-44
2000,41,Male,265601.37,483.92569614,0.001822,35-44
2000,42,Female,261311.56,309.91551016,0.001186,35-44
2000,42,Male,261299.43,459.10309851,0.001757,35-44
2000,43,Female,257526.45,292.0349943,0.001134,35-44
2000,43,Male,256394.49,540.9923739,0.00211,35-44
2000,44,Female,250272.61,330.10957259,0.001319,35-44
2000,44,Male,248170.77,528.10739856,0.002128,35-44
2000,45,Female,248852.47,382.98395133,0.001539,45-54
2000,45,Male,245969.77,519.98009378,0.002114,45-54
2000,46,Female,242086.3,382.9805266,0.001582,45-54
2000,46,Male,238265.27,634.02388347,0.002661,45-54
2000,47,Female,231767.69,380.0990116,0.00164,45-54
2000,47,Male,228184.31,609.93666063,0.002673,45-54
2000,48,Female,223271.62,415.06194158,0.001859,45-54
2000,48,Male,220674.38,709.0267829400001,0.003213,45-54
2000,49,Female,219965.76,448.0702531200001,0.002037,45-54
2000,49,Male,217779.41,731.95659701,0.003361,45-54
2000,50,Female,214393.26,519.9036555,0.002425,45-54
2000,50,Male,212463.98,785.0544061,0.003695,45-54
2000,51,Female,211543.73,587.03385075,0.002775,45-54
2000,51,Male,209784.2,790.0472972,0.003766,45-54
2000,52,Female,209149.18,592.9379253,0.002835,45-54
2000,52,Male,207925.84,932.9632440799999,0.004487,45-54
2000,53,Female,208206.28,626.0762839600001,0.003007,45-54
2000,53,Male,206943.95,980.0865472,0.004736,45-54
2000,54,Female,181006.95,667.0106107500001,0.003685,45-54
2000,54,Male,179773.41,995.04582435,0.005535,45-54
2000,55,Female,169621.77,610.97761554,0.003602,55-64
2000,55,Male,168392.88,984.92995512,0.005849,55-64
2000,56,Female,164075.61,677.96042052,0.004132,55-64
2000,56,Male,162460.02,1143.06870072,0.007036,55-64
2000,57,Female,159313.81,718.9832245299999,0.004513,55-64
2000,57,Male,157387.91,1153.02382866,0.007326,55-64
2000,58,Female,149335.24,729.95065312,0.004888,55-64
2000,58,Male,146593.64,1253.9619965600002,0.008554,55-64
2000,59,Female,144275.34,839.97102948,0.005822,55-64
2000,59,Male,140367.57,1229.05844292,0.008756,55-64
2000,60,Female,134786.09,810.0644008999999,0.00601,55-64
2000,60,Male,130362.54,1311.05606478,0.010057,55-64
2000,61,Female,132241.9,888.0043585,0.006715,55-64
2000,61,Male,127545.65,1437.9496580999999,0.011274,55-64
2000,62,Female,126979.62,910.0629365399999,0.007167,55-64
2000,62,Male,121984.52,1542.0063173199999,0.012641,55-64
2000,63,Female,123420.87,958.9801599,0.00777,55-64
2000,63,Male,117750.29,1595.04542834,0.013546,55-64
2000,64,Female,122815.68,1033.00268448,0.008411,55-64
2000,64,Male,116326.17,1721.04568515,0.014795,55-64
2000,65,Female,120193.72,1165.03772796,0.009693,65-74
2000,65,Male,113233.94,1800.9858156999999,0.015905,65-74
2000,66,Female,117343.35,1191.0350025,0.01015,65-74
2000,66,Male,110109.84,2017.9830376799998,0.018327,65-74
2000,67,Female,119010.6,1386.9495324,0.011654,65-74
2000,67,Male,110954.58,2292.98735028,0.020666,65-74
2000,68,Female,118432.1,1460.9783856000001,0.012336,65-74
2000,68,Male,109277.19,2461.03159599,0.022521,65-74
2000,69,Female,117413.96,1588.0238090000003,0.013525,65-74
2000,69,Male,106249.44,2513.01175488,0.023652,65-74
2000,70,Female,115565.73,1730.94350394,0.014978,65-74
2000,70,Male,102284.99,2764.96784968,0.027032,65-74
2000,71,Female,111236.62,1814.04679896,0.016308,65-74
2000,71,Male,96127.27,2800.9563932600004,0.029138,65-74
2000,72,Female,109053.93,2068.9711599599996,0.018972,65-74
2000,72,Male,91875.6,2986.9676316,0.032511,65-74
2000,73,Female,106064.5,2234.991144,0.021072,65-74
2000,73,Male,86490.43,3153.9600203799996,0.036466,65-74
2000,74,Female,104867.93,2489.04031855,0.023735,65-74
2000,74,Male,82486.88,3367.03195472,0.040819,65-74
2000,75,Female,102098.62,2532.96466358,0.024809,75-84
2000,75,Male,77410.22,3309.98359698,0.042759,75-84
2000,76,Female,97852.86,2784.99024846,0.028461,75-84
2000,76,Male,71515.49,3584.9999982100003,0.050129,75-84
2000,77,Female,94292.68,2940.9886891999995,0.03119,75-84
2000,77,Male,66775.4,3509.9821255999996,0.052564,75-84
2000,78,Female,91231.36,3255.0436934400004,0.035679,75-84
2000,78,Male,62691.2,3661.9810656,0.058413,75-84
2000,79,Female,85435.58,3432.0326841799997,0.040171,75-84
2000,79,Male,56744.82,3879.98381232,0.068376,75-84
2000,80,Female,74278.49,3489.00923228,0.046972,75-84
2000,80,Male,46826.53,3756.00279783,0.080211,75-84
2000,81,Female,64757.57,3229.97807646,0.049878,75-84
2000,81,Male,39139.79,3183.00428196,0.081324,75-84
2000,82,Female,59158.72,3373.99927776,0.057033,75-84
2000,82,Male,34442.74,3199.00724846,0.092879,75-84
2000,83,Female,54427.43,3559.98934144,0.065408,75-84
2000,83,Male,30493.1,3126.0001464999996,0.102515,75-84
2000,84,Female,50871.56,3612.9999343199997,0.071022,75-84
2000,84,Male,27282.55,3062.0024341499998,0.112233,75-84
2000,85,Female,47327.45,4052.98083565,0.085637,85+
2000,85,Male,24331.77,3064.0024690200003,0.125926,85+
2000,86,Female,42320.3,3985.0064089,0.094163,85+
2000,86,Male,20723.96,2910.9910414,0.140465,85+
2000,87,Female,36641.87,3835.0113979400003,0.104662,85+
2000,87,Male,16989.8,2579.0006705999995,0.151797,85+
2000,88,Female,30908.46,3685.9883973,0.119255,85+
2000,88,Male,13542.61,2229.00526512,0.164592,85+
2000,89,Female,25997.82,3319.9996074600003,0.127703,85+
2000,89,Male,10707.63,1954.0032758099999,0.182487,85+
2000,90,Female,21806.06,3275.9898119800005,0.150233,85+
2000,90,Male,8476.35,1732.9982338500001,0.204451,85+
2000,91,Female,17874.19,2959.00065774,0.165546,85+
2000,91,Male,6508.87,1478.0016552499999,0.227075,85+
2000,92,Female,14518.54,2653.00185128,0.182732,85+
2000,92,Male,5024.58,1232.0018931,0.245195,85+
2000,93,Female,11283.66,2196.9963039599998,0.194706,85+
2000,93,Male,3696.68,959.9982225599999,0.259692,85+
2000,94,Female,8705.33,2046.99741219,0.235143,85+
2000,94,Male,2559.84,752.00163696,0.293769,85+
2000,95,Female,6480.95,1625.0009982499998,0.250735,85+
2000,95,Male,1782.85,570.00032205,0.319713,85+
2000,96,Female,4818.64,1346.0003484800002,0.279332,85+
2000,96,Male,1284.67,463.00020668,0.360404,85+
2000,97,Female,3527.06,1089.99909534,0.309039,85+
2000,97,Male,882.11,328.00025396,0.371836,85+
2000,98,Female,2410.62,773.99945898,0.321079,85+
2000,98,Male,552.28,229.9997674,0.416455,85+
2000,99,Female,1645.21,606.00158703,0.368343,85+
2000,99,Male,334.56,175.00097568,0.523078,85+
2000,100,Female,1096.04,444.00141984,0.405096,85+
2000,100,Male,228.05,99.99855670000001,0.438494,85+
2001,0,Female,160397.6,741.9992976,0.004626,0
2001,0,Male,168897.43,997.00152929,0.005903,0
2001,1,Female,167972.55,55.93485915,3.33e-4,1-4
2001,1,Male,176100.38,66.9181444,3.8e-4,1-4
2001,2,Female,170749.12,35.0035696,2.05e-4,1-4
2001,2,Male,178527.51,43.025129910000004,2.41e-4,1-4
2001,3,Female,175270.64,32.95088032,1.88e-4,1-4
2001,3,Male,183636.1,38.9308532,2.12e-4,1-4
2001,4,Female,182540.25,25.00801425,1.37e-4,1-4
2001,4,Male,191208.89,42.065955800000005,2.2e-4,1-4
2001,5,Female,189105.43,25.907443909999998,1.37e-4,5-14
2001,5,Male,198406.04,28.967281840000002,1.46e-4,5-14
2001,6,Female,193907.44,23.074985360000003,1.19e-4,5-14
2001,6,Male,203704.04,22.00003632,1.08e-4,5-14
2001,7,Female,195832.27,22.91237559,1.17e-4,5-14
2001,7,Male,206108.15,19.99249055,9.7e-5,5-14
2001,8,Female,199791.54,20.978111700000003,1.05e-4,5-14
2001,8,Male,209466.47,28.068506980000002,1.34e-4,5-14
2001,9,Female,205009.15,20.0908967,9.8e-5,5-14
2001,9,Male,214610.6,33.0500324,1.54e-4,5-14
2001,10,Female,206962.02,20.07531594,9.7e-5,5-14
2001,10,Male,217219.19,21.93913819,1.01e-4,5-14
2001,11,Female,208086.33,16.022647409999998,7.7e-5,5-14
2001,11,Male,218589.59,29.072415470000003,1.33e-4,5-14
2001,12,Female,202397.63,24.085317970000002,1.19e-4,5-14
2001,12,Male,212415.14,24.00291082,1.13e-4,5-14
2001,13,Female,198295.5,25.976710500000003,1.31e-4,5-14
2001,13,Male,208087.62,43.07413734,2.07e-4,5-14
2001,14,Female,200398.66,37.0737521,1.85e-4,5-14
2001,14,Male,210733.9,45.0970546,2.14e-4,5-14
2001,15,Female,203286.71,56.92027879999999,2.8e-4,15-24
2001,15,Male,214951.88,87.0555114,4.05e-4,15-24
2001,16,Female,205003.15,58.01589145,2.83e-4,15-24
2001,16,Male,217678.5,131.042457,6.02e-4,15-24
2001,17,Female,205501.3,56.9238601,2.77e-4,15-24
2001,17,Male,217994.57,146.0563619,6.7e-4,15-24
2001,18,Female,205440.58,66.97362908,3.26e-4,15-24
2001,18,Male,217433.81,181.99209897,8.37e-4,15-24
2001,19,Female,207885.61,65.89973837,3.17e-4,15-24
2001,19,Male,219324.34,182.0392022,8.3e-4,15-24
2001,20,Female,209833.58,48.05188982,2.29e-4,15-24
2001,20,Male,220593.4,204.9312686,9.29e-4,15-24
2001,21,Female,208320.46,79.99505664,3.84e-4,15-24
2001,21,Male,218318.41,186.00728532,8.52e-4,15-24
2001,22,Female,205753.3,63.9892763,3.11e-4,15-24
2001,22,Male,215402.94,180.93846960000002,8.4e-4,15-24
2001,23,Female,202593.22,60.980559219999996,3.01e-4,15-24
2001,23,Male,211853.87,195.96482975,9.25e-4,15-24
2001,24,Female,202242.25,70.98702975,3.51e-4,15-24
2001,24,Male,211110.44,175.01055476,8.29e-4,15-24
2001,25,Female,204288.94,69.04966171999999,3.38e-4,25-34
2001,25,Male,212592.73,173.90085314,8.18e-4,25-34
2001,26,Female,202904.17,65.94385525,3.25e-4,25-34
2001,26,Male,209756.78,173.0493435,8.25e-4,25-34
2001,27,Female,201137.74,60.94473522,3.03e-4,25-34
2001,27,Male,206372.06,172.93978628,8.38e-4,25-34
2001,28,Female,204590.85,73.03893345,3.57e-4,25-34
2001,28,Male,209564.08,181.90162143999999,8.68e-4,25-34
2001,29,Female,209037.48,82.98787956000001,3.97e-4,25-34
2001,29,Male,213969.75,184.013985,8.6e-4,25-34
2001,30,Female,219618.39,92.02010541,4.19e-4,25-34
2001,30,Male,224638.07,188.02206458999999,8.37e-4,25-34
2001,31,Female,220069.01,108.05388391000001,4.91e-4,25-34
2001,31,Male,225003.52,238.95373823999998,0.001062,25-34
2001,32,Female,220570.56,93.08077632,4.22e-4,25-34
2001,32,Male,224824.6,207.06345660000002,9.21e-4,25-34
2001,33,Female,222121.54,105.06348842,4.73e-4,25-34
2001,33,Male,225637.61,217.96593125999996,9.66e-4,25-34
2001,34,Female,228633.11,117.06015231999999,5.12e-4,25-34
2001,34,Male,232039.65,248.97854445,0.001073,25-34
2001,35,Female,240742.73,162.98282821,6.77e-4,35-44
2001,35,Male,244699.7,284.0963517,0.001161,35-44
2001,36,Female,258530.65,171.92288225,6.65e-4,35-44
2001,36,Male,262947.71,286.08710848000004,0.001088,35-44
2001,37,Female,266999.41,185.03059113,6.93e-4,35-44
2001,37,Male,271763.31,329.10536841000004,0.001211,35-44
2001,38,Female,271481.97,225.05855312999998,8.29e-4,35-44
2001,38,Male,276490.76,390.95793463999996,0.001414,35-44
2001,39,Female,270352.21,237.09888817,8.77e-4,35-44
2001,39,Male,274429.88,377.06665512,0.001374,35-44
2001,40,Female,271566.73,259.07466042,9.54e-4,35-44
2001,40,Male,274422.82,391.0525185,0.001425,35-44
2001,41,Female,267884.38,246.98939836,9.22e-4,35-44
2001,41,Male,269350.1,447.12116599999996,0.00166,35-44
2001,42,Female,266079.75,300.93619725,0.001131,35-44
2001,42,Male,266649.82,457.03779148,0.001714,35-44
2001,43,Female,261697.91,311.94390871999997,0.001192,35-44
2001,43,Male,261635.43,492.92115012,0.001884,35-44
2001,44,Female,257806.27,353.96800871,0.001373,35-44
2001,44,Male,256713.73,568.10748449,0.002213,35-44
2001,45,Female,250947.25,377.9265585,0.001506,45-54
2001,45,Male,248958.81,560.9041989299999,0.002253,45-54
2001,46,Female,248971.19,375.9464969,0.00151,45-54
2001,46,Male,245972.7,652.0736277000001,0.002651,45-54
2001,47,Female,242192.37,434.97749652,0.001796,45-54
2001,47,Male,238273.12,658.11035744,0.002762,45-54
2001,48,Female,231964.7,473.90388210000003,0.002043,45-54
2001,48,Male,228255.25,735.8949259999999,0.003224,45-54
2001,49,Female,223617.14,466.91258832000005,0.002088,45-54
2001,49,Male,220622.68,750.99960272,0.003404,45-54
2001,50,Female,219973.81,485.04225105,0.002205,45-54
2001,50,Male,217472.65,755.9349314,0.003476,45-54
2001,51,Female,214318.49,569.0155909499999,0.002655,45-54
2001,51,Male,211998.56,889.96995488,0.004198,45-54
2001,52,Female,211433.31,524.9889087299999,0.002483,45-54
2001,52,Male,209425.13,931.9418285,0.00445,45-54
2001,53,Female,209016.01,650.0397911,0.00311,45-54
2001,53,Male,207358.94,1009.0086020399999,0.004866,45-54
2001,54,Female,206380.67,701.07513599,0.003397,45-54
2001,54,Male,204730.07,1103.08561716,0.005388,45-54
2001,55,Female,181555.1,653.0536947,0.003597,55-64
2001,55,Male,179998.67,1018.07247752,0.005656,55-64
2001,56,Female,169673.33,684.9712332099999,0.004037,55-64
2001,56,Male,168042.53,1068.91853333,0.006361,55-64
2001,57,Female,163729.8,718.9375517999999,0.004391,55-64
2001,57,Male,161812.13,1192.0699617100001,0.007367,55-64
2001,58,Female,158760.01,762.048048,0.0048,55-64
2001,58,Male,156414.31,1253.03503741,0.008011,55-64
2001,59,Female,149311.09,771.04246876,0.005164,55-64
2001,59,Male,146062.71,1273.95895662,0.008722,55-64
2001,60,Female,143849.55,767.0058005999999,0.005332,55-64
2001,60,Male,139428.92,1389.9669034800002,0.009969,55-64
2001,61,Female,134524.51,871.0462022500001,0.006475,55-64
2001,61,Male,129567.66,1434.9618345000001,0.011075,55-64
2001,62,Female,131622.39,900.0339028200001,0.006838,55-64
2001,62,Male,126306.24,1608.0047414399999,0.012731,55-64
2001,63,Female,126389.38,965.99403134,0.007643,55-64
2001,63,Male,120670.49,1511.03587578,0.012522,55-64
2001,64,Female,122911.01,1026.06111148,0.008348,55-64
2001,64,Male,116479.26,1626.0504696,0.01396,55-64
2001,65,Female,121844.86,1168.00482796,0.009586,65-74
2001,65,Male,114604.94,1759.9880635800002,0.015357,65-74
2001,66,Female,119275.79,1281.0219845999998,0.01074,65-74
2001,66,Male,111504.24,1927.01627568,0.017282,65-74
2001,67,Female,116543.51,1295.03148312,0.011112,65-74
2001,67,Male,108295.78,2081.9863705,0.019225,65-74
2001,68,Female,117675.29,1478.9430447199998,0.012568,65-74
2001,68,Male,108782.05,2288.9918961000003,0.021042,65-74
2001,69,Female,117038.46,1615.95001722,0.013807,65-74
2001,69,Male,106832.08,2554.99602528,0.023916,65-74
2001,70,Female,115724.86,1782.9729180200002,0.015407,65-74
2001,70,Male,103627.17,2761.04231748,0.026644,65-74
2001,71,Female,113772.21,1882.0198978200003,0.016542,65-74
2001,71,Male,99514.48,2787.9976716799997,0.028016,65-74
2001,72,Female,109531.38,2041.9935173400002,0.018643,65-74
2001,72,Male,93574.69,2885.00126739,0.030831,65-74
2001,73,Female,106896.7,2167.9719727,0.020281,65-74
2001,73,Male,88882.58,3039.9620011600005,0.034202,65-74
2001,74,Female,103923.07,2314.9903073200003,0.022276,65-74
2001,74,Male,83477.32,3273.9804904000002,0.03922,65-74
2001,75,Female,102281.29,2459.96730579,0.024051,75-84
2001,75,Male,79164.96,3318.990948,0.041925,75-84
2001,76,Female,99418.04,2820.986885,0.028375,75-84
2001,76,Male,74010.6,3459.0334122000004,0.046737,75-84
2001,77,Female,95023.87,2967.9755555799998,0.031234,75-84
2001,77,Male,68057.38,3616.97751748,0.053146,75-84
2001,78,Female,91362.68,3083.0336365999997,0.033745,75-84
2001,78,Male,63335.37,3570.97483134,0.056382,75-84
2001,79,Female,87767.01,3331.02133053,0.037953,75-84
2001,79,Male,58873.42,3752.0030565999996,0.06373,75-84
2001,80,Female,80944.96,3512.0399244800005,0.043388,75-84
2001,80,Male,51656.7,3803.9993879999997,0.07364,75-84
2001,81,Female,70796.66,3649.99260296,0.051556,75-84
2001,81,Male,43247.56,3749.0012337199996,0.086687,75-84
2001,82,Female,61372.24,3442.9826639999997,0.0561,75-84
2001,82,Male,35873.91,3083.0038254000006,0.08594,75-84
2001,83,Female,55690.48,3490.0110006400005,0.062668,75-84
2001,83,Male,31306.25,3069.0143,0.098032,75-84
2001,84,Female,50858.68,3706.9874678399997,0.072888,75-84
2001,84,Male,27405.1,3123.0029807,0.113957,75-84
2001,85,Female,47108.73,3815.00628159,0.080983,85+
2001,85,Male,24234.55,2957.0028528,0.122016,85+
2001,86,Female,43288.2,3970.9997387999997,0.091734,85+
2001,86,Male,21337.67,2915.00311171,0.136613,85+
2001,87,Female,38348.63,3975.9859583999996,0.10368,85+
2001,87,Male,17943.12,2734.99800912,0.152426,85+
2001,88,Female,32782.7,3855.9995221,0.117623,85+
2001,88,Male,14485.33,2435.9979461,0.16817,85+
2001,89,Female,27313.3,3549.9915409,0.129973,85+
2001,89,Male,11364.78,1980.9948018,0.17431,85+
2001,90,Female,22654.82,3334.9933973800003,0.147209,85+
2001,90,Male,8867.63,1733.0009308999997,0.19543,85+
2001,91,Female,18647.14,3069.00224262,0.164583,85+
2001,91,Male,6862.08,1467.99791232,0.213929,85+
2001,92,Female,15022.45,2719.0033602,0.180996,85+
2001,92,Male,5118.89,1324.0008985,0.25865,85+
2001,93,Female,11913.79,2570.995882,0.2158,85+
2001,93,Male,3876.54,1073.9992835399999,0.277051,85+
2001,94,Female,9117.92,1983.00171328,0.217484,85+
2001,94,Male,2788.35,798.0006748499999,0.286191,85+
2001,95,Female,6844.5,1743.9991335,0.254803,85+
2001,95,Male,1880,588.9983599999999,0.313297,85+
2001,96,Female,4983.62,1311.00104444,0.263062,85+
2001,96,Male,1285.02,481.00097628,0.374314,85+
2001,97,Female,3618.31,1079.00175186,0.298206,85+
2001,97,Male,879.67,336.99981765999996,0.383098,85+
2001,98,Female,2562.73,856.0005118700001,0.334019,85+
2001,98,Male,589.28,252.00205632,0.427644,85+
2001,99,Female,1702.46,638.00199238,0.374753,85+
2001,99,Male,348.11,156.99865433,0.451003,85+
2001,100,Female,1113.21,444.00158208,0.398848,85+
2001,100,Male,207.56,103.00081976,0.496246,85+
2002,0,Female,159657.04,782.0001819199999,0.004898,0
2002,0,Male,168018.53,980.05208549,0.005833,0
2002,1,Female,162907.87,65.97768735,4.05e-4,1-4
2002,1,Male,171145.57,60.92782292,3.56e-4,1-4
2002,2,Female,169980.57,35.01599742,2.06e-4,1-4
2002,2,Male,178314.32,36.91106424,2.07e-4,1-4
2002,3,Female,172281.26,23.085688840000003,1.34e-4,1-4
2002,3,Male,180331.84,36.9680272,2.05e-4,1-4
2002,4,Female,176934.46,27.07097238,1.53e-4,1-4
2002,4,Male,185238.04,32.97237112,1.78e-4,1-4
2002,5,Female,183511.9,22.9389875,1.25e-4,5-14
2002,5,Male,192485.34,32.91499314,1.71e-4,5-14
2002,6,Female,190598.49,17.916258059999997,9.4e-5,5-14
2002,6,Male,199884.7,20.987893500000002,1.05e-4,5-14
2002,7,Female,195542.05,20.922999349999998,1.07e-4,5-14
2002,7,Male,205414.48,28.963441680000003,1.41e-4,5-14
2002,8,Female,197505.05,14.02285855,7.1e-5,5-14
2002,8,Male,207708.77,23.05567347,1.11e-4,5-14
2002,9,Female,201426.67,17.92697363,8.9e-5,5-14
2002,9,Male,211076.58,31.028257259999997,1.47e-4,5-14
2002,10,Female,206798.8,22.9546668,1.11e-4,5-14
2002,10,Male,216452.91,30.08695449,1.39e-4,5-14
2002,11,Female,208799.71,16.91277651,8.1e-5,5-14
2002,11,Male,219149.85,30.02352945,1.37e-4,5-14
2002,12,Female,210315.25,25.02751475,1.19e-4,5-14
2002,12,Male,221224.69,40.041668890000004,1.81e-4,5-14
2002,13,Female,204660.14,37.043485340000004,1.81e-4,5-14
2002,13,Male,215310.14,37.033344080000006,1.72e-4,5-14
2002,14,Female,200117.53,36.021155400000005,1.8e-4,5-14
2002,14,Male,210609.69,57.07522598999999,2.71e-4,5-14
2002,15,Female,202172.52,29.921532959999997,1.48e-4,15-24
2002,15,Male,213009.02,76.04422014,3.57e-4,15-24
2002,16,Female,205279.75,68.973996,3.36e-4,15-24
2002,16,Male,217429.63,101.10477795000001,4.65e-4,15-24
2002,17,Female,207422.43,54.966943949999994,2.65e-4,15-24
2002,17,Male,220448.75,136.01687875000002,6.17e-4,15-24
2002,18,Female,208154.71,68.89920901,3.31e-4,15-24
2002,18,Male,221045.85,173.07890055,7.83e-4,15-24
2002,19,Female,209574.48,82.99149408,3.96e-4,15-24
2002,19,Male,221727.37,186.91617291,8.43e-4,15-24
2002,20,Female,211297.52,75.0106196,3.55e-4,15-24
2002,20,Male,222293.81,204.06571757999998,9.18e-4,15-24
2002,21,Female,213113.53,77.99955198,3.66e-4,15-24
2002,21,Male,222783.16,173.10251532,7.77e-4,15-24
2002,22,Female,210800.53,71.03977861,3.37e-4,15-24
2002,22,Male,220277.68,164.1068716,7.45e-4,15-24
2002,23,Female,207626.95,68.1016396,3.28e-4,15-24
2002,23,Male,217001.21,164.9209196,7.6e-4,15-24
2002,24,Female,204477.03,59.91176979,2.93e-4,15-24
2002,24,Male,213089.18,180.0603571,8.45e-4,15-24
2002,25,Female,204267.94,60.054774359999996,2.94e-4,25-34
2002,25,Male,211962.63,144.98243892000002,6.84e-4,25-34
2002,26,Female,206641.24,69.01817416,3.34e-4,25-34
2002,26,Male,213643.53,176.04226871999998,8.24e-4,25-34
2002,27,Female,205739.99,58.018677180000005,2.82e-4,25-34
2002,27,Male,211410.31,161.94029745999998,7.66e-4,25-34
2002,28,Female,203850.87,66.04768188,3.24e-4,25-34
2002,28,Male,208427.12,162.99000784,7.82e-4,25-34
2002,29,Female,207382.14,72.99851328,3.52e-4,25-34
2002,29,Male,212100.07,173.07365712,8.16e-4,25-34
2002,30,Female,211330.59,69.10510293,3.27e-4,25-34
2002,30,Male,216188.86,193.92140741999998,8.97e-4,25-34
2002,31,Female,221937.68,98.09645456,4.42e-4,25-34
2002,31,Male,227055.78,195.94913814,8.63e-4,25-34
2002,32,Female,222372.94,122.08274406000001,5.49e-4,25-34
2002,32,Male,227495.06,212.93537616,9.36e-4,25-34
2002,33,Female,222750.71,108.03409435,4.85e-4,25-34
2002,33,Male,227345.22,240.9859332,0.00106,25-34
2002,34,Female,224222.37,119.06207847,5.31e-4,25-34
2002,34,Male,227802.45,205.022205,9e-4,25-34
2002,35,Female,230447.71,129.97250844,5.64e-4,35-44
2002,35,Male,234045.35,224.91758135,9.61e-4,35-44
2002,36,Female,242315.59,154.11271524,6.36e-4,35-44
2002,36,Male,246519.8,283.00473039999997,0.001148,35-44
2002,37,Female,260466.63,191.96390631,7.37e-4,35-44
2002,37,Male,265031.97,319.89358778999997,0.001207,35-44
2002,38,Female,268800.93,226.86798492,8.44e-4,35-44
2002,38,Male,273790.68,363.04644168,0.001326,35-44
2002,39,Female,273493.45,257.083843,9.4e-4,35-44
2002,39,Male,278698.08,377.91459648,0.001356,35-44
2002,40,Female,271469.99,207.13160237,7.63e-4,35-44
2002,40,Male,275714.4,390.9630192,0.001418,35-44
2002,41,Female,272527.78,276.88822448,0.001016,35-44
2002,41,Male,275369.26,416.08295186,0.001511,35-44
2002,42,Female,268665.39,290.96461737,0.001083,35-44
2002,42,Male,270190.08,504.98525952000006,0.001869,35-44
2002,43,Female,266500.06,324.06407296000003,0.001216,35-44
2002,43,Male,267054.98,535.97934486,0.002007,35-44
2002,44,Female,262085.23,342.02122515,0.001305,35-44
2002,44,Male,262107.77,533.91352749,0.002037,35-44
2002,45,Female,258390.82,372.0827808,0.00144,45-54
2002,45,Male,257510.03,614.93395164,0.002388,45-54
2002,46,Female,251322.97,412.92363971,0.001643,45-54
2002,46,Male,249363.05,598.9700461,0.002402,45-54
2002,47,Female,249377.88,430.92497664,0.001728,45-54
2002,47,Male,246384.46,660.06396834,0.002679,45-54
2002,48,Female,242591.59,471.11286778,0.001942,45-54
2002,48,Male,238674.48,711.01127592,0.002979,45-54
2002,49,Female,232285.78,518.9264325199999,0.002234,45-54
2002,49,Male,228388.84,784.0588877199999,0.003433,45-54
2002,50,Female,223617.64,517.00398368,0.002312,45-54
2002,50,Male,220388.02,839.01719214,0.003807,45-54
2002,51,Female,219902.73,553.93497687,0.002519,45-54
2002,51,Male,217098.45,841.0393953,0.003874,45-54
2002,52,Female,214272.18,548.96532516,0.002562,45-54
2002,52,Male,211615.7,888.9975557,0.004201,45-54
2002,53,Female,211244.56,610.07428928,0.002888,45-54
2002,53,Male,208736.95,991.0830386,0.004748,45-54
2002,54,Female,208103.48,695.0656232,0.00334,45-54
2002,54,Male,205854.58,1080.9423995799998,0.005251,45-54
2002,55,Female,206915.99,748.00130385,0.003615,55-64
2002,55,Male,204632.97,1234.9599739500002,0.0060350000000000004,55-64
2002,56,Female,181615.72,738.08628608,0.004064,55-64
2002,56,Male,179439.5,1176.9436805,0.006559,55-64
2002,57,Female,169500.32,718.00335552,0.004236,55-64
2002,57,Male,167264.06,1186.06944946,0.007091,55-64
2002,58,Female,163606.93,819.0162915799999,0.005006,55-64
2002,58,Male,161125.23,1185.0760666500003,0.007355,55-64
2002,59,Female,158803.58,894.0641553999999,0.00563,55-64
2002,59,Male,155903.55,1337.0288448,0.008576,55-64
2002,60,Female,149112.6,853.9678602000001,0.005727,55-64
2002,60,Male,145303.35,1415.98114575,0.009745,55-64
2002,61,Female,143744.45,950.0070700500002,0.006609,55-64
2002,61,Male,138697.83,1384.0656455699998,0.009979,55-64
2002,62,Female,134103.68,978.01813824,0.007293,55-64
2002,62,Male,128538.87,1451.97507552,0.011296,55-64
2002,63,Female,131114.87,1019.02476964,0.007772,55-64
2002,63,Male,125073.95,1643.9719988,0.013144,55-64
2002,64,Female,125820.21,1070.98162752,0.008512,55-64
2002,64,Male,119354.39,1768.9514141900002,0.014821,55-64
2002,65,Female,122087,1109.038308,0.009084,65-74
2002,65,Male,114859.29,1791.0009089699997,0.015593,65-74
2002,66,Female,121009.27,1216.02215423,0.010049,65-74
2002,66,Male,112844.57,1963.9468962800001,0.017404,65-74
2002,67,Female,118448.3,1313.9469919,0.011093,65-74
2002,67,Male,109615.84,2102.9798904,0.019185,65-74
2002,68,Female,115381.66,1415.04067824,0.012264,65-74
2002,68,Male,106243.36,2269.99562976,0.021366,65-74
2002,69,Female,116352.03,1624.9724509799998,0.013966,65-74
2002,69,Male,106455.84,2442.94861632,0.022948,65-74
2002,70,Female,115445.47,1697.97197276,0.014708,65-74
2002,70,Male,104264.88,2810.04278088,0.026951,65-74
2002,71,Female,114013.42,1878.02905424,0.016472,65-74
2002,71,Male,100911.83,2740.9671264599997,0.027162,65-74
2002,72,Female,112010.86,2012.0510781799999,0.017963,65-74
2002,72,Male,96756.9,2962.9865486999997,0.030623,65-74
2002,73,Female,107444.96,2090.98636656,0.019461,65-74
2002,73,Male,90523.6,2988.0029888000004,0.033008,65-74
2002,74,Female,104755.84,2366.0154022399997,0.022586,65-74
2002,74,Male,85814.86,3111.9900830399997,0.036264,65-74
2002,75,Female,101489.88,2510.96112108,0.024741,75-84
2002,75,Male,80202.54,3345.0073357799997,0.041707,75-84
2002,76,Female,99661.22,2812.0409835200003,0.028216,75-84
2002,76,Male,75804.51,3480.0334450799996,0.045908,75-84
2002,77,Female,96714.62,2991.96348432,0.030936,75-84
2002,77,Male,70502.17,3600.96883492,0.051076,75-84
2002,78,Female,92197.17,3159.9658045799997,0.034274,75-84
2002,78,Male,64633.08,3716.01430152,0.057494,75-84
2002,79,Female,88088.53,3438.00723737,0.039029,75-84
2002,79,Male,59665.6,3607.9788320000002,0.06047,75-84
2002,80,Female,82600.15,3597.9799338499997,0.043559,75-84
2002,80,Male,53094.62,3781.9828772200003,0.071231,75-84
2002,81,Female,77257.31,3743.9664999099996,0.048461,75-84
2002,81,Male,47828.34,3664.99003752,0.076628,75-84
2002,82,Female,67130.24,3921.0101881600003,0.058409,75-84
2002,82,Male,39770.24,3575.9808998399994,0.089916,75-84
2002,83,Female,57803.24,3591.026285,0.062125,75-84
2002,83,Male,32671.99,3206.00436273,0.098127,75-84
2002,84,Female,52006.48,3780.9751089600004,0.072702,75-84
2002,84,Male,28187.91,3099.00701331,0.109941,75-84
2002,85,Female,47173.68,3748.9866969600002,0.079472,85+
2002,85,Male,24380.6,3005.0064724,0.123254,85+
2002,86,Female,43234.98,3939.00932286,0.091107,85+
2002,86,Male,21285.43,2844.01015859,0.133613,85+
2002,87,Female,39259.87,4207.990646210001,0.107183,85+
2002,87,Male,18515.24,2811.0022520400003,0.151821,85+
2002,88,Female,34362.13,3911.9910519799996,0.113846,85+
2002,88,Male,15305.41,2612.00596519,0.170659,85+
2002,89,Female,28993.37,3770.9936756800003,0.130064,85+
2002,89,Male,12192.83,2181.0046590800002,0.178876,85+
2002,90,Female,23789.3,3476.9965094,0.146158,85+
2002,90,Male,9424.61,1911.9989045300001,0.202873,85+
2002,91,Female,19414.39,3089.9943123999997,0.15916,85+
2002,91,Male,7179.01,1680.00320416,0.234016,85+
2002,92,Female,15731.56,2919.99777784,0.185614,85+
2002,92,Male,5411.06,1317.00330446,0.243391,85+
2002,93,Female,12330.52,2544.99466696,0.206398,85+
2002,93,Male,3956.49,1023.9989593500001,0.258815,85+
2002,94,Female,9604.95,2178.9981669000003,0.226862,85+
2002,94,Male,2924.87,828.0014483,0.28309,85+
2002,95,Female,7182.01,1832.99977421,0.255221,85+
2002,95,Male,2046.51,659.999475,0.3225,85+
2002,96,Female,5263.66,1475.99869158,0.280413,85+
2002,96,Male,1345.92,491.00238336000007,0.364808,85+
2002,97,Female,3738.78,1105.9984220400002,0.295818,85+
2002,97,Male,882.78,324.99898812,0.368154,85+
2002,98,Female,2649.31,888.99981429,0.335559,85+
2002,98,Male,581.5,238.99882599999998,0.411004,85+
2002,99,Female,1784.23,648.99938866,0.363742,85+
2002,99,Male,376.11,159.00087861,0.422751,85+
2002,100,Female,1160.79,506.00112968999997,0.435911,85+
2002,100,Male,220.61,96.99846663000001,0.439683,85+
2003,0,Female,161094.86,781.9544504399998,0.004854,0
2003,0,Male,169694.78,983.04186054,0.005793,0
2003,1,Female,161973.75,57.014759999999995,3.52e-4,1-4
2003,1,Male,170179.96,68.9228838,4.05e-4,1-4
2003,2,Female,164655.41,36.05953479,2.19e-4,1-4
2003,2,Male,173216.12,38.973627,2.25e-4,1-4
2003,3,Female,171252.93,19.00907523,1.11e-4,1-4
2003,3,Male,179937.09,35.08773255,1.95e-4,1-4
2003,4,Female,173379.57,26.006935499999997,1.5e-4,1-4
2003,4,Male,181641.42,31.060682820000004,1.71e-4,1-4
2003,5,Female,177934.89,16.014140100000002,9e-5,5-14
2003,5,Male,186419.84,27.962975999999998,1.5e-4,5-14
2003,6,Female,184622.14,7.938752020000001,4.3e-5,5-14
2003,6,Male,193723.58,22.08448812,1.14e-4,5-14
2003,7,Female,191792.42,20.90537378,1.09e-4,5-14
2003,7,Male,201062.42,31.96892478,1.59e-4,5-14
2003,8,Female,196894.11,12.99501126,6.6e-5,5-14
2003,8,Male,206676.12,17.98082244,8.7e-5,5-14
2003,9,Female,199054.79,17.9149311,9e-5,5-14
2003,9,Male,209135.03,28.02409402,1.34e-4,5-14
2003,10,Female,203096.56,15.029145439999999,7.4e-5,5-14
2003,10,Male,212724.32,34.0358912,1.6e-4,5-14
2003,11,Female,208701.94,17.948366840000002,8.6e-5,5-14
2003,11,Male,218331.87,25.98149253,1.19e-4,5-14
2003,12,Female,210865.78,20.0322491,9.5e-5,5-14
2003,12,Male,221435.54,29.008055740000003,1.31e-4,5-14
2003,13,Female,212512.04,21.03869196,9.9e-5,5-14
2003,13,Male,223888.05,47.016490499999996,2.1e-4,5-14
2003,14,Female,206710.35,40.101807900000004,1.94e-4,5-14
2003,14,Male,218095.08,44.927586479999995,2.06e-4,5-14
2003,15,Female,201939.28,40.99367384,2.03e-4,15-24
2003,15,Male,213049.74,63.062723039999995,2.96e-4,15-24
2003,16,Female,204072.79,65.91551117,3.23e-4,15-24
2003,16,Male,215440.39,98.02537745000001,4.55e-4,15-24
2003,17,Female,207496.17,63.078835680000005,3.04e-4,15-24
2003,17,Male,219892.21,158.10249899,7.19e-4,15-24
2003,18,Female,209803.06,61.05269046000001,2.91e-4,15-24
2003,18,Male,223364.49,171.99065729999998,7.7e-4,15-24
2003,19,Female,212048.41,54.92053819,2.59e-4,15-24
2003,19,Male,225178.1,208.06456440000002,9.24e-4,15-24
2003,20,Female,212929.49,68.98915476,3.24e-4,15-24
2003,20,Male,224622.2,199.0152692,8.86e-4,15-24
2003,21,Female,214391.09,84.04130728,3.92e-4,15-24
2003,21,Male,224275.92,200.05412064,8.92e-4,15-24
2003,22,Female,215412.8,57.084391999999994,2.65e-4,15-24
2003,22,Male,224556.91,183.01388165,8.15e-4,15-24
2003,23,Female,212468.87,67.9900384,3.2e-4,15-24
2003,23,Male,221765.06,208.01562628,9.38e-4,15-24
2003,24,Female,209372.44,65.9523186,3.15e-4,15-24
2003,24,Male,217759.81,180.08736287000002,8.27e-4,15-24
2003,25,Female,206486.4,73.0961856,3.54e-4,25-34
2003,25,Male,213454.25,163.079047,7.64e-4,25-34
2003,26,Female,206549.15,60.931999250000004,2.95e-4,25-34
2003,26,Male,212415.19,161.01071402,7.58e-4,25-34
2003,27,Female,209137.31,67.96962574999999,3.25e-4,25-34
2003,27,Male,214466.77,175.00488432,8.16e-4,25-34
2003,28,Female,208261.79,82.05514526,3.94e-4,25-34
2003,28,Male,212791.51,157.04013438,7.38e-4,25-34
2003,29,Female,206343.7,83.98188590000001,4.07e-4,25-34
2003,29,Male,210149.37,171.90218466000002,8.18e-4,25-34
2003,30,Female,209650.37,84.06979837,4.01e-4,25-34
2003,30,Male,213901.71,192.93934242,9.02e-4,25-34
2003,31,Female,213309.55,88.09684415,4.13e-4,25-34
2003,31,Male,217982.65,170.026467,7.8e-4,25-34
2003,32,Female,223810.18,93.10503487999999,4.16e-4,25-34
2003,32,Male,228928.86,217.94027472,9.52e-4,25-34
2003,33,Female,224167.23,114.10112007000001,5.09e-4,25-34
2003,33,Male,229379.79,192.90840339,8.41e-4,25-34
2003,34,Female,224470.57,125.03010749,5.57e-4,25-34
2003,34,Male,229088.12,219.00824272,9.56e-4,25-34
2003,35,Female,225718.08,141.97667232,6.29e-4,35-44
2003,35,Male,229336.33,252.04062666999997,0.001099,35-44
2003,36,Female,231792.51,136.06220337,5.87e-4,35-44
2003,36,Male,235588.16,273.04667744000005,0.001159,35-44
2003,37,Female,243872.88,142.90950768000002,5.86e-4,35-44
2003,37,Male,248252.55,325.95559814999996,0.001313,35-44
2003,38,Female,262311.54,173.91255101999997,6.63e-4,35-44
2003,38,Male,266960.59,375.07962895000003,0.001405,35-44
2003,39,Female,270640.52,217.05369704,8.02e-4,35-44
2003,39,Male,275744.74,365.91326998,0.001327,35-44
2003,40,Female,274989.02,282.96370158,0.001029,35-44
2003,40,Male,280303.79,385.13740745999996,0.001374,35-44
2003,41,Female,272565.59,270.11249969,9.91e-4,35-44
2003,41,Male,276662.84,463.13359416000003,0.001674,35-44
2003,42,Female,273266.99,286.93033949999995,0.00105,35-44
2003,42,Male,275888.85,475.08059969999994,0.001722,35-44
2003,43,Female,269097.96,322.11025812,0.001197,35-44
2003,43,Male,270533.31,522.1292883,0.00193,35-44
2003,44,Female,266757.38,333.98023976,0.001252,35-44
2003,44,Male,267316.64,569.9190764800001,0.002132,35-44
2003,45,Female,262308.88,400.021042,0.001525,45-54
2003,45,Male,262422.56,588.8762246399999,0.002244,45-54
2003,46,Female,258740.81,406.99929413,0.001573,45-54
2003,46,Male,257880.86,673.0690446,0.00261,45-54
2003,47,Female,251654.93,440.89943736000004,0.001752,45-54
2003,47,Male,249696.65,714.88150895,0.002863,45-54
2003,48,Female,249767.18,456.07487067999995,0.001826,45-54
2003,48,Male,246701.58,730.9767815399999,0.002963,45-54
2003,49,Female,242864.55,493.0150365,0.00203,45-54
2003,49,Male,238771.46,825.9104801399999,0.003459,45-54
2003,50,Female,232325.83,577.09736172,0.002484,45-54
2003,50,Male,228164.54,853.10721506,0.003739,45-54
2003,51,Female,223432.98,584.05380972,0.002614,45-54
2003,51,Male,219971.54,829.95262042,0.003773,45-54
2003,52,Female,219689.64,637.099956,0.0029,45-54
2003,52,Male,216595.75,954.10427875,0.004405,45-54
2003,53,Female,214038.79,617.92998673,0.002887,45-54
2003,53,Male,210946.22,1028.99566116,0.004878,45-54
2003,54,Female,210943.67,679.0276737300001,0.003219,45-54
2003,54,Male,207834.38,1104.01622656,0.005312,45-54
2003,55,Female,207955.29,698.93772969,0.003361,55-64
2003,55,Male,205023.96,1171.09685952,0.005712,55-64
2003,56,Female,206913.68,780.0645735999999,0.00377,55-64
2003,56,Male,203881.9,1273.0385836,0.006244,55-64
2003,57,Female,181522.35,760.9416912000002,0.004192,55-64
2003,57,Male,178586.27,1224.03029458,0.006854,55-64
2003,58,Female,169384.67,817.95857143,0.004829,55-64
2003,58,Male,166464.46,1248.9828433799998,0.007503,55-64
2003,59,Female,163565.01,861.9876027000001,0.00527,55-64
2003,59,Male,160482.79,1352.06750575,0.008425,55-64
2003,60,Female,158690.24,964.0432079999999,0.006075,55-64
2003,60,Male,155167.47,1468.9704384899999,0.009467,55-64
2003,61,Female,148926.51,978.0003911700001,0.006567,55-64
2003,61,Male,144440.71,1463.03995159,0.010129,55-64
2003,62,Female,143404.53,1002.97128282,0.006994,55-64
2003,62,Male,137785.99,1599.00641395,0.011605,55-64
2003,63,Female,133687.33,991.0241772899999,0.007413,55-64
2003,63,Male,127390.73,1588.05284018,0.012466,55-64
2003,64,Female,130457.06,1122.9743724799998,0.008608,55-64
2003,64,Male,123680.59,1733.01242708,0.014012,55-64
2003,65,Female,125065.29,1104.95183715,0.008835,65-74
2003,65,Male,117735.39,1794.05187282,0.015238,65-74
2003,66,Female,121236.35,1236.0045882499999,0.010195,65-74
2003,66,Male,113080.05,1883.0089926,0.016652,65-74
2003,67,Female,120053.13,1340.03303706,0.011162,65-74
2003,67,Male,110874.02,2013.0287071199998,0.018156,65-74
2003,68,Female,117420.5,1394.016176,0.011872,65-74
2003,68,Male,107590.8,2034.9723912000002,0.018914,65-74
2003,69,Female,114146.04,1505.0155374,0.013185,65-74
2003,69,Male,104038.98,2316.9480846,0.02227,65-74
2003,70,Female,114878.78,1637.022615,0.01425,65-74
2003,70,Male,103955.06,2580.99622968,0.024828,65-74
2003,71,Female,113856.75,1837.98951525,0.016143,65-74
2003,71,Male,101531.21,2793.02205589,0.027509,65-74
2003,72,Female,112225.85,2028.0333353500002,0.018071,65-74
2003,72,Male,98067.98,2950.9635861799998,0.030091,65-74
2003,73,Female,109970.4,2148.0518231999995,0.019533,65-74
2003,73,Male,93649.48,3136.04013676,0.033487,65-74
2003,74,Female,105293.62,2232.01415676,0.021198,65-74
2003,74,Male,87422.42,3273.00798238,0.037439,65-74
2003,75,Female,102326.41,2504.9505168,0.02448,75-84
2003,75,Male,82461.76,3413.00978464,0.041389,75-84
2003,76,Female,98897.94,2672.02454292,0.027018,75-84
2003,76,Male,76831.46,3518.0357219400007,0.045789,75-84
2003,77,Female,97003.58,2842.0108868400002,0.029298,75-84
2003,77,Male,72244.29,3591.9860987999996,0.04972,75-84
2003,78,Female,93834.57,3244.9870997400003,0.034582,75-84
2003,78,Male,67017.46,3640.9915843400004,0.054329,75-84
2003,79,Female,89055.86,3354.02179932,0.037662,75-84
2003,79,Male,61044.19,3681.0257011900003,0.060301,75-84
2003,80,Female,82120.45,3483.9600912499996,0.042425,75-84
2003,80,Male,53295.09,3751.01502438,0.070382,75-84
2003,81,Female,78902.37,3886.9674533099997,0.049263,75-84
2003,81,Male,49298.19,3888.98631453,0.078887,75-84
2003,82,Female,73305.77,3954.9929030400003,0.053952,75-84
2003,82,Male,44022.65,3781.0173632000005,0.085888,75-84
2003,83,Female,63345.99,3972.99714681,0.062719,75-84
2003,83,Male,36279.99,3590.9934101999997,0.09898,75-84
2003,84,Female,54075.83,3688.9990467700004,0.068219,75-84
2003,84,Male,29491.33,3007.99769468,0.101996,75-84
2003,85,Female,48229.81,3762.9862358199994,0.078022,85+
2003,85,Male,25196.08,3008.0088147200004,0.119384,85+
2003,86,Female,43378.18,3885.99087712,0.089584,85+
2003,86,Male,21459.77,2890.99583509,0.134717,85+
2003,87,Female,39230.82,4010.9982676199998,0.102241,85+
2003,87,Male,18473.26,2738.99331368,0.148268,85+
2003,88,Female,35194.37,4100.98876988,0.116524,85+
2003,88,Male,15778.24,2668.00571456,0.169094,85+
2003,89,Female,30423.97,3940.9993779200004,0.129536,85+
2003,89,Male,12846.58,2361.99789196,0.183862,85+
2003,90,Female,25287.2,3547.0102568,0.140269,85+
2003,90,Male,10077.33,1973.99778705,0.195885,85+
2003,91,Female,20395.8,3347.9909657999997,0.164151,85+
2003,91,Male,7612.61,1673.0004618699998,0.219767,85+
2003,92,Female,16322.89,3002.0079914599996,0.183914,85+
2003,92,Male,5677.51,1369.00095377,0.241127,85+
2003,93,Female,12962.56,2617.99639296,0.201966,85+
2003,93,Male,4221.56,1080.0016948000002,0.25583,85+
2003,94,Female,9947.76,2245.00052904,0.225679,85+
2003,94,Male,3009.32,887.99917356,0.295083,85+
2003,95,Female,7582.37,1845.99621783,0.243459,85+
2003,95,Male,2171.87,677.00011331,0.311713,85+
2003,96,Female,5531.84,1547.9969145600003,0.279834,85+
2003,96,Male,1463.42,498.001826,0.3403,85+
2003,97,Female,3936.16,1219.99704736,0.309946,85+
2003,97,Male,953,340.998648,0.357816,85+
2003,98,Female,2718.45,944.0007916499999,0.347257,85+
2003,98,Male,604.78,248.99941682,0.411719,85+
2003,99,Female,1850.48,658.00108032,0.355584,85+
2003,99,Male,371.67,184.00006521,0.495063,85+
2003,100,Female,1222.06,464.99871824,0.380504,85+
2003,100,Male,243.94,91.99928766,0.377139,85+
2004,0,Female,163931.75,821.9537945000001,0.005014,0
2004,0,Male,173119.57,953.0232328500001,0.005505,0
2004,1,Female,163653.23,54.0055659,3.3e-4,1-4
2004,1,Male,172129.73,60.07327577000001,3.49e-4,1-4
2004,2,Female,163875.68,27.0394872,1.65e-4,1-4
2004,2,Male,172539.89,47.96608942,2.78e-4,1-4
2004,3,Female,166082.04,20.92633704,1.26e-4,1-4
2004,3,Male,175170.45,22.0714767,1.26e-4,1-4
2004,4,Female,172558.18,30.02512332,1.74e-4,1-4
2004,4,Male,181612.56,23.972857920000003,1.32e-4,1-4
2004,5,Female,174440.36,17.96735708,1.03e-4,5-14
2004,5,Male,182981.18,25.98332756,1.42e-4,5-14
2004,6,Female,178908.32,10.91340752,6.1e-5,5-14
2004,6,Male,187612.13,21.95061921,1.17e-4,5-14
2004,7,Female,185520.54,10.01810916,5.4e-5,5-14
2004,7,Male,194748.94,29.01759206,1.49e-4,5-14
2004,8,Female,192813.48,11.95443576,6.2e-5,5-14
2004,8,Male,202054.58,32.93489654,1.63e-4,5-14
2004,9,Female,198224.61,18.03843951,9.1e-5,5-14
2004,9,Male,207851.79,16.004587830000002,7.7e-5,5-14
2004,10,Female,200560.47,18.0504423,9e-5,5-14
2004,10,Male,210583.41,22.953591690000003,1.09e-4,5-14
2004,11,Female,204859.54,12.906151020000001,6.3e-5,5-14
2004,11,Male,214378.37,28.94107995,1.35e-4,5-14
2004,12,Female,210580.3,13.8982998,6.6e-5,5-14
2004,12,Male,220095.58,23.1100359,1.05e-4,5-14
2004,13,Female,212935.91,27.04286057,1.27e-4,5-14
2004,13,Male,223618.08,35.10803856,1.57e-4,5-14
2004,14,Female,214870.33,30.081846199999994,1.4e-4,5-14
2004,14,Male,226702.16,46.92734712,2.07e-4,5-14
2004,15,Female,208935.43,36.98157111,1.77e-4,15-24
2004,15,Male,220972.7,76.0146088,3.44e-4,15-24
2004,16,Female,204088.88,46.9404424,2.3e-4,15-24
2004,16,Male,215702.57,105.04715159000001,4.87e-4,15-24
2004,17,Female,206349.38,66.03180160000001,3.2e-4,15-24
2004,17,Male,217956.77,132.9536297,6.1e-4,15-24
2004,18,Female,209767.4,57.0567328,2.72e-4,15-24
2004,18,Male,222832.42,168.90697436000002,7.58e-4,15-24
2004,19,Female,213557.34,61.07739924,2.86e-4,15-24
2004,19,Male,227514.15,182.9213766,8.04e-4,15-24
2004,20,Female,215329.42,66.96744962000001,3.11e-4,15-24
2004,20,Male,227994.96,207.93140352,9.12e-4,15-24
2004,21,Female,215780.64,74.01275952,3.43e-4,15-24
2004,21,Male,226459.31,177.99701766,7.86e-4,15-24
2004,22,Female,216607.62,74.07980604000001,3.42e-4,15-24
2004,22,Male,225870.31,196.05542907999998,8.68e-4,15-24
2004,23,Female,217337.38,63.0278402,2.9e-4,15-24
2004,23,Male,226134.51,182.03828055000002,8.05e-4,15-24
2004,24,Female,214305.9,70.93525290000001,3.31e-4,15-24
2004,24,Male,222437.1,173.9458122,7.82e-4,15-24
2004,25,Female,211467.98,69.99590138,3.31e-4,25-34
2004,25,Male,217989.57,178.96943697,8.21e-4,25-34
2004,26,Female,208744.37,64.91949907,3.11e-4,25-34
2004,26,Male,213508.96,178.92050848,8.38e-4,25-34
2004,27,Female,208951.61,78.98370858,3.78e-4,25-34
2004,27,Male,212964.83,152.90874793999998,7.18e-4,25-34
2004,28,Female,211614,74.911356,3.54e-4,25-34
2004,28,Male,215570.67,187.97762424,8.72e-4,25-34
2004,29,Female,210943.66,66.02536558,3.13e-4,25-34
2004,29,Male,214328.74,174.03493688,8.12e-4,25-34
2004,30,Female,208695.26,69.9129121,3.35e-4,25-34
2004,30,Male,211830.26,184.08049594,8.69e-4,25-34
2004,31,Female,211684.96,92.0829576,4.35e-4,25-34
2004,31,Male,215469.4,179.0550714,8.31e-4,25-34
2004,32,Female,215001.1,92.0204708,4.28e-4,25-34
2004,32,Male,219546.61,201.10469476,9.16e-4,25-34
2004,33,Female,225550.84,103.97893724,4.61e-4,25-34
2004,33,Male,230473.97,212.95794828,9.24e-4,25-34
2004,34,Female,225752.57,123.03515065,5.45e-4,25-34
2004,34,Male,231026.67,231.95077668,0.001004,25-34
2004,35,Female,225898.97,119.95235307,5.31e-4,35-44
2004,35,Male,230541.65,239.07169104999997,0.001037,35-44
2004,36,Female,226998.08,133.9288672,5.9e-4,35-44
2004,36,Male,230724.67,254.02786167000002,0.001101,35-44
2004,37,Female,233017.55,168.00565354999998,7.21e-4,35-44
2004,37,Male,236988.03,276.09105495,0.001165,35-44
2004,38,Female,245283.87,161.8873542,6.6e-4,35-44
2004,38,Male,249748.16,322.92437088,0.001293,35-44
2004,39,Female,264014.78,215.96409004000003,8.18e-4,35-44
2004,39,Male,268752.78,375.98513922000006,0.001399,35-44
2004,40,Female,272305.42,214.03206011999998,7.86e-4,35-44
2004,40,Male,277568.56,426.0677396,0.001535,35-44
2004,41,Female,276370.4,231.87476560000002,8.39e-4,35-44
2004,41,Male,281734.44,416.12176788,0.001477,35-44
2004,42,Female,273526.11,289.11709827,0.001057,35-44
2004,42,Male,277433.08,491.05655160000003,0.00177,35-44
2004,43,Female,273822.4,276.0129792,0.001008,35-44
2004,43,Male,276313.76,503.99629824000004,0.001824,35-44
2004,44,Female,269425.3,321.9632335,0.001195,35-44
2004,44,Male,270761.95,539.08704245,0.001991,35-44
2004,45,Female,266839.39,378.11141563000007,0.001417,45-54
2004,45,Male,267422.87,568.00617588,0.002124,45-54
2004,46,Female,262435.39,405.98754833000004,0.001547,45-54
2004,46,Male,262589.25,659.0990175000001,0.00251,45-54
2004,47,Female,258898.17,456.95527005,0.001765,45-54
2004,47,Male,258100.34,668.99608128,0.002592,45-54
2004,48,Female,251891.39,481.1125549,0.00191,45-54
2004,48,Male,249919.04,720.01675424,0.002881,45-54
2004,49,Female,250024.13,500.04826,0.002,45-54
2004,49,Male,246793.31,838.1100807600001,0.003396,45-54
2004,50,Female,243048.16,518.9078216,0.002135,45-54
2004,50,Male,238716.37,858.90149926,0.003598,45-54
2004,51,Female,232220.76,604.9350798,0.002605,45-54
2004,51,Male,227861.09,887.97466773,0.003897,45-54
2004,52,Female,223106.58,636.0768595799999,0.002851,45-54
2004,52,Male,219500.41,946.92476874,0.004314,45-54
2004,53,Female,219306.83,675.90365006,0.003082,45-54
2004,53,Male,215902.3,1019.058856,0.00472,45-54
2004,54,Female,213675.7,651.0698579,0.003047,45-54
2004,54,Male,210180.8,1029.0451968,0.004896,45-54
2004,55,Female,210459.7,762.9164125000001,0.003625,55-64
2004,55,Male,206828.83,1160.10290747,0.005609,55-64
2004,56,Female,207615.78,788.939964,0.0038,55-64
2004,56,Male,204035.95,1267.0632495000002,0.00621,55-64
2004,57,Female,206721.63,918.05075883,0.004441,55-64
2004,57,Male,203019.68,1366.93150544,0.006733,55-64
2004,58,Female,181210.28,798.05007312,0.004404,55-64
2004,58,Male,177604.15,1330.07747935,0.007489,55-64
2004,59,Female,169079.39,866.02463558,0.005122,55-64
2004,59,Male,165487.6,1353.0266176,0.008176,55-64
2004,60,Female,163367.35,957.0059363000001,0.005858,55-64
2004,60,Male,159666.27,1489.0476340199998,0.009326,55-64
2004,61,Female,158424.15,1009.00341135,0.006369,55-64
2004,61,Male,154195.3,1609.0279555,0.010435,55-64
2004,62,Female,148533.44,996.95644928,0.006712,55-64
2004,62,Male,143471.53,1597.9859011400001,0.011138,55-64
2004,63,Female,143005.51,1005.0427242800001,0.007028,55-64
2004,63,Male,136680.29,1663.9458504600002,0.012174,55-64
2004,64,Female,133021.57,1099.95536233,0.008269,55-64
2004,64,Male,126131.25,1710.97040625,0.013565,55-64
2004,65,Female,129644.69,1178.98881086,0.009094,65-74
2004,65,Male,122092.45,1726.9977052499999,0.014145,65-74
2004,66,Female,124151.39,1209.97944694,0.009746,65-74
2004,66,Male,116013.12,1917.00079488,0.016524,65-74
2004,67,Female,120219.2,1303.0559088,0.010839,65-74
2004,67,Male,111130.56,1965.0105619199999,0.017682,65-74
2004,68,Female,118930.09,1388.98452111,0.011679,65-74
2004,68,Male,108843.17,2148.0199599499997,0.019735,65-74
2004,69,Female,116195.65,1456.97725535,0.012539,65-74
2004,69,Male,105379.8,2204.018517,0.020915,65-74
2004,70,Female,112730.63,1643.04893225,0.014575,65-74
2004,70,Male,101672.12,2390.00652484,0.023507,65-74
2004,71,Female,113294.88,1748.0267035200002,0.015429,65-74
2004,71,Male,101292.18,2574.03687816,0.025412,65-74
2004,72,Female,112051.09,1953.94690742,0.017438,65-74
2004,72,Male,98733.46,2877.98162554,0.029149,65-74
2004,73,Female,110177.18,2108.01998494,0.019133,65-74
2004,73,Male,94952.87,3164.0195341399995,0.033322,65-74
2004,74,Female,107755.43,2248.96357953,0.020871,65-74
2004,74,Male,90435.34,3054.9962205399997,0.033781,65-74
2004,75,Female,102862.26,2459.0251875599997,0.023906,75-84
2004,75,Male,84038.93,3258.0212382399995,0.038768,75-84
2004,76,Female,99704.18,2548.0400240799995,0.025556,75-84
2004,76,Male,79017.81,3439.96134054,0.043534,75-84
2004,77,Female,96175.81,2781.01972196,0.028916,75-84
2004,77,Male,73286.99,3508.9810812,0.04788,75-84
2004,78,Female,94022.32,3163.00486712,0.033641,75-84
2004,78,Male,68620.8,3674.0262528,0.053541,75-84
2004,79,Female,90626.88,3319.0282262400005,0.036623,75-84
2004,79,Male,63374.77,3679.98276959,0.058067,75-84
2004,80,Female,82647.94,3486.00746126,0.042179,75-84
2004,80,Male,54501.2,3681.9920696000004,0.067558000000000007,75-84
2004,81,Female,78482.37,3804.9822623399996,0.048482,75-84
2004,81,Male,49564.34,3730.01397104,0.075256,75-84
2004,82,Female,74893.61,4078.03195811,0.054451,75-84
2004,82,Male,45461.68,3773.00120824,0.082993,75-84
2004,83,Female,69214.14,4027.9860914399997,0.058196,75-84
2004,83,Male,40230.82,3707.99421776,0.092168,75-84
2004,84,Female,59441.15,4124.026987,0.06938,75-84
2004,84,Male,32794.83,3560.00997582,0.108554,75-84
2004,85,Female,50228.5,3741.01868,0.07448,85+
2004,85,Male,26349.07,3081.99801976,0.116968,85+
2004,86,Female,44394.14,3906.0184078999996,0.087985,85+
2004,86,Male,22194.17,2923.9931208199996,0.131746,85+
2004,87,Female,39424.26,4023.00918744,0.102044,85+
2004,87,Male,18689.77,2662.0026308700003,0.142431,85+
2004,88,Female,35214.99,3932.00013843,0.111657,85+
2004,88,Male,15872.51,2388.00325699,0.150449,85+
2004,89,Female,31183.7,4000.9934448000004,0.128304,85+
2004,89,Male,13321.83,2337.99448683,0.175501,85+
2004,90,Female,26600.97,3798.00669369,0.142777,85+
2004,90,Male,10661.58,2032.00119378,0.190591,85+
2004,91,Female,21683.95,3468.0008593,0.159934,85+
2004,91,Male,8216.83,1760.9981382800001,0.214316,85+
2004,92,Female,17154.9,3088.9970685000003,0.180065,85+
2004,92,Male,6025.78,1447.0006802999999,0.240135,85+
2004,93,Female,13502.48,2617.9958472,0.19389,85+
2004,93,Male,4395.68,1197.00080784,0.272313,85+
2004,94,Female,10464.06,2308.0053939,0.220565,85+
2004,94,Male,3193.22,868.00021972,0.271826,85+
2004,95,Female,7860.6,1951.0009200000002,0.2482,85+
2004,95,Male,2236.82,679.99999046,0.304003,85+
2004,96,Female,5827.45,1627.0007302,0.279196,85+
2004,96,Male,1554.87,530.0007625499999,0.340865,85+
2004,97,Female,4108.61,1328.9997508699998,0.323467,85+
2004,97,Male,1028.58,392.99984639999997,0.38208,85+
2004,98,Female,2825.5,938.0010135000001,0.331977,85+
2004,98,Male,641,257.998654,0.402494,85+
2004,99,Female,1908.78,652.9993643399999,0.342103,85+
2004,99,Male,386.12,163.00210248,0.422154,85+
2004,100,Female,1276.31,507.00010808999997,0.397239,85+
2004,100,Male,237.34,107.00141624000001,0.450836,85+
2005,0,Female,165652.11,833.0644611899999,0.005029,0
2005,0,Male,174971.78,1030.05886886,0.005887,0
2005,1,Female,166547.09,49.964127,3e-4,1-4
2005,1,Male,175894.24,70.00590752,3.98e-4,1-4
2005,2,Female,165632.98,22.029186340000003,1.33e-4,1-4
2005,2,Male,174673.87,38.07890366,2.18e-4,1-4
2005,3,Female,165491.16,21.01737732,1.27e-4,1-4
2005,3,Male,174864.03,30.07661316,1.72e-4,1-4
2005,4,Female,167668.11,18.946496429999996,1.13e-4,1-4
2005,4,Male,177325.73,31.918631400000002,1.8e-4,1-4
2005,5,Female,174078.87,14.97078282,8.6e-5,5-14
2005,5,Male,183562.8,24.964540799999998,1.36e-4,5-14
2005,6,Female,175409.03,18.06713009,1.03e-4,5-14
2005,6,Male,184263.24,30.956224319999997,1.68e-4,5-14
2005,7,Female,179962.45,17.996245000000002,1e-4,5-14
2005,7,Male,188905.73,21.91306468,1.16e-4,5-14
2005,8,Female,186438.34,8.94904032,4.8e-5,5-14
2005,8,Male,195940.97,16.06715954,8.2e-5,5-14
2005,9,Female,194100.43,18.05133999,9.3e-5,5-14
2005,9,Male,203236.4,26.014259199999998,1.28e-4,5-14
2005,10,Female,199527.27,15.962181600000001,8e-5,5-14
2005,10,Male,209234.69,21.969642450000002,1.05e-4,5-14
2005,11,Female,202294.21,14.969771539999998,7.4e-5,5-14
2005,11,Male,212184.7,29.918042700000004,1.41e-4,5-14
2005,12,Female,206793.72,27.089977320000003,1.31e-4,5-14
2005,12,Male,216067.62,33.05834586,1.53e-4,5-14
2005,13,Female,212553.6,28.907289600000002,1.36e-4,5-14
2005,13,Male,221961.03,39.9529854,1.8e-4,5-14
2005,14,Female,215259.49,38.10092973,1.77e-4,5-14
2005,14,Male,226071.33,61.039259099999995,2.7e-4,5-14
2005,15,Female,217405.86,43.91598372,2.02e-4,15-24
2005,15,Male,229622.65,82.89377664999999,3.61e-4,15-24
2005,16,Female,211407.17,53.90882835000001,2.55e-4,15-24
2005,16,Male,223809.96,108.99545052,4.87e-4,15-24
2005,17,Female,206766.38,64.92464332,3.14e-4,15-24
2005,17,Male,218651.58,125.06870376,5.72e-4,15-24
2005,18,Female,208995.2,72.93932480000001,3.49e-4,15-24
2005,18,Male,221289.81,167.95896579,7.59e-4,15-24
2005,19,Female,213664.11,77.98740014999998,3.65e-4,15-24
2005,19,Male,227125.06,186.92392438,8.23e-4,15-24
2005,20,Female,216862.06,70.04644538,3.23e-4,15-24
2005,20,Male,230336.21,199.93183027999999,8.68e-4,15-24
2005,21,Female,218298.74,77.05945522,3.53e-4,15-24
2005,21,Male,229919.18,186.00461662,8.09e-4,15-24
2005,22,Female,217954.73,71.05324198000001,3.26e-4,15-24
2005,22,Male,228050.7,200.9126667,8.81e-4,15-24
2005,23,Female,218590.11,83.0642418,3.8e-4,15-24
2005,23,Male,227389.11,203.05847523,8.93e-4,15-24
2005,24,Female,219374.81,68.0061911,3.1e-4,15-24
2005,24,Male,227001.65,182.9633299,8.06e-4,15-24
2005,25,Female,216420.82,59.94856714,2.77e-4,25-34
2005,25,Male,222741.64,173.07025428000003,7.77e-4,25-34
2005,26,Female,213708.37,78.00355504999999,3.65e-4,25-34
2005,26,Male,217869.55,184.97124795,8.49e-4,25-34
2005,27,Female,211159.47,73.06117662,3.46e-4,25-34
2005,27,Male,214003.24,172.05860496,8.04e-4,25-34
2005,28,Female,211589.52,67.92023592,3.21e-4,25-34
2005,28,Male,214018.23,194.97060753000002,9.11e-4,25-34
2005,29,Female,214336.36,66.01559888,3.08e-4,25-34
2005,29,Male,217012.21,195.09397678999997,8.99e-4,25-34
2005,30,Female,213581.82,83.93765526,3.93e-4,25-34
2005,30,Male,216029.1,182.9766477,8.47e-4,25-34
2005,31,Female,210850.63,79.91238877,3.79e-4,25-34
2005,31,Male,213365.12,193.0954336,9.05e-4,25-34
2005,32,Female,213678.45,104.06140515000001,4.87e-4,25-34
2005,32,Male,217228.52,213.97009219999998,9.85e-4,25-34
2005,33,Female,216784.92,102.10569732,4.71e-4,25-34
2005,33,Male,221065.51,221.94977204,0.001004,25-34
2005,34,Female,227355.96,128.00140548,5.63e-4,25-34
2005,34,Male,232224.75,231.06362625,9.95e-4,25-34
2005,35,Female,227038.02,126.91425318,5.59e-4,35-44
2005,35,Male,232372.33,266.99580717,0.001149,35-44
2005,36,Female,227328.27,140.03421432,6.16e-4,35-44
2005,36,Male,231945.71,243.07910408,0.001048,35-44
2005,37,Female,228318.81,141.10102458,6.18e-4,35-44
2005,37,Male,232171.92,240.99445296000002,0.001038,35-44
2005,38,Female,234362.44,146.00780011999998,6.23e-4,35-44
2005,38,Male,238454.52,303.07569492,0.001271,35-44
2005,39,Female,246984.35,210.92463490000003,8.54e-4,35-44
2005,39,Male,251628.32,358.06709936,0.001423,35-44
2005,40,Female,265792.29,246.92103741,9.29e-4,35-44
2005,40,Male,270674.34,394.1018390400001,0.001456,35-44
2005,41,Female,273712.69,258.11106667,9.43e-4,35-44
2005,41,Male,279173.2,448.07298600000007,0.001605,35-44
2005,42,Female,277609.22,282.88379517999994,0.001019,35-44
2005,42,Male,282930.05,486.0738259,0.001718,35-44
2005,43,Female,274195.58,307.92163634,0.001123,35-44
2005,43,Male,277933.27,528.90701281,0.001903,35-44
2005,44,Female,274628.44,360.03788484,0.001311,35-44
2005,44,Male,276937.61,561.07559786,0.002026,35-44
2005,45,Female,269542.28,392.99264424000006,0.001458,45-54
2005,45,Male,270870.92,618.9400522,0.002285,45-54
2005,46,Female,266875.25,432.07102975,0.001619,45-54
2005,46,Male,267482.62,676.99851122,0.002531,45-54
2005,47,Female,262588.42,467.93256443999996,0.001782,45-54
2005,47,Male,262924.12,680.9734708,0.00259,45-54
2005,48,Female,259067.38,488.08294392,0.001884,45-54
2005,48,Male,258324.08,689.9836176800001,0.002671,45-54
2005,49,Female,252024.83,525.9758202099999,0.002087,45-54
2005,49,Male,250021.75,854.074298,0.003416,45-54
2005,50,Female,250450.44,563.01258912,0.002248,45-54
2005,50,Male,247093.31,832.95154801,0.003371,45-54
2005,51,Female,242964.07,576.06780997,0.002371,45-54
2005,51,Male,238447.28,948.0663852800001,0.003976,45-54
2005,52,Female,231982.77,617.0741682,0.00266,45-54
2005,52,Male,227562.58,961.9070256599999,0.004227,45-54
2005,53,Female,222790.7,687.0865188,0.003084,45-54
2005,53,Male,219009.03,1022.99117913,0.004671,45-54
2005,54,Female,218980.19,681.90431166,0.003114,45-54
2005,54,Male,215357.46,1045.99118322,0.004857,45-54
2005,55,Female,213175,769.9881,0.003612,55-64
2005,55,Male,209355.82,1188.9317017800001,0.005679,55-64
2005,56,Female,209920.11,832.96299648,0.003968,55-64
2005,56,Male,205772.29,1222.9047194700001,0.005943,55-64
2005,57,Female,207236.8,844.9044336,0.004077,55-64
2005,57,Male,203136.76,1419.9259524,0.00699,55-64
2005,58,Female,206443.83,894.93400305,0.004335,55-64
2005,58,Male,202048.7,1489.9071138000002,0.007374,55-64
2005,59,Female,180065.24,870.07523968,0.004832,55-64
2005,59,Male,175779.65,1342.956526,0.00764,55-64
2005,60,Female,169131.07,927.00739467,0.005481,55-64
2005,60,Male,164922.01,1432.0178128300001,0.008683,55-64
2005,61,Female,163277.37,961.0505998199999,0.005886,55-64
2005,61,Male,158942.05,1573.0494688499998,0.009897,55-64
2005,62,Female,157989.12,1040.99031168,0.006589,55-64
2005,62,Male,153208.26,1601.026317,0.01045,55-64
2005,63,Female,147971.72,1127.98842156,0.007623,55-64
2005,63,Male,142178.87,1701.02800068,0.011964,55-64
2005,64,Female,142522.85,1166.9770958000001,0.008188,55-64
2005,64,Male,135570.96,1738.0197071999999,0.01282,55-64
2005,65,Female,132172.61,1145.9365287,0.00867,65-74
2005,65,Male,124628.24,1750.0297460800002,0.014042,65-74
2005,66,Female,128833.23,1207.94036448,0.009376,65-74
2005,66,Male,120572.74,1893.9565999200001,0.015708,65-74
2005,67,Female,123090.88,1224.01571072,0.009944,65-74
2005,67,Male,114155.53,1943.0412761300001,0.017021,65-74
2005,68,Female,119026.56,1387.96871616,0.011661,65-74
2005,68,Male,109130.95,2113.97563245,0.019371,65-74
2005,69,Female,117783.96,1489.02482232,0.012642,65-74
2005,69,Male,106761.81,2244.02648439,0.021019,65-74
2005,70,Female,114730.56,1576.9715472,0.013745,65-74
2005,70,Male,102932.21,2395.95305217,0.023277,65-74
2005,71,Female,111206.33,1715.02402126,0.015422,65-74
2005,71,Male,99179.32,2451.0185351600003,0.024713,65-74
2005,72,Female,111678.08,1923.98996224,0.017228,65-74
2005,72,Male,98679.33,2728.97687115,0.027655,65-74
2005,73,Female,109992.63,2110.97855496,0.019192,65-74
2005,73,Male,95698.07,2958.9843244000003,0.03092,65-74
2005,74,Female,107960.42,2341.98539106,0.021693,65-74
2005,74,Male,91729.75,3225.0345505,0.035158,65-74
2005,75,Female,105287.02,2548.0511710200003,0.024201,75-84
2005,75,Male,87024.94,3297.98415118,0.037897,75-84
2005,76,Female,100232.27,2569.9554028000002,0.02564,75-84
2005,76,Male,80545.78,3332.9843763999997,0.04138,75-84
2005,77,Female,97064.1,2823.9829254,0.029094,75-84
2005,77,Male,75582.14,3473.9819008199997,0.045963,75-84
2005,78,Female,93189.6,3086.9986896000005,0.033126,75-84
2005,78,Male,69547.14,3627.02244528,0.052152,75-84
2005,79,Female,90828.25,3262.0057705,0.035914,75-84
2005,79,Male,64972.91,3659.01439956,0.056316,75-84
2005,80,Female,84644.2,3543.0369235999997,0.041858,75-84
2005,80,Male,56838.94,3763.98828468,0.066222,75-84
2005,81,Female,79029.46,3726.0019506200006,0.047147,75-84
2005,81,Male,50784.24,3650.0156815200003,0.071873,75-84
2005,82,Female,74583.66,3938.017248,0.0528,75-84
2005,82,Male,45802.48,3872.0042517600004,0.084537,75-84
2005,83,Female,70765.31,4191.0047194399995,0.059224,75-84
2005,83,Male,41622.44,3809.99329028,0.091537,75-84
2005,84,Female,64968.98,4337.9787946,0.06677,75-84
2005,84,Male,36483.34,3611.0115431799995,0.098977,75-84
2005,85,Female,55327.32,4358.02234176,0.078768,85+
2005,85,Male,29361.57,3504.0097638,0.11934,85+
2005,86,Female,46314.33,3769.0138610700005,0.081379,85+
2005,86,Male,23225.33,2947.9911369,0.12693,85+
2005,87,Female,40442.05,3960.0046519000007,0.097918,85+
2005,87,Male,19356.5,2789.000659,0.144086,85+
2005,88,Female,35448.42,4023.00573738,0.113489,85+
2005,88,Male,16132.01,2497.9933524700004,0.154847,85+
2005,89,Female,31199.82,4087.9876153200003,0.131026,85+
2005,89,Male,13468.76,2350.9989955200003,0.174552,85+
2005,90,Female,27236.53,3845.98869171,0.141207,85+
2005,90,Male,11086.49,2132.99633004,0.192396,85+
2005,91,Female,22873.53,3694.9900361999994,0.16154,85+
2005,91,Male,8746.74,1815.9981588,0.20762,85+
2005,92,Female,18288.2,3196.9968184,0.174812,85+
2005,92,Male,6550.83,1549.99843713,0.236611,85+
2005,93,Female,14232.98,2753.99623212,0.193494,85+
2005,93,Male,4670.11,1205.0004626399998,0.258024,85+
2005,94,Female,10986.05,2336.9965002,0.212724,85+
2005,94,Male,3346.01,978.99902787,0.292587,85+
2005,95,Female,8259.69,2076.9981667800002,0.251462,85+
2005,95,Male,2364.39,760.00006404,0.321436,85+
2005,96,Female,6043.5,1616.9988600000001,0.26756,85+
2005,96,Male,1599.16,544.0022488,0.34018,85+
2005,97,Female,4377.71,1259.00312974,0.287594,85+
2005,97,Male,1083.54,407.00146188,0.375622,85+
2005,98,Female,2970.61,1002.9997310100001,0.337641,85+
2005,98,Male,699.42,255.0015378,0.36459,85+
2005,99,Female,1991.16,712.9985551200001,0.358082,85+
2005,99,Male,423.67,183.0000198,0.43194,85+
2005,100,Female,1329.28,505.99973696,0.380657,85+
2005,100,Male,245.12,102.00203072,0.416131,85+
2006,0,Female,168584.44,787.9636725600001,0.004674,0
2006,0,Male,177718.19,982.9593088900001,0.005531,0
2006,1,Female,167981.63,54.92999301,3.27e-4,1-4
2006,1,Male,177527.87,66.92800699,3.77e-4,1-4
2006,2,Female,168398.07,22.060147170000004,1.31e-4,1-4
2006,2,Male,178123.9,39.0091341,2.19e-4,1-4
2006,3,Female,167219.09,25.0828635,1.5e-4,1-4
2006,3,Male,176847.99,24.93556659,1.41e-4,1-4
2006,4,Female,167099.37,19.04932818,1.14e-4,1-4
2006,4,Male,176930.73,32.02446213,1.81e-4,1-4
2006,5,Female,169438.97,16.943897,1e-4,5-14
2006,5,Male,179416.68,22.96533504,1.28e-4,5-14
2006,6,Female,175071.86,15.93153926,9.1e-5,5-14
2006,6,Male,184879.33,19.042570989999998,1.03e-4,5-14
2006,7,Female,176759.78,19.973855139999998,1.13e-4,5-14
2006,7,Male,185862.18,13.0103526,7e-5,5-14
2006,8,Female,181039.85,17.0177459,9.4e-5,5-14
2006,8,Male,190461.63,28.950167760000003,1.52e-4,5-14
2006,9,Female,187879.78,16.9091802,9e-5,5-14
2006,9,Male,197423.05,27.04695785,1.37e-4,5-14
2006,10,Female,195319.69,14.06301768,7.2e-5,5-14
2006,10,Male,204791.41,24.98455202,1.22e-4,5-14
2006,11,Female,201382.57,13.089867049999999,6.5e-5,5-14
2006,11,Male,211113.98,24.066993720000003,1.14e-4,5-14
2006,12,Female,204347.07,19.00427751,9.3e-5,5-14
2006,12,Male,214242.75,35.992782,1.68e-4,5-14
2006,13,Female,208676.9,32.9709502,1.58e-4,5-14
2006,13,Male,217991.03,27.030887720000003,1.24e-4,5-14
2006,14,Female,214576.76,36.04889568,1.68e-4,5-14
2006,14,Male,224079.09,47.95292526,2.14e-4,5-14
2006,15,Female,217564.72,48.952062,2.25e-4,15-24
2006,15,Male,228307.21,66.89401253,2.93e-4,15-24
2006,16,Female,219697.64,58.00017696000001,2.64e-4,15-24
2006,16,Male,231831.82,92.96455982,4.01e-4,15-24
2006,17,Female,214393.96,66.03333968,3.08e-4,15-24
2006,17,Male,226591.91,140.03380038,6.18e-4,15-24
2006,18,Female,209691.65,75.0696107,3.58e-4,15-24
2006,18,Male,221810.79,188.98279308,8.52e-4,15-24
2006,19,Female,213144.44,63.090754239999995,2.96e-4,15-24
2006,19,Male,225321.69,184.98910749,8.21e-4,15-24
2006,20,Female,217049.12,77.0524376,3.55e-4,15-24
2006,20,Male,229598.1,202.04632800000002,8.8e-4,15-24
2006,21,Female,220145.17,68.02485753,3.09e-4,15-24
2006,21,Male,232244.38,190.90488036000002,8.22e-4,15-24
2006,22,Female,220642.04,63.986191600000005,2.9e-4,15-24
2006,22,Male,231540.75,216.02751975,9.33e-4,15-24
2006,23,Female,220036.77,69.97169285999999,3.18e-4,15-24
2006,23,Male,229448.53,187.00055195,8.15e-4,15-24
2006,24,Female,220878.91,60.96257916,2.76e-4,15-24
2006,24,Male,228568.74,181.94071704,7.96e-4,15-24
2006,25,Female,221593.46,62.93254264,2.84e-4,25-34
2006,25,Male,227570.03,189.11069493,8.31e-4,25-34
2006,26,Female,218846.26,47.0519459,2.15e-4,25-34
2006,26,Male,222979.25,173.923815,7.8e-4,25-34
2006,27,Female,216234.36,73.95215112,3.42e-4,25-34
2006,27,Male,218649.16,191.97396248,8.78e-4,25-34
2006,28,Female,214086.04,90.986567,4.25e-4,25-34
2006,28,Male,215266.53,178.02542031000002,8.27e-4,25-34
2006,29,Female,214217.09,91.04226324999999,4.25e-4,25-34
2006,29,Male,215467.92,154.92143448000002,7.19e-4,25-34
2006,30,Female,217166.8,84.9122188,3.91e-4,25-34
2006,30,Male,218749.85,194.03111695,8.87e-4,25-34
2006,31,Female,215888.3,66.925373,3.1e-4,25-34
2006,31,Male,217580.69,181.89745684000002,8.36e-4,25-34
2006,32,Female,213255.69,97.03133895,4.55e-4,25-34
2006,32,Male,215349.87,172.92594560999999,8.03e-4,25-34
2006,33,Female,215662.93,103.94953226,4.82e-4,25-34
2006,33,Male,218868.07,196.10579072000002,8.96e-4,25-34
2006,34,Female,218812.71,101.96672285999999,4.66e-4,25-34
2006,34,Male,222753.59,212.06141768,9.52e-4,25-34
2006,35,Female,228612.92,130.08075148,5.69e-4,35-44
2006,35,Male,233299.26,227.93337702000002,9.77e-4,35-44
2006,36,Female,228692.03,125.09454041,5.47e-4,35-44
2006,36,Male,233737.83,230.93297603999997,9.88e-4,35-44
2006,37,Female,228866.31,146.01670578,6.38e-4,35-44
2006,37,Male,233326.63,248.95951421,0.001067,35-44
2006,38,Female,229876.68,177.92455031999998,7.74e-4,35-44
2006,38,Male,233568.92,309.01168116,0.001323,35-44
2006,39,Female,236132.19,190.08641295,8.05e-4,35-44
2006,39,Male,240225.74,335.11490729999997,0.001395,35-44
2006,40,Female,248472.07,215.92222883,8.69e-4,35-44
2006,40,Male,253064.69,403.89124524,0.001596,35-44
2006,41,Female,266666.1,242.13281879999997,9.08e-4,35-44
2006,41,Male,271649.99,412.09303482999997,0.001517,35-44
2006,42,Female,274688.87,276.06231435,0.001005,35-44
2006,42,Male,280099.3,438.9156031,0.001567,35-44
2006,43,Female,278164.04,329.06805932,0.001183,35-44
2006,43,Male,283259.82,499.95358230000005,0.001765,35-44
2006,44,Female,275255.48,334.98591916,0.001217,35-44
2006,44,Male,278751.96,510.11608680000006,0.00183,35-44
2006,45,Female,274692.24,385.11852048,0.001402,45-54
2006,45,Male,276987.85,588.8761690999999,0.002126,45-54
2006,46,Female,269827.08,416.8828386,0.001545,45-54
2006,46,Male,271132.52,649.09125288,0.002394,45-54
2006,47,Female,267256.59,428.94682695000006,0.001605,45-54
2006,47,Male,268144.34,707.9010576000001,0.00264,45-54
2006,48,Female,262834.87,474.94261009,0.001807,45-54
2006,48,Male,263163.8,782.1228136,0.002972,45-54
2006,49,Female,259141.33,549.89790226,0.002122,45-54
2006,49,Male,258665.18,846.09380378,0.003271,45-54
2006,50,Female,252511.31,549.96963318,0.002178,45-54
2006,50,Male,250585.66,870.03341152,0.003472,45-54
2006,51,Female,250131.71,615.07387489,0.002459,45-54
2006,51,Male,246854.32,886.94757176,0.003593,45-54
2006,52,Female,242749.15,697.90380625,0.002875,45-54
2006,52,Male,238435.04,1015.0179652800001,0.004257,45-54
2006,53,Female,231717.37,665.95572138,0.002874,45-54
2006,53,Male,227423.85,1029.09292125,0.004525,45-54
2006,54,Female,222430.27,726.01240128,0.003264,45-54
2006,54,Male,218656.44,1107.05755572,0.005063,45-54
2006,55,Female,218400.27,703.90407021,0.003223,55-64
2006,55,Male,214737.95,1170.96604135,0.005453,55-64
2006,56,Female,212739.38,752.0337083000001,0.003535,55-64
2006,56,Male,208659.78,1237.97847474,0.005933,55-64
2006,57,Female,209482.32,785.9776646400001,0.003752,55-64
2006,57,Male,205041.02,1295.03908232,0.0063160000000000004,55-64
2006,58,Female,206813.87,902.94935642,0.004366,55-64
2006,58,Male,202232.49,1374.97869951,0.006799,55-64
2006,59,Female,204714.71,1061.03634193,0.005183,55-64
2006,59,Male,199819.72,1562.9898498400003,0.007822,55-64
2006,60,Female,180577.49,899.9982101599999,0.004984,55-64
2006,60,Male,175786.45,1543.9323903499999,0.008783,55-64
2006,61,Female,169068.76,1015.93417884,0.006009,55-64
2006,61,Male,164311.07,1464.0116337,0.00891,55-64
2006,62,Female,162714.71,1037.95713509,0.006379,55-64
2006,62,Male,157917.12,1612.01796096,0.010208,55-64
2006,63,Female,157181.16,1047.92679372,0.006667,55-64
2006,63,Male,151605.97,1719.9697296499999,0.011345,55-64
2006,64,Female,147566.41,1175.9567212900001,0.007969,55-64
2006,64,Male,141090.64,1847.0175682400002,0.013091,55-64
2006,65,Female,141586.5,1104.941046,0.007804,65-74
2006,65,Male,133976.55,1827.0382123499999,0.013637,65-74
2006,66,Female,131507.96,1263.0024478399998,0.009604,65-74
2006,66,Male,123271.18,1824.0436504599998,0.014797,65-74
2006,67,Female,127785.37,1354.01378052,0.010596,65-74
2006,67,Male,118807.2,1952.002296,0.01643,65-74
2006,68,Female,122059.3,1388.0583596000001,0.011372,65-74
2006,68,Male,112276.4,2071.0504744,0.018446,65-74
2006,69,Female,118068.8,1450.0029328,0.012281,65-74
2006,69,Male,107292.44,2060.98047996,0.019209,65-74
2006,70,Female,116313.71,1575.00394711,0.013541,65-74
2006,70,Male,104339.25,2365.996833,0.022676,65-74
2006,71,Female,113288.78,1702.95694096,0.015032,65-74
2006,71,Male,100650.64,2391.9624596000003,0.023765,65-74
2006,72,Female,109776.85,1749.95276585,0.015941,65-74
2006,72,Male,96856.04,2569.97816536,0.026534,65-74
2006,73,Female,109669.66,2036.0172379000003,0.018565,65-74
2006,73,Male,95738.31,2707.00071525,0.028275,65-74
2006,74,Female,107847.28,2180.9955434400003,0.020223,65-74
2006,74,Male,92561.39,2982.97591553,0.032227,65-74
2006,75,Female,105545.8,2339.950386,0.02217,75-84
2006,75,Male,88422.16,3190.9789100800003,0.036088,75-84
2006,76,Female,102731.13,2597.96754657,0.025289,75-84
2006,76,Male,83536.95,3381.99342075,0.040485,75-84
2006,77,Female,97726.89,2842.97295699,0.029091,75-84
2006,77,Male,77261.14,3366.03608638,0.043567,75-84
2006,78,Female,94014.04,2916.03347868,0.031017,75-84
2006,78,Male,71817.37,3579.0186339499996,0.049835,75-84
2006,79,Female,90127.99,3168.99025639,0.035161,75-84
2006,79,Male,65986.06,3580.0076992399995,0.054254,75-84
2006,80,Female,84834.54,3425.95806336,0.040384,75-84
2006,80,Male,58438.36,3704.992024,0.0634,75-84
2006,81,Female,81099.69,3500.99251761,0.043169,75-84
2006,81,Male,53140.96,3734.0026953599995,0.070266,75-84
2006,82,Female,75284.21,3884.96637284,0.051604,75-84
2006,82,Male,47057.39,3722.99246724,0.079116,75-84
2006,83,Female,70593.49,3989.0263394300005,0.056507,75-84
2006,83,Male,42074.26,3649.98412926,0.086751,75-84
2006,84,Female,66544.69,4274.032349319999,0.064228,75-84
2006,84,Male,37912.19,3739.0139143700003,0.098623,75-84
2006,85,Female,60615.52,4384.98733232,0.072341,85+
2006,85,Male,32855.52,3438.9872783999995,0.10467,85+
2006,86,Female,51238.99,4177.976005609999,0.081539,85+
2006,86,Male,26077.41,3290.99521941,0.126201,85+
2006,87,Female,42365.17,3999.01785698,0.094394,85+
2006,87,Male,20328.99,2778.99326199,0.136701,85+
2006,88,Female,36498.72,3814.99220928,0.104524,85+
2006,88,Male,16751.83,2519.0061807600005,0.150372,85+
2006,89,Female,31549.92,3785.9903999999997,0.12,85+
2006,89,Male,13728.68,2338.99639764,0.170373,85+
2006,90,Female,27345.65,3691.0064544000006,0.134976,85+
2006,90,Male,11240.59,2157.00177746,0.191894,85+
2006,91,Female,23585.2,3571.0115468,0.151409,85+
2006,91,Male,9070.83,1957.00436001,0.215747,85+
2006,92,Female,19435.37,3261.00242619,0.167787,85+
2006,92,Male,7016.91,1571.00194608,0.223888,85+
2006,93,Female,15259.53,2971.99184139,0.194763,85+
2006,93,Male,5123.83,1326.00108953,0.258791,85+
2006,94,Female,11643.86,2499.0052332,0.21462,85+
2006,94,Male,3567.61,1020.00110466,0.285906,85+
2006,95,Female,8723.98,2074.998643,0.23785,85+
2006,95,Male,2467.18,764.0017618799999,0.309666,85+
2006,96,Female,6388.19,1703.0020193399998,0.266586,85+
2006,96,Male,1716.56,563.00078192,0.327982,85+
2006,97,Female,4609.17,1300.00257099,0.282047,85+
2006,97,Male,1134.32,374.99938607999997,0.330594,85+
2006,98,Female,3203.04,1054.00195152,0.329063,85+
2006,98,Male,749.04,301.00097496,0.401849,85+
2006,99,Female,2091.61,738.00158079,0.352839,85+
2006,99,Male,472.42,187.00178796000003,0.395838,85+
2006,100,Female,1381.16,530.9993924400001,0.384459,85+
2006,100,Male,273.34,139.0015902,0.50853,85+
2007,0,Female,175246.44,838.02847608,0.004782,0
2007,0,Male,184268.21,1042.9580686,0.00566,0
2007,1,Female,170647.95,49.999849350000005,2.93e-4,1-4
2007,1,Male,179649.21,60.00283613999999,3.34e-4,1-4
2007,2,Female,169721.99,32.07745611,1.89e-4,1-4
2007,2,Male,179265.27,43.0236648,2.4e-4,1-4
2007,3,Female,169863.77,16.986377,1e-4,1-4
2007,3,Male,179712.18,31.988768039999997,1.78e-4,1-4
2007,4,Female,168626.69,17.03129569,1.01e-4,1-4
2007,4,Male,178343.49,19.97447088,1.12e-4,1-4
2007,5,Female,168655.4,23.9490668,1.42e-4,5-14
2007,5,Male,178478.79,18.026357790000002,1.01e-4,5-14
2007,6,Female,170723.83,23.04771705,1.35e-4,5-14
2007,6,Male,180800.3,22.0576366,1.22e-4,5-14
2007,7,Female,176563.28,25.07198576,1.42e-4,5-14
2007,7,Male,186643.91,24.07706439,1.29e-4,5-14
2007,8,Female,178161.62,16.9253539,9.5e-5,5-14
2007,8,Male,187627.15,18.0122064,9.6e-5,5-14
2007,9,Female,182726.33,19.003538319999997,1.04e-4,5-14
2007,9,Male,192313.79,20.00063416,1.04e-4,5-14
2007,10,Female,189571.07,13.08040383,6.9e-5,5-14
2007,10,Male,199561.7,17.960553,9e-5,5-14
2007,11,Female,197444.93,15.99303933,8.1e-5,5-14
2007,11,Male,207288.02,21.97253012,1.06e-4,5-14
2007,12,Female,203511.25,22.99677125,1.13e-4,5-14
2007,12,Male,213648.72,30.9790644,1.45e-4,5-14
2007,13,Female,206259.02,22.06971514,1.07e-4,5-14
2007,13,Male,216562.63,37.032209730000005,1.71e-4,5-14
2007,14,Female,210631.31,37.9136358,1.8e-4,5-14
2007,14,Male,220191.93,53.06625513,2.41e-4,5-14
2007,15,Female,216597.18,45.91860216,2.12e-4,15-24
2007,15,Male,225898.44,65.96234448,2.92e-4,15-24
2007,16,Female,219634.86,43.048432559999995,1.96e-4,15-24
2007,16,Male,229828.5,88.0243155,3.83e-4,15-24
2007,17,Female,222464.68,56.95095807999999,2.56e-4,15-24
2007,17,Male,233681.1,143.01283320000002,6.12e-4,15-24
2007,18,Female,217080.02,72.93888672,3.36e-4,15-24
2007,18,Male,228790.72,169.07634208,7.39e-4,15-24
2007,19,Female,213875.66,66.94308158000001,3.13e-4,15-24
2007,19,Male,225134.94,203.97225564000001,9.06e-4,15-24
2007,20,Female,216657.14,63.913856300000006,2.95e-4,15-24
2007,20,Male,227132.89,223.04449798000002,9.82e-4,15-24
2007,21,Female,220394.8,61.9309388,2.81e-4,15-24
2007,21,Male,231033.45,182.9784924,7.92e-4,15-24
2007,22,Female,222627.81,69.90513234,3.14e-4,15-24
2007,22,Male,233647.47,185.98338612,7.96e-4,15-24
2007,23,Female,222946.13,65.10026996,2.92e-4,15-24
2007,23,Male,232679.65,180.09404909999998,7.74e-4,15-24
2007,24,Female,222600.21,67.89306404999999,3.05e-4,15-24
2007,24,Male,230775.56,189.92828587999998,8.23e-4,15-24
2007,25,Female,223569.75,78.92012175,3.53e-4,25-34
2007,25,Male,229464.74,178.98249719999998,7.8e-4,25-34
2007,26,Female,224567.59,68.94225012999999,3.07e-4,25-34
2007,26,Male,228548.43,189.00955161000002,8.27e-4,25-34
2007,27,Female,221862.37,67.00243574000001,3.02e-4,25-34
2007,27,Male,224431.65,182.91179474999998,8.15e-4,25-34
2007,28,Female,219437.78,73.07278074,3.33e-4,25-34
2007,28,Male,220451.22,160.9293906,7.3e-4,25-34
2007,29,Female,217064.42,72.06538744000001,3.32e-4,25-34
2007,29,Male,217179.36,193.07245104,8.89e-4,25-34
2007,30,Female,217250.62,79.07922568000001,3.64e-4,25-34
2007,30,Male,217536.54,175.98706086,8.09e-4,25-34
2007,31,Female,219932,76.096472,3.46e-4,25-34
2007,31,Male,220732.31,179.89683265,8.15e-4,25-34
2007,32,Female,218662.21,111.95505152,5.12e-4,25-34
2007,32,Male,219764.03,165.92184265,7.55e-4,25-34
2007,33,Female,215626.94,89.05392622000001,4.13e-4,25-34
2007,33,Male,217248.33,190.09228875,8.75e-4,25-34
2007,34,Female,218030.13,100.94795019,4.63e-4,25-34
2007,34,Male,220608.38,215.09317049999999,9.75e-4,25-34
2007,35,Female,220620.83,105.01551508,4.76e-4,35-44
2007,35,Male,224047.57,243.98780373,0.001089,35-44
2007,36,Female,230764.09,111.92058365,4.85e-4,35-44
2007,36,Male,234883.66,264.00923384,0.001124,35-44
2007,37,Female,230761,164.994115,7.15e-4,35-44
2007,37,Male,235204.1,259.9005305,0.001105,35-44
2007,38,Female,230723.49,134.05034769,5.81e-4,35-44
2007,38,Male,234597.6,286.91286479999997,0.001223,35-44
2007,39,Female,231625,173.023875,7.47e-4,35-44
2007,39,Male,234892.56,323.91684024,0.001379,35-44
2007,40,Female,237346.9,187.0293572,7.88e-4,35-44
2007,40,Male,241047.23,328.06528003,0.001361,35-44
2007,41,Female,249123.68,234.92363024,9.43e-4,35-44
2007,41,Male,253515.58,403.08977219999997,0.00159,35-44
2007,42,Female,267368.9,286.084723,0.00107,35-44
2007,42,Male,272150.43,428.09262638999996,0.001573,35-44
2007,43,Female,275247.02,290.11035908,0.001054,35-44
2007,43,Male,280320.72,505.13793744,0.001802,35-44
2007,44,Female,278911.37,321.02698687,0.001151,35-44
2007,44,Male,283728.66,535.1122527599999,0.001886,35-44
2007,45,Female,275406.24,419.99451600000003,0.001525,45-54
2007,45,Male,278847.86,593.10939822,0.002127,45-54
2007,46,Female,275248.57,435.99373488,0.001584,45-54
2007,46,Male,277584.32,632.8922496,0.00228,45-54
2007,47,Female,270529.35,485.8707126,0.001796,45-54
2007,47,Male,272055.96,729.1099728,0.00268,45-54
2007,48,Female,267762.74,494.0222553,0.001845,45-54
2007,48,Male,268709.16,727.12698696,0.002706,45-54
2007,49,Female,263114.78,544.12136504,0.002068,45-54
2007,49,Male,263867.28,795.0321146400001,0.003013,45-54
2007,50,Female,259411.31,579.00604392,0.002232,45-54
2007,50,Male,259275.34,903.05600922,0.003483,45-54
2007,51,Female,252142.24,592.02997952,0.002348,45-54
2007,51,Male,250656.51,932.9435302200001,0.003722,45-54
2007,52,Female,249785.24,685.91026904,0.002746,45-54
2007,52,Male,247035.89,1069.91243959,0.004331,45-54
2007,53,Female,242209.03,698.04642446,0.002882,45-54
2007,53,Male,238416.09,1085.03162559,0.004551,45-54
2007,54,Female,230990.65,707.98634225,0.003065,45-54
2007,54,Male,227078.41,1134.93789318,0.004998,45-54
2007,55,Female,221589.71,737.0073754599999,0.003326,55-64
2007,55,Male,218164.57,1199.905135,0.0055,55-64
2007,56,Female,217749.42,815.03607906,0.003743,55-64
2007,56,Male,214295.89,1275.0605455000002,0.00595,55-64
2007,57,Female,212121.94,875.0030025000001,0.004125,55-64
2007,57,Male,208133.59,1425.92322509,0.006851,55-64
2007,58,Female,208823.25,944.08991325,0.004521,55-64
2007,58,Male,204295.89,1418.0177724900002,0.006941,55-64
2007,59,Female,205760.19,973.03993851,0.004729,55-64
2007,59,Male,201010.96,1531.1004823199999,0.007617,55-64
2007,60,Female,204934.46,1098.03883668,0.005358,55-64
2007,60,Male,199732.57,1797.99259514,0.009002,55-64
2007,61,Female,180219.55,996.0734528499999,0.005527,55-64
2007,61,Male,175050.2,1577.0272518,0.009009,55-64
2007,62,Female,168166.94,1014.0466481999999,0.00603,55-64
2007,62,Male,163077.02,1613.9732669399998,0.009897,55-64
2007,63,Female,161754.65,1128.0769291,0.006974,55-64
2007,63,Male,156293.77,1770.02694525,0.011325,55-64
2007,64,Female,156447.85,1235.9380150000002,0.0079,55-64
2007,64,Male,150123.15,1840.9601884499998,0.012263,55-64
2007,65,Female,146562.11,1229.0698544599998,0.008386,65-74
2007,65,Male,139287.62,1904.0617654,0.01367,65-74
2007,66,Female,140713.04,1271.06089032,0.009033,65-74
2007,66,Male,132276.08,1891.0188396799997,0.014296,65-74
2007,67,Female,130548.49,1366.9732387899999,0.010471,65-74
2007,67,Male,121439.02,2010.05865904,0.016552,65-74
2007,68,Female,126862.65,1466.0247834,0.011556,65-74
2007,68,Male,116932.79,2179.0425416499997,0.018635,65-74
2007,69,Female,121130.28,1459.0142226,0.012045,65-74
2007,69,Male,110430.93,2265.04880523,0.020511,65-74
2007,70,Female,116812.74,1621.9448949,0.013885,65-74
2007,70,Male,105179.49,2307.95354907,0.021943,65-74
2007,71,Female,114944.85,1757.9665359,0.015294,65-74
2007,71,Male,102169.53,2418.04626651,0.023667,65-74
2007,72,Female,111726.75,1854.99923025,0.016603,65-74
2007,72,Male,98316.12,2569.9833768,0.02614,65-74
2007,73,Female,107893.08,1930.96245276,0.017897,65-74
2007,73,Male,94095.22,2807.9895552400003,0.029842,65-74
2007,74,Female,107646.73,2170.05043007,0.020159,65-74
2007,74,Male,92696.21,3028.01439586,0.032666,65-74
2007,75,Female,105585.18,2314.00480488,0.021916,75-84
2007,75,Male,89316.84,3238.9858857599997,0.036264,75-84
2007,76,Female,103173.69,2521.04911515,0.024435,75-84
2007,76,Male,84977.98,3323.9986656799997,0.039116,75-84
2007,77,Female,100260.25,2755.953752,0.027488,75-84
2007,77,Male,80093.32,3588.02054936,0.044798,75-84
2007,78,Female,94803.26,2851.01843798,0.030073,75-84
2007,78,Male,73558.79,3589.0069228899997,0.048791,75-84
2007,79,Female,91078.04,3150.02509144,0.034586,75-84
2007,79,Male,68044.11,3772.97785539,0.055449,75-84
2007,80,Female,84229.78,3325.98132286,0.039487,75-84
2007,80,Male,59740.03,3747.97000214,0.062738,75-84
2007,81,Female,81373.04,3549.9802430399996,0.043626,75-84
2007,81,Male,54704.22,3681.9769355400003,0.067307,75-84
2007,82,Female,77307.17,3990.98265125,0.051625,75-84
2007,82,Male,49357.89,3896.0156892600003,0.078934,75-84
2007,83,Female,71322.02,4013.00477732,0.056266,75-84
2007,83,Male,43284.54,3853.01661264,0.089016,75-84
2007,84,Female,66410.74,4397.984845760001,0.066224,75-84
2007,84,Male,38323.26,3752.0004470400004,0.097904,75-84
2007,85,Female,62050.96,4626.023169919999,0.074552,85+
2007,85,Male,34178.17,3695.9931256299997,0.108139,85+
2007,86,Female,56075.35,4599.9731112,0.082032,85+
2007,86,Male,29289.91,3350.00416634,0.114374,85+
2007,87,Female,46885.65,4652.97879165,0.099241,85+
2007,87,Male,22915.07,3232.99556602,0.141086,85+
2007,88,Female,38305.33,3977.0125819200002,0.103824,85+
2007,88,Male,17570.33,2676.9979084700003,0.152359,85+
2007,89,Female,32617.22,3953.98987728,0.121224,85+
2007,89,Male,14250.33,2410.0015592699997,0.169119,85+
2007,90,Female,27742.92,3707.0089703999993,0.13362,85+
2007,90,Male,11484.51,2139.00147201,0.186251,85+
2007,91,Female,23671.48,3781.9923596,0.15977,85+
2007,91,Male,9187.09,1944.9988239000002,0.21171,85+
2007,92,Female,20008.86,3548.99150706,0.177371,85+
2007,92,Male,7274.66,1695.00305466,0.233001,85+
2007,93,Female,16164.87,3125.99489034,0.193382,85+
2007,93,Male,5493.58,1379.9982831599998,0.251202,85+
2007,94,Female,12446.37,2714.0056567200004,0.218056,85+
2007,94,Male,3920.66,1065.00024108,0.271638,85+
2007,95,Female,9281.52,2187.99768024,0.235737,85+
2007,95,Male,2648.78,807.0011538200001,0.304669,85+
2007,96,Female,6800.65,1703.9980666,0.250564,85+
2007,96,Male,1796.51,573.99931708,0.319508,85+
2007,97,Female,4874.85,1376.9988795000002,0.28247,85+
2007,97,Male,1218.22,464.99944688,0.381704,85+
2007,98,Female,3393.83,1080.99933777,0.318519,85+
2007,98,Male,771.16,307.00188064,0.398104,85+
2007,99,Female,2289.21,797.0021967600001,0.348156,85+
2007,99,Male,497.2,217.9983344,0.438452,85+
2007,100,Female,1441.11,572.00105787,0.396917,85+
2007,100,Male,297.75,150.00079275000002,0.503781,85+
2008,0,Female,181316.34,853.9999614,0.00471,0
2008,0,Male,190431.42,1057.0848124200002,0.005551,0
2008,1,Female,177144.35,43.9317988,2.48e-4,1-4
2008,1,Male,185902.69,58.93115273,3.17e-4,1-4
2008,2,Female,172521.39,26.050729890000003,1.51e-4,1-4
2008,2,Male,181446.88,48.9906576,2.7e-4,1-4
2008,3,Female,171304.93,25.01051978,1.46e-4,1-4
2008,3,Male,180731.92,30.00149872,1.66e-4,1-4
2008,4,Female,171281.49,16.95686751,9.9e-5,1-4
2008,4,Male,181056.15,15.027660449999999,8.3e-5,1-4
2008,5,Female,170090.26,22.962185100000003,1.35e-4,5-14
2008,5,Male,179632.84,24.07080056,1.34e-4,5-14
2008,6,Female,170225.69,13.95850658,8.2e-5,5-14
2008,6,Male,179898.7,32.0219686,1.78e-4,5-14
2008,7,Female,172215.38,18.082614900000003,1.05e-4,5-14
2008,7,Male,182509.46,22.083644659999997,1.21e-4,5-14
2008,8,Female,178150.32,16.9242804,9.5e-5,5-14
2008,8,Male,188458.24,15.0766592,8e-5,5-14
2008,9,Female,179889.06,12.05256702,6.7e-5,5-14
2008,9,Male,189554.03,24.073361809999998,1.27e-4,5-14
2008,10,Female,184661.27,12.926288899999998,7e-5,5-14
2008,10,Male,194668.56,17.90950752,9.2e-5,5-14
2008,11,Female,191686.32,9.96768864,5.2e-5,5-14
2008,11,Male,202155.3,23.0457042,1.14e-4,5-14
2008,12,Female,199466.09,16.95461765,8.5e-5,5-14
2008,12,Male,209844.9,33.9948738,1.62e-4,5-14
2008,13,Female,205558.62,20.96697924,1.02e-4,5-14
2008,13,Male,216247.86,36.978384059999996,1.71e-4,5-14
2008,14,Female,208437.57,25.0125084,1.2e-4,5-14
2008,14,Male,219192.26,48.00310494000001,2.19e-4,5-14
2008,15,Female,212706.14,44.03017098,2.07e-4,15-24
2008,15,Male,222357.18,66.04008246,2.97e-4,15-24
2008,16,Female,218972.62,58.027744299999995,2.65e-4,15-24
2008,16,Male,227726.06,94.05086278,4.13e-4,15-24
2008,17,Female,222273.91,66.01535127,2.97e-4,15-24
2008,17,Male,231496.6,116.90578300000001,5.05e-4,15-24
2008,18,Female,225176.24,54.0422976,2.4e-4,15-24
2008,18,Male,235800.36,167.88985631999998,7.12e-4,15-24
2008,19,Female,221487.24,64.89576132,2.93e-4,15-24
2008,19,Male,232223.72,162.09215656,6.98e-4,15-24
2008,20,Female,217463.7,81.9838149,3.77e-4,15-24
2008,20,Male,226818.28,193.92962939999998,8.55e-4,15-24
2008,21,Female,219877.86,67.0627473,3.05e-4,15-24
2008,21,Male,228302.03,163.00764942,7.14e-4,15-24
2008,22,Female,222931.59,59.96859771,2.69e-4,15-24
2008,22,Male,232499.69,202.97222937,8.73e-4,15-24
2008,23,Female,225325.42,61.06318882,2.71e-4,15-24
2008,23,Male,234994.59,181.88581266,7.74e-4,15-24
2008,24,Female,225908.34,58.96207674,2.61e-4,15-24
2008,24,Male,234207.02,192.98658447999998,8.24e-4,15-24
2008,25,Female,225932.2,63.9388126,2.83e-4,25-34
2008,25,Male,232079.55,184.03908314999998,7.93e-4,25-34
2008,26,Female,227123.22,92.89339698,4.09e-4,25-34
2008,26,Male,230849.13,166.90392099000002,7.23e-4,25-34
2008,27,Female,228235.99,76.00258467,3.33e-4,25-34
2008,27,Male,230539.23,153.07804872,6.64e-4,25-34
2008,28,Female,225466.08,77.10939936,3.42e-4,25-34
2008,28,Male,226983.66,184.9916829,8.15e-4,25-34
2008,29,Female,223014.13,93.88894873,4.21e-4,25-34
2008,29,Male,223087.58,188.95518026,8.47e-4,25-34
2008,30,Female,220469.6,95.90427600000001,4.35e-4,25-34
2008,30,Male,219848.53,173.90018723,7.91e-4,25-34
2008,31,Female,220498.76,87.97900524,3.99e-4,25-34
2008,31,Male,220109.64,169.04420352000002,7.68e-4,25-34
2008,32,Female,222984.91,94.09963202,4.22e-4,25-34
2008,32,Male,223253.86,173.91475694,7.79e-4,25-34
2008,33,Female,221530.1,97.0301838,4.38e-4,25-34
2008,33,Male,222157.45,201.94112205000002,9.09e-4,25-34
2008,34,Female,218400.18,89.98087416,4.12e-4,25-34
2008,34,Male,219294.36,192.10185936,8.76e-4,25-34
2008,35,Female,220405.31,132.02278069000002,5.99e-4,35-44
2008,35,Male,222356.32,221.02218208000002,9.94e-4,35-44
2008,36,Female,222938.56,127.96673343999998,5.74e-4,35-44
2008,36,Male,225718.01,220.97793179,9.79e-4,35-44
2008,37,Female,233251.6,135.0526764,5.79e-4,35-44
2008,37,Male,236643.6,253.9185828,0.001073,35-44
2008,38,Female,232988.09,184.99254346,7.94e-4,35-44
2008,38,Male,236706.76,298.01381084,0.001259,35-44
2008,39,Female,232625.1,194.0093334,8.34e-4,35-44
2008,39,Male,235833.81,295.97143155000003,0.001255,35-44
2008,40,Female,233103.89,220.05007216,9.44e-4,35-44
2008,40,Male,235726.09,331.90233472,0.001408,35-44
2008,41,Female,238378.49,193.08657689999998,8.1e-4,35-44
2008,41,Male,241531.51,350.94528403000004,0.001453,35-44
2008,42,Female,249868.44,262.11199356000003,0.001049,35-44
2008,42,Male,253971.47,394.92563585,0.001555,35-44
2008,43,Female,268087.02,297.04041816000006,0.001108,35-44
2008,43,Male,272588.7,444.8647584,0.001632,35-44
2008,44,Female,275779.28,357.1341676,0.001295,35-44
2008,44,Male,280620.81,539.91443844,0.001924,35-44
2008,45,Female,279238.04,395.12182659999996,0.001415,45-54
2008,45,Male,283859.77,606.0406089500001,0.002135,45-54
2008,46,Female,275782.31,439.87278445000004,0.001595,45-54
2008,46,Male,279272.65,645.95763945,0.002313,45-54
2008,47,Female,275918.42,475.13151924,0.001722,45-54
2008,47,Male,278385.34,695.9633500000001,0.0025,45-54
2008,48,Female,271238.08,474.93787808,0.001751,45-54
2008,48,Male,272949.48,724.13497044,0.002653,45-54
2008,49,Female,268253.89,564.94269234,0.002106,45-54
2008,49,Male,269519.39,781.06719222,0.002898,45-54
2008,50,Female,263366.15,590.9936406,0.002244,45-54
2008,50,Male,264558.02,896.05801374,0.003387,45-54
2008,51,Female,259348.14,602.9844254999999,0.002325,45-54
2008,51,Male,259649.75,1012.1147255,0.003898,45-54
2008,52,Female,251757.43,696.10929395,0.002765,45-54
2008,52,Male,250834.15,1050.9950885,0.00419,45-54
2008,53,Female,249090.38,701.9366908400001,0.002818,45-54
2008,53,Male,247040.63,1114.89436319,0.004513,45-54
2008,54,Female,241335.6,743.0723124000001,0.003079,45-54
2008,54,Male,238147.5,1225.98333,0.005148,45-54
2008,55,Female,230000.17,847.09062611,0.003683,55-64
2008,55,Male,226639.32,1220.9060168400001,0.005387,55-64
2008,56,Female,220634.7,775.0897011000001,0.003513,55-64
2008,56,Male,217651.79,1236.91512257,0.005683,55-64
2008,57,Female,216853.27,938.1072460199999,0.004326,55-64
2008,57,Male,213754.04,1431.0832978,0.006695,55-64
2008,58,Female,211318.81,946.9195876099999,0.004481,55-64
2008,58,Male,207574.66,1482.9133710400001,0.007144,55-64
2008,59,Female,208178.05,923.0614736999999,0.004434,55-64
2008,59,Male,203696.58,1532.00197818,0.007521,55-64
2008,60,Female,205326.81,1130.94006948,0.005508,55-64
2008,60,Male,200491.96,1651.0512905999997,0.008235,55-64
2008,61,Female,204527.95,1141.06143305,0.005579,55-64
2008,61,Male,199055.92,1939.99899632,0.009746,55-64
2008,62,Female,179425.15,1104.00294795,0.006153,55-64
2008,62,Male,173966.62,1733.92530154,0.009967,55-64
2008,63,Female,167070.23,1104.0000798400001,0.006608,55-64
2008,63,Male,161520.5,1761.0580115,0.010903,55-64
2008,64,Female,160731.27,1179.92825307,0.007341,55-64
2008,64,Male,154569.95,1859.9402083500001,0.012033,55-64
2008,65,Female,155413.85,1298.0164752,0.008352,65-74
2008,65,Male,148171.05,1925.9273078999997,0.012998,65-74
2008,66,Female,145443.11,1313.9330557399999,0.009034,65-74
2008,66,Male,137286.01,2055.03428369,0.014969,65-74
2008,67,Female,139635.33,1327.9319882999998,0.00951,65-74
2008,67,Male,130148.1,2074.0401216,0.015936,65-74
2008,68,Female,129577.36,1421.98194864,0.010974,65-74
2008,68,Male,119426.76,2129.02085052,0.017827,65-74
2008,69,Female,125831.31,1571.00390535,0.012485,65-74
2008,69,Male,114951.52,2164.99692768,0.018834,65-74
2008,70,Female,120025.27,1589.9747516900002,0.013247,65-74
2008,70,Male,108551.9,2310.9613990999997,0.021289,65-74
2008,71,Female,115541.03,1717.97957507,0.014869,65-74
2008,71,Male,103111.81,2373.01519534,0.023014,65-74
2008,72,Female,113355.51,1849.9619232,0.01632,65-74
2008,72,Male,99884.56,2648.03957016,0.026511,65-74
2008,73,Female,109965.75,1918.0226114999998,0.017442,65-74
2008,73,Male,95741.73,2722.03312563,0.028431,65-74
2008,74,Female,105952.54,2111.95197982,0.019933,65-74
2008,74,Male,91219.99,2951.9700963900004,0.032361,65-74
2008,75,Female,105447.19,2308.0280947200004,0.021888,75-84
2008,75,Male,89556.79,3094.00798092,0.034548,75-84
2008,76,Female,103316.26,2512.96139198,0.024323,75-84
2008,76,Male,85944.95,3231.95984475,0.037605,75-84
2008,77,Female,100737.25,2728.9721025,0.02709,75-84
2008,77,Male,81477.77,3453.0278926,0.04238,75-84
2008,78,Female,97461.15,2967.98440095,0.030453,75-84
2008,78,Male,76434.44,3616.0369219599997,0.047309,75-84
2008,79,Female,91877.99,3153.98764072,0.034328,75-84
2008,79,Male,69718.34,3665.9994722199995,0.052583,75-84
2008,80,Female,85785.2,3356.0028092000002,0.039121,75-84
2008,80,Male,62288.09,3823.9904212799997,0.061392,75-84
2008,81,Female,80820.02,3542.01819652,0.043826,75-84
2008,81,Male,55961.77,3884.9779969399997,0.069422,75-84
2008,82,Female,77593.15,3843.0335332,0.049528,75-84
2008,82,Male,50869.62,3868.9906883400004,0.076057,75-84
2008,83,Female,73309.87,4145.96638798,0.056554,75-84
2008,83,Male,45445.72,3956.0044802800003,0.087049,75-84
2008,84,Female,67149.23,4175.003375249999,0.062175,75-84
2008,84,Male,39516.73,3879.9896517800003,0.098186,75-84
2008,85,Female,62052.03,4490.02283877,0.072359,85+
2008,85,Male,34592.74,3674.9943266399996,0.106236,85+
2008,86,Female,57372.19,4734.0088856600005,0.082514,85+
2008,86,Male,30540.24,3618.01061208,0.118467,85+
2008,87,Female,51280.18,4833.97744788,0.094266,85+
2008,87,Male,25824.68,3416.01119636,0.132277,85+
2008,88,Female,42357.32,4595.00678824,0.108482,85+
2008,88,Male,19825.91,3124.0082905199997,0.157572,85+
2008,89,Female,34220.83,4000.99678111,0.116917,85+
2008,89,Male,14948.49,2455.99206153,0.164297,85+
2008,90,Female,28737.55,3827.00827105,0.133171,85+
2008,90,Male,11939.83,2231.99600071,0.186937,85+
2008,91,Female,23972.75,3642.994981,0.151964,85+
2008,91,Male,9416.01,1999.99818804,0.212404,85+
2008,92,Female,20119.48,3362.9912014799997,0.167151,85+
2008,92,Male,7373.43,1726.00198812,0.234084,85+
2008,93,Female,16685.86,3178.00558146,0.190461,85+
2008,93,Male,5707.49,1501.00138012,0.262988,85+
2008,94,Female,13177.2,2780.9953512,0.211046,85+
2008,94,Male,4196.91,1257.99859104,0.299744,85+
2008,95,Female,9955.37,2346.0028512400004,0.235652,85+
2008,95,Male,2927.66,849.00090638,0.289993,85+
2008,96,Female,7287.19,1897.0013007999999,0.26032,85+
2008,96,Male,1930.78,634.0005747,0.328365,85+
2008,97,Female,5184.98,1533.99707292,0.295854,85+
2008,97,Male,1284.51,445.99985514,0.347214,85+
2008,98,Female,3574.69,1161.00211696,0.324784,85+
2008,98,Male,823.06,348.0021139,0.422815,85+
2008,99,Female,2446.5,788.0005245000001,0.322093,85+
2008,99,Male,510.99,188.00037486000002,0.367914,85+
2008,100,Female,1604.71,603.0018767,0.37577,85+
2008,100,Male,323.04,164.00159328,0.507682,85+
2009,0,Female,183709.75,879.05115375,0.004785,0
2009,0,Male,193288.55,992.9232813499999,0.005137,0
2009,1,Female,182969.52,38.05766016,2.08e-4,1-4
2009,1,Male,191962.19,67.95461526,3.54e-4,1-4
2009,2,Female,179147.08,24.005708719999998,1.34e-4,1-4
2009,2,Male,187940.28,37.96393656,2.02e-4,1-4
2009,3,Female,174350.14,21.968117640000003,1.26e-4,1-4
2009,3,Male,183282.67,21.9939204,1.2e-4,1-4
2009,4,Female,172965.14,17.98837456,1.04e-4,1-4
2009,4,Male,182369.55,20.060650499999998,1.1e-4,1-4
2009,5,Female,172957.01,17.98752904,1.04e-4,5-14
2009,5,Male,182596.76,31.954433,1.75e-4,5-14
2009,6,Female,171782.93,10.994107519999998,6.4e-5,5-14
2009,6,Male,181104.53,17.929348469999997,9.9e-5,5-14
2009,7,Female,171754.63,14.94265281,8.7e-5,5-14
2009,7,Male,181505.36,29.0408576,1.6e-4,5-14
2009,8,Female,173752.59,14.94272274,8.6e-5,5-14
2009,8,Male,184189.38,13.077445980000002,7.1e-5,5-14
2009,9,Female,179832.47,12.94793784,7.2e-5,5-14
2009,9,Male,190292.77,19.029277,1e-4,5-14
2009,10,Female,181652.01,19.9817211,1.1e-4,5-14
2009,10,Male,191670.32,23.95879,1.25e-4,5-14
2009,11,Female,186597.34,11.00924306,5.9e-5,5-14
2009,11,Male,196902.57,9.05751822,4.6e-5,5-14
2009,12,Female,193531.8,16.063139399999997,8.3e-5,5-14
2009,12,Male,204425.73,31.072710960000002,1.52e-4,5-14
2009,13,Female,201508.55,16.9267182,8.4e-5,5-14
2009,13,Male,212374,22.936391999999998,1.08e-4,5-14
2009,14,Female,207941.86,34.93423248,1.68e-4,5-14
2009,14,Male,219174.3,44.0540343,2.01e-4,5-14
2009,15,Female,210778.36,41.94489364,1.99e-4,15-24
2009,15,Male,221994.71,61.93652409,2.79e-4,15-24
2009,16,Female,215482.25,48.91447075,2.27e-4,15-24
2009,16,Male,224983.69,76.94442198,3.42e-4,15-24
2009,17,Female,221920.62,55.92399624,2.52e-4,15-24
2009,17,Male,230119.71,118.05141123,5.13e-4,15-24
2009,18,Female,225313.38,68.04464076000001,3.02e-4,15-24
2009,18,Male,234456.4,143.9562296,6.14e-4,15-24
2009,19,Female,230055.97,69.016791,3e-4,15-24
2009,19,Male,240290.15,203.04517675,8.45e-4,15-24
2009,20,Female,225436.66,71.0125479,3.15e-4,15-24
2009,20,Male,234657.87,167.07640343999998,7.12e-4,15-24
2009,21,Female,220781.56,60.05258432,2.72e-4,15-24
2009,21,Male,228338,176.96195,7.75e-4,15-24
2009,22,Female,222690.35,63.91213045,2.87e-4,15-24
2009,22,Male,230124.61,170.98258522999998,7.43e-4,15-24
2009,23,Female,226251.8,66.97053279999999,2.96e-4,15-24
2009,23,Male,234559.95,186.94428015,7.97e-4,15-24
2009,24,Female,228894.14,67.98155958000001,2.97e-4,15-24
2009,24,Male,236939.74,176.04622682,7.43e-4,15-24
2009,25,Female,229673.54,84.9792098,3.7e-4,25-34
2009,25,Male,235906.91,172.91976503,7.33e-4,25-34
2009,26,Female,229939.09,77.02959515,3.35e-4,25-34
2009,26,Male,233650.54,182.94837282,7.83e-4,25-34
2009,27,Female,231140.79,82.97954361000001,3.59e-4,25-34
2009,27,Male,232957.11,181.93950291,7.81e-4,25-34
2009,28,Female,232150.85,74.98472455,3.23e-4,25-34
2009,28,Male,233390.04,157.07149692000002,6.73e-4,25-34
2009,29,Female,229380.3,91.0639791,3.97e-4,25-34
2009,29,Male,230040.59,204.04600333,8.87e-4,25-34
2009,30,Female,226744.65,80.94784005,3.57e-4,25-34
2009,30,Male,226170.93,189.07889748,8.36e-4,25-34
2009,31,Female,223909.09,96.95263597,4.33e-4,25-34
2009,31,Male,222686.11,193.06885737,8.67e-4,25-34
2009,32,Female,223588.87,103.96882455000001,4.65e-4,25-34
2009,32,Male,222805.43,174.01104082999998,7.81e-4,25-34
2009,33,Female,226022.56,98.09379104,4.34e-4,25-34
2009,33,Male,225751.54,193.0175667,8.55e-4,25-34
2009,34,Female,224485.75,136.9363075,6.1e-4,25-34
2009,34,Male,224383.73,203.96481057,9.09e-4,25-34
2009,35,Female,220875.28,111.98376696,5.07e-4,35-44
2009,35,Male,221156.79,199.92573816,9.04e-4,35-44
2009,36,Female,222679.71,132.04906803,5.93e-4,35-44
2009,36,Male,223908.84,206.89176816,9.24e-4,35-44
2009,37,Female,225126.05,149.0334451,6.62e-4,35-44
2009,37,Male,227191.97,234.91649698,0.001034,35-44
2009,38,Female,235606.18,174.11296701999999,7.39e-4,35-44
2009,38,Male,238276.45,279.02172295,0.001171,35-44
2009,39,Female,235094.45,168.09253175,7.15e-4,35-44
2009,39,Male,238030.21,298.96594375999996,0.001256,35-44
2009,40,Female,234439.02,194.11550856,8.28e-4,35-44
2009,40,Male,236758.49,323.88561432,0.001368,35-44
2009,41,Female,234589.34,208.08074458,8.87e-4,35-44
2009,41,Male,236373.75,339.9054525,0.001438,35-44
2009,42,Female,239240.82,244.98259968,0.001024,35-44
2009,42,Male,241984.97,367.09119948999995,0.001517,35-44
2009,43,Female,250526.63,270.06770714,0.001078,35-44
2009,43,Male,254392.14,418.98385458,0.001647,35-44
2009,44,Female,268606.22,338.98104964,0.001262,35-44
2009,44,Male,272935.87,522.94512692,0.001916,35-44
2009,45,Female,276107.6,374.125798,0.001355,45-54
2009,45,Male,280618.68,557.0280797999999,0.001985,45-54
2009,46,Female,279400.62,435.86496719999997,0.00156,45-54
2009,46,Male,283932.05,685.12803665,0.002413,45-54
2009,47,Female,276013.29,486.88744355999995,0.001764,45-54
2009,47,Male,279499.29,664.09031304,0.002376,45-54
2009,48,Female,276452.4,476.05103280000003,0.001722,45-54
2009,48,Male,279006.76,749.97017088,0.002688,45-54
2009,49,Female,271824.29,562.94810459,0.002071,45-54
2009,49,Male,273607.05,853.92760305,0.003121,45-54
2009,50,Female,268604.74,586.9013569,0.002185,45-54
2009,50,Male,270109.15,948.8934439500001,0.003513,45-54
2009,51,Female,263576.78,609.1259385800001,0.002311,45-54
2009,51,Male,264976.45,966.89906605,0.003649,45-54
2009,52,Female,259180.92,683.97844788,0.002639,45-54
2009,52,Male,259802.17,1044.92432774,0.004022,45-54
2009,53,Female,251191.67,748.0487932600001,0.002978,45-54
2009,53,Male,250892.79,1054.00061079,0.004201,45-54
2009,54,Female,248357.39,734.88951701,0.002959,45-54
2009,54,Male,246905.98,1261.9364637800002,0.005111,45-54
2009,55,Female,240433.27,770.10776381,0.003203,55-64
2009,55,Male,237813.24,1224.0247462799998,0.005147,55-64
2009,56,Female,228945.57,807.94891653,0.003529,55-64
2009,56,Male,226054.6,1286.0246194,0.005689,55-64
2009,57,Female,219616.18,885.0532053999999,0.00403,55-64
2009,57,Male,217076.62,1381.90976292,0.006366,55-64
2009,58,Female,215902.51,932.91474571,0.004321,55-64
2009,58,Male,213149.78,1444.0897595,0.006775,55-64
2009,59,Female,210494.73,967.01278962,0.004594,55-64
2009,59,Male,206937.21,1476.9108677699999,0.007137,55-64
2009,60,Female,207423.5,1074.0388830000002,0.005178,55-64
2009,60,Male,202971.38,1665.98908704,0.008208,55-64
2009,61,Female,204842.03,1121.10043019,0.0054729999999999996,55-64
2009,61,Male,199814.11,1710.0091533799998,0.008558,55-64
2009,62,Female,204115.45,1268.9857526500002,0.006217,55-64
2009,62,Male,198357.16,1913.94823684,0.009649,55-64
2009,63,Female,178527.02,1218.9824925599999,0.006828,55-64
2009,63,Male,172743.35,1735.0342074000002,0.010044,55-64
2009,64,Female,165885.52,1236.01300952,0.007451,55-64
2009,64,Male,159875.69,1836.9716781,0.01149,55-64
2009,65,Female,159627,1296.011613,0.008119,65-74
2009,65,Male,152695.91,2023.0681115900002,0.013249,65-74
2009,66,Female,154226.19,1353.02636487,0.008773,65-74
2009,66,Male,146193,2064.976125,0.014125,65-74
2009,67,Female,144255.41,1344.0276549700002,0.009317,65-74
2009,67,Male,135139,2143.034262,0.015858,65-74
2009,68,Female,138470.67,1432.0636691400002,0.010342,65-74
2009,68,Male,127930.56,2241.983064,0.017525,65-74
2009,69,Female,128485.77,1415.01378501,0.011013,65-74
2009,69,Male,117351.51,2247.98552556,0.019156,65-74
2009,70,Female,124703.77,1623.01956655,0.013015,65-74
2009,70,Male,112975.12,2291.02245848,0.020279,65-74
2009,71,Female,118856.28,1641.04865796,0.013807,65-74
2009,71,Male,106511.46,2269.97223552,0.021312,65-74
2009,72,Female,114047.38,1826.0126011800003,0.016011,65-74
2009,72,Male,100954.43,2462.98522871,0.024397,65-74
2009,73,Female,111678.61,1891.05390313,0.016933,65-74
2009,73,Male,97491.04,2653.99858192,0.027223,65-74
2009,74,Female,108108.19,2063.02858977,0.019083,65-74
2009,74,Male,93092.78,2769.0447411,0.029745,65-74
2009,75,Female,103778.07,2171.0372244000005,0.02092,75-84
2009,75,Male,88249.83,2962.01729412,0.033564,75-84
2009,76,Female,103159.84,2371.9542011199997,0.022993,75-84
2009,76,Male,86300.77,3232.9994457400003,0.037462,75-84
2009,77,Female,100864.98,2638.02268692,0.026154,75-84
2009,77,Male,82471.95,3497.9652873,0.042414,75-84
2009,78,Female,98102.85,2883.0465558,0.029388,75-84
2009,78,Male,77845.12,3638.0138380799995,0.046734,75-84
2009,79,Female,94543.21,3068.96713981,0.032461,75-84
2009,79,Male,72673.33,3717.02280951,0.051147,75-84
2009,80,Female,86329.05,3303.0357820500003,0.038261,75-84
2009,80,Male,63454.47,3748.0017250200003,0.059066,75-84
2009,81,Female,82365.42,3596.9802568200002,0.043671,75-84
2009,81,Male,58425.25,3934.9990127499996,0.067351,75-84
2009,82,Female,77164.92,3785.01649092,0.049051,75-84
2009,82,Male,52118.48,3792.9745004799997,0.072776,75-84
2009,83,Female,73673.44,3962.0102563200003,0.053778,75-84
2009,83,Male,46961.86,3920.98657698,0.083493,75-84
2009,84,Female,69091.13,4366.0066869600005,0.063192,75-84
2009,84,Male,41530.98,3904.99192548,0.094026,75-84
2009,85,Female,62816.12,4437.0166362,0.070635,85+
2009,85,Male,35739.54,3757.01192388,0.105122,85+
2009,86,Female,57522.8,4531.9913208,0.078786,85+
2009,86,Male,30912.07,3669.01541244,0.118692,85+
2009,87,Female,52636.48,4670.01377856,0.088722,85+
2009,87,Male,26939.25,3460.9932045,0.128474,85+
2009,88,Female,46486.7,4599.9984251,0.098953,85+
2009,88,Male,22468.65,3180.9991237500003,0.141575,85+
2009,89,Female,37933.15,4547.99501925,0.119895,85+
2009,89,Male,16964.41,2778.0069595500004,0.163755,85+
2009,90,Female,30271.17,3864.9927144299995,0.127679,85+
2009,90,Male,12551.99,2228.00332898,0.177502,85+
2009,91,Female,24967.22,3624.9906718000007,0.14519,85+
2009,91,Male,9778.67,2079.00391402,0.212606,85+
2009,92,Female,20421.25,3531.99813625,0.172957,85+
2009,92,Male,7535.51,1685.0003200800002,0.223608,85+
2009,93,Female,16877.32,3022.99804912,0.179116,85+
2009,93,Male,5776.59,1469.99774025,0.254475,85+
2009,94,Female,13698.03,2750.0028047700002,0.200759,85+
2009,94,Male,4364.49,1144.99776456,0.262344,85+
2009,95,Female,10553.37,2486.00460405,0.235565,85+
2009,95,Male,3176.24,863.0002891999999,0.271705,85+
2009,96,Female,7769.87,1960.00409659,0.252257,85+
2009,96,Male,2159,688.0020529999999,0.318667,85+
2009,97,Female,5545.86,1584.00298734,0.285619,85+
2009,97,Male,1393.11,479.99883672,0.344552,85+
2009,98,Female,3818.15,1208.99810675,0.316645,85+
2009,98,Male,884.01,306.99987681,0.347281,85+
2009,99,Female,2576.52,821.00036844,0.318647,85+
2009,99,Male,547.39,270.00066489,0.493251,85+
2009,100,Female,1732.5,635.0010975,0.366523,85+
2009,100,Male,325.99,133.0006601,0.40799,85+
2010,0,Female,183967.26,839.0746728600001,0.004561,0
2010,0,Male,193630.88,1063.0335312,0.00549,0
2010,1,Female,185084.22,56.080518659999996,3.03e-4,1-4
2010,1,Male,194516.5,71.971105,3.7e-4,1-4
2010,2,Female,184896.21,31.98704433,1.73e-4,1-4
2010,2,Male,193854.36,50.983696679999994,2.63e-4,1-4
2010,3,Female,180992.72,13.03147584,7.2e-5,1-4
2010,3,Male,189942.47,26.02211839,1.37e-4,1-4
2010,4,Female,176281.29,20.977473510000003,1.19e-4,1-4
2010,4,Male,185234.81,25.9328734,1.4e-4,1-4
2010,5,Female,175018.43,15.05158498,8.6e-5,5-14
2010,5,Male,184436.72,9.037399279999999,4.9e-5,5-14
2010,6,Female,174894.77,13.9915816,8e-5,5-14
2010,6,Male,184335.2,19.9082016,1.08e-4,5-14
2010,7,Female,173303.71,14.03760051,8.1e-5,5-14
2010,7,Male,182535.39,10.952123400000001,6e-5,5-14
2010,8,Female,173356.88,9.014557759999999,5.2e-5,5-14
2010,8,Male,183135.55,13.00262405,7.1e-5,5-14
2010,9,Female,175401.38,21.0481656,1.2e-4,5-14
2010,9,Male,185862.6,21.9317868,1.18e-4,5-14
2010,10,Female,181677.33,13.98915441,7.7e-5,5-14
2010,10,Male,192316.18,18.077720919999997,9.4e-5,5-14
2010,11,Female,183244.25,6.963281500000001,3.8e-5,5-14
2010,11,Male,193552.29,12.00024198,6.2e-5,5-14
2010,12,Female,188397.68,15.071814400000001,8e-5,5-14
2010,12,Male,198993.38,18.904371100000002,9.5e-5,5-14
2010,13,Female,195425.52,24.03733896,1.23e-4,5-14
2010,13,Male,206791.75,33.08668,1.6e-4,5-14
2010,14,Female,203890.21,29.971860869999997,1.47e-4,5-14
2010,14,Male,215150.57,38.08165089,1.77e-4,5-14
2010,15,Female,210273.65,34.9054259,1.66e-4,15-24
2010,15,Male,222225.78,60.0009606,2.7e-4,15-24
2010,16,Female,213691.4,57.05560379999999,2.67e-4,15-24
2010,16,Male,225057.01,74.94398433,3.33e-4,15-24
2010,17,Female,218678.96,47.89069224,2.19e-4,15-24
2010,17,Male,228152.11,141.91061242,6.22e-4,15-24
2010,18,Female,225284.86,63.98090024,2.84e-4,15-24
2010,18,Male,234022.1,154.92263020000001,6.62e-4,15-24
2010,19,Female,230370.52,70.03263808,3.04e-4,15-24
2010,19,Male,239986.58,161.03099518,6.71e-4,15-24
2010,20,Female,234344.33,64.91337941,2.77e-4,15-24
2010,20,Male,243542.65,175.10716535,7.19e-4,15-24
2010,21,Female,228725.35,69.9899571,3.06e-4,15-24
2010,21,Male,236360.24,165.92488848,7.02e-4,15-24
2010,22,Female,223659.52,80.96474624,3.62e-4,15-24
2010,22,Male,230239.89,172.91015739000002,7.51e-4,15-24
2010,23,Female,226349.83,62.01985342,2.74e-4,15-24
2010,23,Male,232678.69,182.88545034,7.86e-4,15-24
2010,24,Female,229946.59,71.05349631,3.09e-4,15-24
2010,24,Male,236609.3,169.88547739999998,7.18e-4,15-24
2010,25,Female,232515.57,76.03259139,3.27e-4,25-34
2010,25,Male,238471.77,196.02379494,8.22e-4,25-34
2010,26,Female,233398.54,64.88479412,2.78e-4,25-34
2010,26,Male,236958.73,199.04533320000002,8.4e-4,25-34
2010,27,Female,233572.04,63.0644508,2.7e-4,25-34
2010,27,Male,235268.31,175.98069587999998,7.48e-4,25-34
2010,28,Female,234825.65,70.9173463,3.02e-4,25-34
2010,28,Male,235178.74,167.91762036,7.14e-4,25-34
2010,29,Female,235852.82,95.04868646,4.03e-4,25-34
2010,29,Male,236201.73,171.01005252000002,7.24e-4,25-34
2010,30,Female,232847.48,84.05794028,3.61e-4,25-34
2010,30,Male,232827.3,172.9906839,7.43e-4,25-34
2010,31,Female,229954.77,100.95014402999999,4.39e-4,25-34
2010,31,Male,228684.89,198.04111474,8.66e-4,25-34
2010,32,Female,226877.57,95.06170183,4.19e-4,25-34
2010,32,Male,225268.42,189.00020438,8.39e-4,25-34
2010,33,Female,226373.64,100.05714888000001,4.42e-4,25-34
2010,33,Male,225089.82,189.97580808,8.44e-4,25-34
2010,34,Female,228742.47,110.02512807,4.81e-4,25-34
2010,34,Male,227768.8,194.97009279999997,8.56e-4,25-34
2010,35,Female,226883.63,120.92897479000001,5.33e-4,35-44
2010,35,Male,226139.03,194.93184386000001,8.62e-4,35-44
2010,36,Female,222898.44,123.03993888,5.52e-4,35-44
2010,36,Male,222399.76,215.95016696,9.71e-4,35-44
2010,37,Female,224720.39,144.04576999,6.41e-4,35-44
2010,37,Male,225065.66,246.89702902000002,0.001097,35-44
2010,38,Female,227062.36,146.00109748,6.43e-4,35-44
2010,38,Male,228347.24,247.98510263999998,0.001086,35-44
2010,39,Female,237799.85,164.0818965,6.9e-4,35-44
2010,39,Male,239548.51,301.11247707,0.001257,35-44
2010,40,Female,236618.87,202.07251498,8.54e-4,35-44
2010,40,Male,238672.79,312.90002769000006,0.001311,35-44
2010,41,Female,235991.43,201.06469836,8.52e-4,35-44
2010,41,Male,237267.65,322.92127165,0.001361,35-44
2010,42,Female,235594.92,224.9931486,9.55e-4,35-44
2010,42,Male,236838.93,364.02143541,0.001537,35-44
2010,43,Female,239975,245.974375,0.001025,35-44
2010,43,Male,242282.78,368.99667394,0.001523,35-44
2010,44,Female,251193.29,286.10915731,0.001139,35-44
2010,44,Male,254747.45,483.0011652,0.001896,35-44
2010,45,Female,269026.78,334.13126076000003,0.001242,45-54
2010,45,Male,272963.89,583.05086904,0.002136,45-54
2010,46,Female,275847.96,411.01346040000004,0.00149,45-54
2010,46,Male,280231.54,599.97572714,0.002141,45-54
2010,47,Female,279116.07,429.00139959,0.001537,45-54
2010,47,Male,283430.44,679.0993342400001,0.002396,45-54
2010,48,Female,275781.17,455.0389305,0.00165,45-54
2010,48,Male,279134.74,700.90733214,0.002511,45-54
2010,49,Female,277053.04,497.86431287999994,0.001797,45-54
2010,49,Male,279574.02,785.0438481600002,0.002808,45-54
2010,50,Female,271976.32,558.9113376,0.002055,45-54
2010,50,Male,273848.94,876.86430588,0.003202,45-54
2010,51,Female,268791.19,617.95094581,0.002299,45-54
2010,51,Male,270346.67,922.96353138,0.003414,45-54
2010,52,Female,263709.44,643.9784524800001,0.002442,45-54
2010,52,Male,265263.67,1002.9619362699999,0.003781,45-54
2010,53,Female,258747.39,757.0948631400001,0.002926,45-54
2010,53,Male,259799.84,1110.90411584,0.004276,45-54
2010,54,Female,250464.95,769.9292563,0.003074,45-54
2010,54,Male,250580.33,1190.0059871699998,0.004749,45-54
2010,55,Female,247730.61,809.0881722599999,0.003266,55-64
2010,55,Male,246784.57,1279.08442631,0.005183,55-64
2010,56,Female,239213.23,847.05404743,0.003541,55-64
2010,56,Male,237084.32,1353.04021424,0.005707,55-64
2010,57,Female,227795.78,858.10670326,0.003767,55-64
2010,57,Male,225357.89,1335.9215719200001,0.005928,55-64
2010,58,Female,218590.83,869.9915033999999,0.00398,55-64
2010,58,Male,216377.8,1478.942263,0.006835,55-64
2010,59,Female,215111.92,1001.99132336,0.004658,55-64
2010,59,Male,212531.6,1503.0234752000001,0.007072,55-64
2010,60,Female,209586.44,1079.99892532,0.005153,55-64
2010,60,Male,206110.8,1616.9392259999997,0.007845,55-64
2010,61,Female,206645.66,1083.02990406,0.005241,55-64
2010,61,Male,202106.52,1744.9876936799997,0.008634,55-64
2010,62,Female,204406.08,1175.94817824,0.005753,55-64
2010,62,Male,199183.49,1872.9223564699998,0.009403,55-64
2010,63,Female,203530.27,1298.9301831399998,0.006382,55-64
2010,63,Male,197496.51,2006.9595346199999,0.010162,55-64
2010,64,Female,176666.06,1256.9790169,0.007115,55-64
2010,64,Male,170597.06,1942.07693104,0.011384,55-64
2010,65,Female,165135.46,1260.9743725600001,0.007636,65-74
2010,65,Male,158577.39,1925.9224015500001,0.012145,65-74
2010,66,Female,158541.94,1378.99779412,0.008698,65-74
2010,66,Male,150896.13,2047.0568995800002,0.013566,65-74
2010,67,Female,152923.98,1472.96377536,0.009632,65-74
2010,67,Male,144036.5,2132.028273,0.014802,65-74
2010,68,Female,142833.15,1502.0334053999998,0.010516,65-74
2010,68,Male,132755.11,2185.01635549,0.016459,65-74
2010,69,Female,137342.21,1547.98404891,0.011271,65-74
2010,69,Male,125731.05,2208.96881745,0.017569,65-74
2010,70,Female,127167.87,1668.95112588,0.013124,65-74
2010,70,Male,115111.09,2230.04714657,0.019373,65-74
2010,71,Female,123596.62,1653.9699688399999,0.013382,65-74
2010,71,Male,110968.36,2396.02882912,0.021592,65-74
2010,72,Female,117460.24,1812.9988044000002,0.015435,65-74
2010,72,Male,104352.35,2497.9865543,0.023938,65-74
2010,73,Female,112520.7,1819.0096362,0.016166,65-74
2010,73,Male,98613.27,2530.0220551200005,0.025656,65-74
2010,74,Female,110028.77,2068.9809910800004,0.018804,65-74
2010,74,Male,95081.07,2723.9775744300005,0.028649,65-74
2010,75,Female,105948.87,2196.0022284899997,0.020727,75-84
2010,75,Male,90243.92,2812.0005472,0.03116,75-84
2010,76,Female,101519.25,2293.01529975,0.022587,75-84
2010,76,Male,85191.73,3065.02806194,0.035978,75-84
2010,77,Female,100861.73,2571.9741149999995,0.0255,75-84
2010,77,Male,82947.26,3297.9830575999995,0.03976,75-84
2010,78,Female,98157.41,2861.97560337,0.029157,75-84
2010,78,Male,78859.53,3559.00944843,0.045131,75-84
2010,79,Female,95194.15,3107.99380335,0.032649,75-84
2010,79,Male,74116.6,3652.9848642,0.049287,75-84
2010,80,Female,88737.58,3331.0312780400004,0.037538,75-84
2010,80,Male,66826.95,3811.0073045999998,0.057028,75-84
2010,81,Female,82972.72,3378.98104928,0.040724,75-84
2010,81,Male,59657.07,3758.9919806999997,0.06301,75-84
2010,82,Female,78774.57,3670.0284417300004,0.046589,75-84
2010,82,Male,54510.43,3995.9960920099998,0.073307,75-84
2010,83,Female,73334.56,3997.98020752,0.054517,75-84
2010,83,Male,48235.53,3898.00965036,0.080812,75-84
2010,84,Female,69520.69,4200.02296566,0.060414,75-84
2010,84,Male,43034.71,3948.0042954,0.09174,75-84
2010,85,Female,64720.35,4486.99714515,0.069329,85+
2010,85,Male,37694.08,3832.99791296,0.101687,85+
2010,86,Female,58372.38,4567.98896928,0.078256,85+
2010,86,Male,32055.24,3677.98618236,0.114739,85+
2010,87,Female,52928.58,4691.00711682,0.088629,85+
2010,87,Male,27345.51,3458.0038125600004,0.126456,85+
2010,88,Female,47935.15,4690.981714150001,0.097861,85+
2010,88,Male,23550.89,3340.9999080699995,0.141863,85+
2010,89,Female,41757.08,4568.0157666000005,0.109395,85+
2010,89,Male,19358.54,2915.0089532,0.15058,85+
2010,90,Female,33616.82,4563.012679519999,0.135736,85+
2010,90,Male,14384.74,2530.995003,0.17595,85+
2010,91,Female,26407.83,3708.0026337900003,0.140413,85+
2010,91,Male,10389.49,1987.00035199,0.191251,85+
2010,92,Female,21337.72,3507.00364604,0.164357,85+
2010,92,Male,7889.5,1804.9992574999999,0.228785,85+
2010,93,Female,17146.09,3225.0080681,0.18809,85+
2010,93,Male,5933.68,1465.9987155200001,0.247064,85+
2010,94,Female,13944.48,2893.00548768,0.207466,85+
2010,94,Male,4454.93,1237.0004131,0.27767,85+
2010,95,Female,11044.2,2576.004429,0.233245,85+
2010,95,Male,3292.33,992.9996513,0.30161,85+
2010,96,Female,8262.03,2177.9950384500003,0.263615,85+
2010,96,Male,2350.24,790.9991246399999,0.336561,85+
2010,97,Female,5912.53,1662.00035794,0.281098,85+
2010,97,Male,1549.83,516.0004002,0.33294,85+
2010,98,Female,4124.69,1296.0023461399999,0.314206,85+
2010,98,Male,978.61,372.99915871999997,0.381152,85+
2010,99,Female,2783.65,874.99862275,0.314335,85+
2010,99,Male,589.18,225.00136101999996,0.381889,85+
2010,100,Female,1822.35,695.9992014,0.381924,85+
2010,100,Male,363.06,164.00218932,0.451722,85+
2011,0,Female,184023.24,808.0460468399999,0.004391,0
2011,0,Male,193404.17,1041.09464711,0.005383,0
2011,1,Female,185311.74,43.91888237999999,2.37e-4,1-4
2011,1,Male,194631.62,66.95327728,3.44e-4,1-4
2011,2,Female,186977.86,25.989922539999995,1.39e-4,1-4
2011,2,Male,196167.6,34.9178328,1.78e-4,1-4
2011,3,Female,186696.88,24.08389752,1.29e-4,1-4
2011,3,Male,195741,36.016344,1.84e-4,1-4
2011,4,Female,183098.78,17.02818654,9.3e-5,1-4
2011,4,Male,191963.74,17.084772859999998,8.9e-5,1-4
2011,5,Female,178679.08,16.0811172,9e-5,5-14
2011,5,Male,187680.72,18.017349120000002,9.6e-5,5-14
2011,6,Female,177235.11,9.92516616,5.6e-5,5-14
2011,6,Male,186338.15,24.9693121,1.34e-4,5-14
2011,7,Female,176563.9,16.9501344,9.6e-5,5-14
2011,7,Male,185765.68,23.03494432,1.24e-4,5-14
2011,8,Female,175240.14,19.977375960000003,1.14e-4,5-14
2011,8,Male,184343.8,14.0101288,7.6e-5,5-14
2011,9,Female,175237.43,11.916145239999999,6.8e-5,5-14
2011,9,Male,184886.33,12.017611449999999,6.5e-5,5-14
2011,10,Female,177505.75,15.9755175,9e-5,5-14
2011,10,Male,187963.22,15.0370576,8e-5,5-14
2011,11,Female,183240.55,17.04137115,9.3e-5,5-14
2011,11,Male,194157.94,25.04637426,1.29e-4,5-14
2011,12,Female,185221.55,12.965508499999999,7e-5,5-14
2011,12,Male,195731.07,20.943224490000002,1.07e-4,5-14
2011,13,Female,190234.47,24.920715570000002,1.31e-4,5-14
2011,13,Male,201335.95,32.01241605,1.59e-4,5-14
2011,14,Female,197456.97,27.05160489,1.37e-4,5-14
2011,14,Male,209107.19,42.030545190000005,2.01e-4,5-14
2011,15,Female,205682.53,35.99444275,1.75e-4,15-24
2011,15,Male,217704.82,62.0458737,2.85e-4,15-24
2011,16,Female,212777.86,30.001678260000002,1.41e-4,15-24
2011,16,Male,224980.05,78.06807735,3.47e-4,15-24
2011,17,Female,216509.76,53.91093024,2.49e-4,15-24
2011,17,Male,228419.94,121.97624796,5.34e-4,15-24
2011,18,Female,221788.17,60.991746750000004,2.75e-4,15-24
2011,18,Male,232540.9,146.96584879999997,6.32e-4,15-24
2011,19,Female,229998.88,88.08957104,3.83e-4,15-24
2011,19,Male,240281.27,137.92144897999998,5.74e-4,15-24
2011,20,Female,234016.49,70.90699647,3.03e-4,15-24
2011,20,Male,243804.07,196.99368856,8.08e-4,15-24
2011,21,Female,236936.25,49.99354875,2.11e-4,15-24
2011,21,Male,245568.3,181.9661103,7.41e-4,15-24
2011,22,Female,231088.21,64.01143417,2.77e-4,15-24
2011,22,Male,238798.39,174.08402631,7.29e-4,15-24
2011,23,Female,226848.47,87.10981248,3.84e-4,15-24
2011,23,Male,233455.78,186.99807977999998,8.01e-4,15-24
2011,24,Female,229312.73,74.98526271,3.27e-4,15-24
2011,24,Male,234982.96,184.93158952000002,7.87e-4,15-24
2011,25,Female,232839.85,75.9057911,3.26e-4,25-34
2011,25,Male,238143.84,182.89446912,7.68e-4,25-34
2011,26,Female,235437.48,68.04143171999999,2.89e-4,25-34
2011,26,Male,239339.86,168.97394116,7.06e-4,25-34
2011,27,Female,236273.88,77.9703804,3.3e-4,25-34
2011,27,Male,238311.67,197.08375109000002,8.27e-4,25-34
2011,28,Female,236781.87,74.11272531,3.13e-4,25-34
2011,28,Male,237219.05,154.90403965000002,6.53e-4,25-34
2011,29,Female,237967.19,95.90077757,4.03e-4,25-34
2011,29,Male,237540.32,180.05556256,7.58e-4,25-34
2011,30,Female,238802.97,89.07350781000001,3.73e-4,25-34
2011,30,Male,238514.5,178.885875,7.5e-4,25-34
2011,31,Female,235631.71,90.95384006,3.86e-4,25-34
2011,31,Male,234949.96,183.96581867999998,7.83e-4,25-34
2011,32,Female,232858.4,95.0062272,4.08e-4,25-34
2011,32,Male,231137.6,193.9244464,8.39e-4,25-34
2011,33,Female,229465.2,125.05853400000001,5.45e-4,25-34
2011,33,Male,227463.28,181.97062400000002,8e-4,25-34
2011,34,Female,228792.28,124.00541575999999,5.42e-4,25-34
2011,34,Male,226922.9,204.9113787,9.03e-4,25-34
2011,35,Female,231098.53,110.92729440000001,4.8e-4,35-44
2011,35,Male,229371.79,221.11440556000002,9.64e-4,35-44
2011,36,Female,228766.57,131.08324461,5.73e-4,35-44
2011,36,Male,227380.61,200.0949368,8.8e-4,35-44
2011,37,Female,225127.05,131.92445130000002,5.86e-4,35-44
2011,37,Male,223792.64,198.95165696,8.89e-4,35-44
2011,38,Female,226556.51,145.90239244000003,6.44e-4,35-44
2011,38,Male,226172.49,248.11122153000002,0.001097,35-44
2011,39,Female,229205.7,145.0872081,6.33e-4,35-44
2011,39,Male,229640.38,273.96097334,0.001193,35-44
2011,40,Female,239099.24,169.04316268,7.07e-4,35-44
2011,40,Male,240233.81,336.08710019,0.001399,35-44
2011,41,Female,238202.95,187.94212755,7.89e-4,35-44
2011,41,Male,239228.03,323.91475262,0.001354,35-44
2011,42,Female,237394.17,217.92784806,9.18e-4,35-44
2011,42,Male,238094.93,341.90431947999997,0.001436,35-44
2011,43,Female,236825.58,251.03511479999997,0.00106,35-44
2011,43,Male,237551.55,378.89472225,0.001595,35-44
2011,44,Female,241159.15,279.98577315,0.001161,35-44
2011,44,Male,242990.69,452.93464616,0.001864,35-44
2011,45,Female,251997.16,311.97248408,0.001238,45-54
2011,45,Male,255122.98,468.91603724000004,0.001838,45-54
2011,46,Female,268776.31,380.04970233999995,0.001414,45-54
2011,46,Male,272494.31,541.99118259,0.001989,45-54
2011,47,Female,275724.2,475.89996920000004,0.001726,45-54
2011,47,Male,279624.95,628.87651255,0.002249,45-54
2011,48,Female,278718.4,457.93433120000003,0.001643,45-54
2011,48,Male,282689.83,720.8590665,0.00255,45-54
2011,49,Female,276525.58,494.9807882,0.00179,45-54
2011,49,Male,279728.29,789.9526909599999,0.002824,45-54
2011,50,Female,277044.12,605.89549044,0.002187,45-54
2011,50,Male,279440.22,798.0812683199999,0.002856,45-54
2011,51,Female,272096.94,627.99973752,0.002308,45-54
2011,51,Male,273831.11,905.01181855,0.003305,45-54
2011,52,Female,269106.06,691.06436208,0.002568,45-54
2011,52,Male,270610.96,962.0219628000001,0.003555,45-54
2011,53,Female,263534.98,711.0173760399999,0.002698,45-54
2011,53,Male,265043.83,1110.0035600400001,0.004188,45-54
2011,54,Female,258225.69,785.0060976000001,0.00304,45-54
2011,54,Male,259259.62,1186.89054036,0.004578,45-54
2011,55,Female,250267.85,755.0581034500001,0.003017,55-64
2011,55,Male,250458.09,1237.0125065099999,0.004939,55-64
2011,56,Female,246679.48,853.0176418400001,0.003458,55-64
2011,56,Male,245771.53,1372.87976658,0.005586,55-64
2011,57,Female,238302.94,976.08884224,0.004096,55-64
2011,57,Male,236221.67,1368.90457765,0.005795,55-64
2011,58,Female,227023.36,960.08178944,0.004229,55-64
2011,58,Male,224488.99,1458.05599005,0.006495,55-64
2011,59,Female,218163.15,983.9158065,0.00451,55-64
2011,59,Male,215626.23,1532.02436415,0.007105,55-64
2011,60,Female,214300.29,976.9950221099999,0.004559,55-64
2011,60,Male,211502.57,1683.9834623400002,0.007962,55-64
2011,61,Female,208804.77,1154.89918287,0.005531,55-64
2011,61,Male,205012.5,1753.0618875,0.008551,55-64
2011,62,Female,206080.21,1097.99535888,0.005328,55-64
2011,62,Male,201170.11,1776.93558163,0.008833,55-64
2011,63,Female,203768.26,1280.0722093200002,0.006282,55-64
2011,63,Male,198097.73,2013.0691322599998,0.010162,55-64
2011,64,Female,201046.62,1391.04156378,0.006919,55-64
2011,64,Male,194465.99,2190.07597938,0.011262,55-64
2011,65,Female,176497.77,1396.97984955,0.007915,65-74
2011,65,Male,169852.71,2030.92885347,0.011957,65-74
2011,66,Female,163979.28,1410.05782872,0.008599,65-74
2011,66,Male,156759.69,2078.94700878,0.013262,65-74
2011,67,Female,157023.36,1435.9786272,0.009145,65-74
2011,67,Male,148632.9,2204.9690714999997,0.014835,65-74
2011,68,Female,151225.05,1524.9534041999998,0.010084,65-74
2011,68,Male,141569.25,2275.0178475000002,0.01607,65-74
2011,69,Female,141584.19,1587.0171857100001,0.011209,65-74
2011,69,Male,130634.47,2276.04437081,0.017423,65-74
2011,70,Female,135571.13,1711.99222964,0.012628,65-74
2011,70,Male,123196.98,2372.03465292,0.019254,65-74
2011,71,Female,125875.98,1755.969921,0.01395,65-74
2011,71,Male,113083.1,2405.9560356,0.021276,65-74
2011,72,Female,121970.76,1801.99600824,0.014774,65-74
2011,72,Male,108616.9,2548.0438571,0.023459,65-74
2011,73,Female,115750.87,1880.0256305399998,0.016242,65-74
2011,73,Male,101908.64,2660.01932128,0.026102,65-74
2011,74,Female,110806.98,2035.96745052,0.018374,65-74
2011,74,Male,96260.97,2783.96351337,0.028921,65-74
2011,75,Female,107771.58,2096.04945942,0.019449,75-84
2011,75,Male,92249.68,2923.0233604799996,0.031686,75-84
2011,76,Female,103515.66,2351.97931086,0.022721,75-84
2011,76,Male,87244.21,2999.9794050600003,0.034386,75-84
2011,77,Female,99222.68,2525.0187606399995,0.025448,75-84
2011,77,Male,82034.59,3204.02498163,0.039057,75-84
2011,78,Female,97943.15,2836.0418514,0.028956,75-84
2011,78,Male,79387.32,3301.0041529200003,0.041581,75-84
2011,79,Female,95163.82,3034.0129092400002,0.031882,75-84
2011,79,Male,75129.1,3711.9785728,0.049408,75-84
2011,80,Female,89463.82,3349.9727399000003,0.037445,75-84
2011,80,Male,68720.06,3702.9804331,0.053885,75-84
2011,81,Female,85341.29,3451.03108502,0.040438,75-84
2011,81,Male,63007.54,3907.9796609600003,0.062024,75-84
2011,82,Female,79453.46,3759.02264606,0.047311,75-84
2011,82,Male,55723.16,3965.9844666800004,0.071173,75-84
2011,83,Female,74902.85,3907.0075588500004,0.052161,75-84
2011,83,Male,50541.83,3878.0240740700006,0.076729,75-84
2011,84,Female,69286.69,4101.97990807,0.059203,75-84
2011,84,Male,44301.14,3943.99759078,0.089027,75-84
2011,85,Female,65186.18,4394.98262796,0.067422,85+
2011,85,Male,39088.32,3970.9824288,0.10159,85+
2011,86,Female,60200.07,4524.99846162,0.075166,85+
2011,86,Male,33845.95,3746.0020540999994,0.110678,85+
2011,87,Female,53787.52,4632.019859839999,0.086117,85+
2011,87,Male,28424.38,3640.9925317200004,0.128094,85+
2011,88,Female,48208.57,4861.97891021,0.100853,85+
2011,88,Male,23897.62,3393.0079852199997,0.141981,85+
2011,89,Female,43071.91,4898.9990434,0.11374,85+
2011,89,Male,20311.57,3005.9904905799995,0.147994,85+
2011,90,Female,36973.37,4636.01691756,0.125388,85+
2011,90,Male,16467.81,2789.99283801,0.169421,85+
2011,91,Female,29311.49,4468.009043680001,0.152432,85+
2011,91,Male,11972.91,2377.0057681199996,0.198532,85+
2011,92,Female,22577,3516.006518,0.155734,85+
2011,92,Male,8424.99,1820.00003976,0.216024,85+
2011,93,Female,17919.22,3213.0057421,0.179305,85+
2011,93,Male,6228.17,1492.9982278900002,0.239717,85+
2011,94,Female,14096.75,2894.9931604999997,0.205366,85+
2011,94,Male,4595.68,1211.00304112,0.263509,85+
2011,95,Female,11174.82,2593.99979178,0.232129,85+
2011,95,Male,3343.26,960.0003927,0.287145,85+
2011,96,Female,8642.7,2195.9977149,0.254087,85+
2011,96,Male,2406.66,800.00025726,0.332411,85+
2011,97,Female,6300.37,1724.00174495,0.273635,85+
2011,97,Male,1675.74,564.99920136,0.337164,85+
2011,98,Female,4388.53,1345.00106293,0.306481,85+
2011,98,Male,1076.99,406.99775196999997,0.377903,85+
2011,99,Female,3005.36,995.00256736,0.331076,85+
2011,99,Male,651.94,265.99803940000004,0.40801,85+
2011,100,Female,1956.98,736.998668,0.3766,85+
2011,100,Male,384.84,196.99844148,0.511897,85+
2012,0,Female,184014.11,840.0244121499999,0.004565,0
2012,0,Male,193661.33,977.9897164999999,0.00505,0
2012,1,Female,185605.3,53.0831158,2.86e-4,1-4
2012,1,Male,194558.53,49.02874956,2.52e-4,1-4
2012,2,Female,187318.42,32.031449820000006,1.71e-4,1-4
2012,2,Male,196301.49,39.06399651,1.99e-4,1-4
2012,3,Female,189005.45,20.979604950000002,1.11e-4,1-4
2012,3,Male,197997.66,24.94770516,1.26e-4,1-4
2012,4,Female,188935.15,23.994764049999997,1.27e-4,1-4
2012,4,Male,197657.13,19.96337013,1.01e-4,1-4
2012,5,Female,185523.79,20.96418827,1.13e-4,5-14
2012,5,Male,194146.64,12.037091680000001,6.2e-5,5-14
2012,6,Female,180972.08,7.057911119999999,3.9e-5,5-14
2012,6,Male,189487.55,21.03311805,1.11e-4,5-14
2012,7,Female,179239.93,13.98071454,7.8e-5,5-14
2012,7,Male,187991.75,13.911389499999999,7.4e-5,5-14
2012,8,Female,178796.85,6.0790929,3.4e-5,5-14
2012,8,Male,187698.73,12.01271872,6.4e-5,5-14
2012,9,Female,177502.91,14.022729889999999,7.9e-5,5-14
2012,9,Male,186299.55,24.03264195,1.29e-4,5-14
2012,10,Female,177516.27,12.95868771,7.3e-5,5-14
2012,10,Male,187043.87,9.91332511,5.3e-5,5-14
2012,11,Female,179570.73,15.98179497,8.9e-5,5-14
2012,11,Male,190030.09,16.91267801,8.9e-5,5-14
2012,12,Female,185496.23,20.03359284,1.08e-4,5-14
2012,12,Male,196510.23,20.04404346,1.02e-4,5-14
2012,13,Female,187154.65,12.913670849999999,6.9e-5,5-14
2012,13,Male,198097.96,24.96034296,1.26e-4,5-14
2012,14,Female,191931.36,36.08309567999999,1.88e-4,5-14
2012,14,Male,203450.42,32.95896804,1.62e-4,5-14
2012,15,Female,198879.21,34.00834491,1.71e-4,15-24
2012,15,Male,211038.61,50.016150569999994,2.37e-4,15-24
2012,16,Female,207581.22,57.084835500000004,2.75e-4,15-24
2012,16,Male,219938.73,74.99910693,3.41e-4,15-24
2012,17,Female,214676.77,63.97367745999999,2.98e-4,15-24
2012,17,Male,227722.3,117.0492622,5.14e-4,15-24
2012,18,Female,218864.99,63.03311712,2.88e-4,15-24
2012,18,Male,232733.11,134.05427136,5.76e-4,15-24
2012,19,Female,225733.62,62.97967998,2.79e-4,15-24
2012,19,Male,238937.79,161.04407046,6.74e-4,15-24
2012,20,Female,232609.84,76.06341768,3.27e-4,15-24
2012,20,Male,244518.18,178.00923504,7.28e-4,15-24
2012,21,Female,235708.24,81.08363456,3.44e-4,15-24
2012,21,Male,246649.72,176.10790008,7.14e-4,15-24
2012,22,Female,238578.38,73.00498428,3.06e-4,15-24
2012,22,Male,249080.26,192.04088046,7.71e-4,15-24
2012,23,Female,233316.64,76.9944912,3.3e-4,15-24
2012,23,Male,242843.43,146.92027514999998,6.05e-4,15-24
2012,24,Female,228908.16,59.05830528,2.58e-4,15-24
2012,24,Male,236491.06,206.9296775,8.75e-4,15-24
2012,25,Female,231592.22,66.93015158,2.89e-4,25-34
2012,25,Male,237261.28,172.96347312,7.29e-4,25-34
2012,26,Female,235291.1,94.11644000000001,4e-4,25-34
2012,26,Male,240265.77,186.92676906,7.78e-4,25-34
2012,27,Female,238029.72,83.07237228000001,3.49e-4,25-34
2012,27,Male,241587.03,203.89945332,8.44e-4,25-34
2012,28,Female,239093.64,60.968878200000006,2.55e-4,25-34
2012,28,Male,240827.68,175.08172335999998,7.27e-4,25-34
2012,29,Female,239584.81,97.99018729000001,4.09e-4,25-34
2012,29,Male,239688.58,198.9415214,8.3e-4,25-34
2012,30,Female,240763.09,93.89760509999999,3.9e-4,25-34
2012,30,Male,239930.96,190.98504416,7.96e-4,25-34
2012,31,Female,241431.91,112.02440624,4.64e-4,25-34
2012,31,Male,240787.39,165.90251171000003,6.89e-4,25-34
2012,32,Female,238417.96,87.97622724,3.69e-4,25-34
2012,32,Male,237248.14,161.09148706000002,6.79e-4,25-34
2012,33,Female,235410.65,118.88237825,5.05e-4,25-34
2012,33,Male,233143.16,193.97510911999998,8.32e-4,25-34
2012,34,Female,231942.46,109.94072603999999,4.74e-4,25-34
2012,34,Male,229289.34,210.02903544,9.16e-4,25-34
2012,35,Female,231223.65,110.0624574,4.76e-4,35-44
2012,35,Male,228668.76,243.07489188,0.001063,35-44
2012,36,Female,233248.49,132.95163929999998,5.7e-4,35-44
2012,36,Male,231001.02,195.88886496,8.48e-4,35-44
2012,37,Female,231065.64,137.02192452,5.93e-4,35-44
2012,37,Male,229050.53,235.00584378,0.001026,35-44
2012,38,Female,227225.74,147.01505378,6.47e-4,35-44
2012,38,Male,225309.77,232.06906310000002,0.00103,35-44
2012,39,Female,228677.96,153.90026708,6.73e-4,35-44
2012,39,Male,227654.44,229.02036664,0.001006,35-44
2012,40,Female,230909.4,169.0256808,7.32e-4,35-44
2012,40,Male,230825.58,279.99142854,0.001213,35-44
2012,41,Female,240967.2,213.0150048,8.84e-4,35-44
2012,41,Male,241362.54,333.0803052,0.00138,35-44
2012,42,Female,240053.07,209.08622397000002,8.71e-4,35-44
2012,42,Male,240506.65,361.96250825,0.001505,35-44
2012,43,Female,239065.75,230.9375145,9.66e-4,35-44
2012,43,Male,239215.09,372.93632531000003,0.001559,35-44
2012,44,Female,238311.86,281.92293037999997,0.001183,35-44
2012,44,Male,238523.2,434.112224,0.00182,35-44
2012,45,Female,242327.17,322.05280893,0.001329,45-54
2012,45,Male,243676.97,449.09665571,0.001843,45-54
2012,46,Female,252639.02,363.04227174,0.001437,45-54
2012,46,Male,255344.71,506.09321521999993,0.001982,45-54
2012,47,Female,269563.27,407.0405377,0.00151,45-54
2012,47,Male,272722.04,626.9879699599999,0.002299,45-54
2012,48,Female,276325.72,484.95163859999997,0.001755,45-54
2012,48,Male,279784.91,700.02184482,0.002502,45-54
2012,49,Female,279753.5,497.96122999999994,0.00178,45-54
2012,49,Male,283303.83,758.12104908,0.002676,45-54
2012,50,Female,276910.94,605.0504039,0.002185,45-54
2012,50,Male,279618.81,897.01714248,0.003208,45-54
2012,51,Female,277307.27,567.92528896,0.002048,45-54
2012,51,Male,279258.58,927.9762613400001,0.003323,45-54
2012,52,Female,272421.64,724.0967191200001,0.002658,45-54
2012,52,Male,273720.4,1005.9224700000001,0.003675,45-54
2012,53,Female,269240.58,641.06182098,0.002381,45-54
2012,53,Male,270105.23,1059.89292252,0.003924,45-54
2012,54,Female,263500.89,771.0036041400001,0.002926,45-54
2012,54,Male,264421.51,1179.0555130900002,0.004459,45-54
2012,55,Female,258356.83,848.9605433799999,0.003286,55-64
2012,55,Male,258749.05,1304.095212,0.00504,55-64
2012,56,Female,249957.49,928.09216037,0.003713,55-64
2012,56,Male,249398.19,1276.9187328,0.00512,55-64
2012,57,Female,246444.28,967.04735472,0.003924,55-64
2012,57,Male,244821.36,1420.94317344,0.005804,55-64
2012,58,Female,238196.82,1010.9073040800001,0.004244,55-64
2012,58,Male,235162.17,1603.1005128900001,0.006817,55-64
2012,59,Female,226997.06,979.94630802,0.004317,55-64
2012,59,Male,223369.62,1578.99984378,0.007069,55-64
2012,60,Female,217867.27,1061.0136049,0.00487,55-64
2012,60,Male,214401.58,1692.0572693599997,0.007892,55-64
2012,61,Female,213886.85,1128.8947943,0.005278,55-64
2012,61,Male,210174.18,1687.0681428599999,0.008027,55-64
2012,62,Female,208385.55,1233.01729935,0.005917,55-64
2012,62,Male,203654.63,1833.09532463,0.009001,55-64
2012,63,Female,205418.04,1249.9687734000001,0.006085,55-64
2012,63,Male,199585.96,2011.02813296,0.010076,55-64
2012,64,Female,202257.09,1405.08000423,0.006947,55-64
2012,64,Male,195581.69,2143.96648578,0.010962,55-64
2012,65,Female,200737.67,1560.93612192,0.007776,65-74
2012,65,Male,193160.21,2242.97635852,0.011612,65-74
2012,66,Female,175316.75,1399.0276649999998,0.00798,65-74
2012,66,Male,167874.54,2136.03564696,0.012724,65-74
2012,67,Female,162386.87,1479.99393318,0.009114,65-74
2012,67,Male,154381.45,2182.953703,0.01414,65-74
2012,68,Female,155419.99,1603.9342967999999,0.01032,65-74
2012,68,Male,146412.31,2304.9689963299998,0.015743,65-74
2012,69,Female,149776.41,1696.9667253,0.01133,65-74
2012,69,Male,139543.98,2484.0223879800005,0.017801,65-74
2012,70,Female,139689.14,1683.9525827000002,0.012055,65-74
2012,70,Male,128341.95,2441.0638889999996,0.01902,65-74
2012,71,Female,133819.15,1751.9603117999998,0.013092,65-74
2012,71,Male,120919.12,2462.03420232,0.020361,65-74
2012,72,Female,123935.28,1789.0057668,0.014435,65-74
2012,72,Male,110666.45,2559.0509897999996,0.023124,65-74
2012,73,Female,119942.14,1932.02799112,0.016108,65-74
2012,73,Male,106056.73,2655.97868939,0.025043,65-74
2012,74,Female,113698.65,2046.00720675,0.017995,65-74
2012,74,Male,99353.98,2811.02215614,0.028293,65-74
2012,75,Female,108447.27,2090.97181287,0.019281,75-84
2012,75,Male,93394.86,2794.00063176,0.029916,75-84
2012,76,Female,105241.77,2263.01378031,0.021503,75-84
2012,76,Male,89288.69,3024.0293529200003,0.033868,75-84
2012,77,Female,100970.01,2433.9830610599997,0.024106,75-84
2012,77,Male,84126.77,3179.991906,0.0378,75-84
2012,78,Female,96332.58,2595.00704004,0.026938,75-84
2012,78,Male,78678.6,3318.0339192,0.042172,75-84
2012,79,Female,94862.63,2921.95872926,0.030802,75-84
2012,79,Male,75800.35,3594.98319945,0.047427,75-84
2012,80,Female,90101.36,3273.02200336,0.036326,75-84
2012,80,Male,69545.68,3817.0146468,0.054885,75-84
2012,81,Female,86102.26,3390.96530558,0.039383,75-84
2012,81,Male,64931.24,3901.00396796,0.060079,75-84
2012,82,Female,81778.61,3766.96811243,0.046063,75-84
2012,82,Male,58988.03,4136.00471148,0.070116,75-84
2012,83,Female,75640.02,3977.98429182,0.052591,75-84
2012,83,Male,51815.16,3968.9894408400005,0.076599,75-84
2012,84,Female,70888.67,4089.9927043199996,0.057696,75-84
2012,84,Male,46585.85,3984.0218919999998,0.08552,75-84
2012,85,Female,65124.39,4188.01927212,0.064308,85+
2012,85,Male,40399.7,3935.9811721999995,0.097426,85+
2012,86,Female,60727.61,4631.02681099,0.076259,85+
2012,86,Male,35223.48,3770.9905453200004,0.107059,85+
2012,87,Female,55552.35,4801.000744049999,0.086423,85+
2012,87,Male,30129.96,3614.9926008,0.11998,85+
2012,88,Female,49065.27,4790.97828915,0.097645,85+
2012,88,Male,24937.4,3435.0021630000006,0.137745,85+
2012,89,Female,43433.86,4801.00514896,0.110536,85+
2012,89,Male,20685.25,3148.9983485000002,0.152234,85+
2012,90,Female,38269.89,4726.98200313,0.123517,85+
2012,90,Male,17312.99,2882.0068803500003,0.166465,85+
2012,91,Female,32344.86,4442.98700418,0.137363,85+
2012,91,Male,13762.15,2583.00417135,0.187689,85+
2012,92,Female,25165.49,4199.01299944,0.166856,85+
2012,92,Male,9761.07,2255.0023914,0.23102,85+
2012,93,Female,19120.33,3193.9937655100002,0.167047,85+
2012,93,Male,6673.99,1583.99811261,0.237339,85+
2012,94,Female,14864.55,2930.9919689999997,0.19718,85+
2012,94,Male,4834.17,1290.99893769,0.267057,85+
2012,95,Female,11385.25,2552.99430425,0.224237,85+
2012,95,Male,3472.84,1020.9975958000001,0.293995,85+
2012,96,Female,8795.32,2208.00351876,0.251043,85+
2012,96,Male,2450.93,763.00146923,0.311311,85+
2012,97,Female,6652.7,1815.0029194,0.272822,85+
2012,97,Male,1728.66,619.00030146,0.358081,85+
2012,98,Female,4697.7,1433.0005011,0.305043,85+
2012,98,Male,1184.24,420.99850424,0.355501,85+
2012,99,Female,3214.2,1052.0012316,0.327298,85+
2012,99,Male,730.5,302.001849,0.413418,85+
2012,100,Female,2114.36,780.00220452,0.368907,85+
2012,100,Male,414.95,173.00219884999998,0.416923,85+
2013,0,Female,185489.77,851.9545136099999,0.004593,0
2013,0,Male,195460.52,1032.0315455999998,0.00528,0
2013,1,Female,185713.5,72.056838,3.88e-4,1-4
2013,1,Male,194973.51,67.07088744,3.44e-4,1-4
2013,2,Female,187561.38,36.94959186,1.97e-4,1-4
2013,2,Male,196215.74,35.90748042,1.83e-4,1-4
2013,3,Female,189372.71,17.99040745,9.5e-5,1-4
2013,3,Male,198030.25,35.051354249999996,1.77e-4,1-4
2013,4,Female,191255.96,26.01081056,1.36e-4,1-4
2013,4,Male,199843.13,25.979606899999997,1.3e-4,1-4
2013,5,Female,191314.18,16.07039112,8.4e-5,5-14
2013,5,Male,199583.18,17.9624862,9e-5,5-14
2013,6,Female,187824.6,15.965091000000001,8.5e-5,5-14
2013,6,Male,195930.17,21.94417904,1.12e-4,5-14
2013,7,Female,183131.42,12.086673720000002,6.6e-5,5-14
2013,7,Male,191191.55,17.016047949999997,8.9e-5,5-14
2013,8,Female,181382.36,17.95685364,9.9e-5,5-14
2013,8,Male,189718.66,18.0232727,9.5e-5,5-14
2013,9,Female,181148.97,9.057448500000001,5e-5,5-14
2013,9,Male,189592.43,18.01128085,9.5e-5,5-14
2013,10,Female,179808.15,21.03755355,1.17e-4,5-14
2013,10,Male,188319.23,19.02024223,1.01e-4,5-14
2013,11,Female,179822.48,19.96029528,1.11e-4,5-14
2013,11,Male,189114.81,13.994495939999998,7.4e-5,5-14
2013,12,Female,181814.84,17.99966916,9.9e-5,5-14
2013,12,Male,192211.53,21.91211442,1.14e-4,5-14
2013,13,Female,187675.28,21.019631359999998,1.12e-4,5-14
2013,13,Male,198894.92,13.9226444,7e-5,5-14
2013,14,Female,189109.54,33.0941695,1.75e-4,5-14
2013,14,Male,200555.56,40.91333424,2.04e-4,5-14
2013,15,Female,193765.51,42.04711567,2.17e-4,15-24
2013,15,Male,205632.92,50.996964160000005,2.48e-4,15-24
2013,16,Female,200907.33,48.016851869999996,2.39e-4,15-24
2013,16,Male,213423.89,55.06336362,2.58e-4,15-24
2013,17,Female,209268.12,42.06289212,2.01e-4,15-24
2013,17,Male,222384.99,90.95546091,4.09e-4,15-24
2013,18,Female,217102.08,47.97955968,2.21e-4,15-24
2013,18,Male,232152.91,114.91569045,4.95e-4,15-24
2013,19,Female,222732.3,65.92876079999999,2.96e-4,15-24
2013,19,Male,239284.36,149.07415627999998,6.23e-4,15-24
2013,20,Female,227833.14,69.94477398,3.07e-4,15-24
2013,20,Male,242993.17,152.11372442,6.26e-4,15-24
2013,21,Female,233914.64,77.89357512000001,3.33e-4,15-24
2013,21,Male,247703.41,164.97047106000002,6.66e-4,15-24
2013,22,Female,236868.22,61.112000759999994,2.58e-4,15-24
2013,22,Male,250444.93,164.04142915,6.55e-4,15-24
2013,23,Female,240290.36,75.93175375999999,3.16e-4,15-24
2013,23,Male,253293.18,204.91418262,8.09e-4,15-24
2013,24,Female,234923.04,78.93414144,3.36e-4,15-24
2013,24,Male,246210.25,161.0215035,6.54e-4,15-24
2013,25,Female,230880.79,77.11418386,3.34e-4,25-34
2013,25,Male,239093.84,174.06031552,7.28e-4,25-34
2013,26,Female,233790.07,78.08588338,3.34e-4,25-34
2013,26,Male,240034.97,181.94650726,7.58e-4,25-34
2013,27,Female,237818.59,73.96158149,3.11e-4,25-34
2013,27,Male,243207.06,173.8930479,7.15e-4,25-34
2013,28,Female,240591.08,76.02678128,3.16e-4,25-34
2013,28,Male,244460.15,171.122105,7e-4,25-34
2013,29,Female,241788.3,94.0556487,3.89e-4,25-34
2013,29,Male,243628.82,185.88878966000001,7.63e-4,25-34
2013,30,Female,242328.08,85.05715608,3.51e-4,25-34
2013,30,Male,242336.99,200.89736470999998,8.29e-4,25-34
2013,31,Female,243397.82,94.9251498,3.9e-4,25-34
2013,31,Male,242416.26,200.96307954,8.29e-4,25-34
2013,32,Female,243934.64,100.0132024,4.1e-4,25-34
2013,32,Male,242902.03,210.11025595,8.65e-4,25-34
2013,33,Female,240764.53,119.90073593999999,4.98e-4,25-34
2013,33,Male,239058.58,209.89343323999998,8.78e-4,25-34
2013,34,Female,237944.33,116.11683303999999,4.88e-4,25-34
2013,34,Male,234938.13,182.07705074999998,7.75e-4,25-34
2013,35,Female,234328.02,135.91025159999998,5.8e-4,35-44
2013,35,Male,231126.17,211.01819321,9.13e-4,35-44
2013,36,Female,233398.51,132.10355666,5.66e-4,35-44
2013,36,Male,230315.04,198.99219456,8.64e-4,35-44
2013,37,Female,235355.89,132.03465429,5.61e-4,35-44
2013,37,Male,232587.65,236.07646475,0.001015,35-44
2013,38,Female,233231.72,136.90701964,5.87e-4,35-44
2013,38,Male,230599.74,267.95689788,0.001162,35-44
2013,39,Female,229245.46,132.96236679999998,5.8e-4,35-44
2013,39,Male,226727.62,248.94692676,0.001098,35-44
2013,40,Female,230634.65,182.89327745,7.93e-4,35-44
2013,40,Male,229010.69,254.88889797000002,0.001113,35-44
2013,41,Female,232722.73,198.97793415,8.55e-4,35-44
2013,41,Male,232112.87,269.94726780999997,0.001163,35-44
2013,42,Female,242814.98,211.97747754,8.73e-4,35-44
2013,42,Male,242659.51,360.10671284000006,0.001484,35-44
2013,43,Female,241763.42,232.09288320000002,9.6e-4,35-44
2013,43,Male,241619.98,370.8866693,0.001535,35-44
2013,44,Female,240559.22,259.08227994000003,0.001077,35-44
2013,44,Male,240152.56,428.91247216,0.001786,35-44
2013,45,Female,239603.26,303.0981239,0.001265,45-54
2013,45,Male,239237.77,461.01118278999996,0.001927,45-54
2013,46,Female,243402.75,313.98954749999996,0.00129,45-54
2013,46,Male,244214.67,497.95371213000004,0.002039,45-54
2013,47,Female,253746.07,384.93278819,0.001517,45-54
2013,47,Male,255936.07,602.98538092,0.002356,45-54
2013,48,Female,270688.87,446.90732436999997,0.001651,45-54
2013,48,Male,273305.51,675.0646097,0.00247,45-54
2013,49,Female,277419.18,486.8706609,0.001755,45-54
2013,49,Male,280256.43,758.93441244,0.002708,45-54
2013,50,Female,280590.97,572.1249878299999,0.002039,45-54
2013,50,Male,283436.44,853.99399372,0.003013,45-54
2013,51,Female,277338.8,576.0326875999999,0.002077,45-54
2013,51,Male,279385.2,949.0715244,0.003397,45-54
2013,52,Female,277540.9,638.0665291,0.002299,45-54
2013,52,Male,278719.67,1010.08008408,0.003624,45-54
2013,53,Female,272654.77,697.9962112000001,0.00256,45-54
2013,53,Male,273074.89,1087.11113709,0.003981,45-54
2013,54,Female,269409.22,783.9808301999999,0.00291,45-54
2013,54,Male,269357.17,1150.9631874099998,0.004273,45-54
2013,55,Female,263660.8,788.0821311999999,0.002989,55-64
2013,55,Male,263632.37,1253.04465461,0.004753,55-64
2013,56,Female,258500.56,891.05143032,0.003447,55-64
2013,56,Male,257766.46,1421.06649398,0.005513,55-64
2013,57,Female,250060.91,975.98773173,0.003903,55-64
2013,57,Male,248329.71,1415.9760064199997,0.005702,55-64
2013,58,Female,246695.36,993.9356054399998,0.004029,55-64
2013,58,Male,243693.75,1576.9422562500001,0.006471,55-64
2013,59,Female,238395.86,1099.95849804,0.004614,55-64
2013,59,Male,233828.98,1648.9619669600002,0.007052,55-64
2013,60,Female,227097.57,1125.94975206,0.004958,55-64
2013,60,Male,222026.73,1694.0639499,0.00763,55-64
2013,61,Female,217795.19,1190.03291816,0.005464,55-64
2013,61,Male,212951.12,1899.94989264,0.008922,55-64
2013,62,Female,213610.21,1150.93181148,0.005388,55-64
2013,62,Male,208545.86,1926.9637463999998,0.00924,55-64
2013,63,Female,207972.64,1227.0385760000001,0.0059,55-64
2013,63,Male,201918.49,1949.92685793,0.009657,55-64
2013,64,Female,204754.93,1363.0535690099998,0.006657,55-64
2013,64,Male,197636.01,2152.05851289,0.010889,55-64
2013,65,Female,201567.34,1531.911784,0.0076,65-74
2013,65,Male,193597.1,2333.0386521,0.012051,65-74
2013,66,Female,199786.87,1708.9768859800001,0.008554,65-74
2013,66,Male,191027.61,2461.96383768,0.012888,65-74
2013,67,Female,173973.07,1530.9630160000002,0.0088,65-74
2013,67,Male,165540.3,2310.942588,0.01396,65-74
2013,68,Female,160747.34,1505.07734442,0.009363,65-74
2013,68,Male,152072.8,2299.9490272,0.015124,65-74
2013,69,Female,153809.05,1748.9627075499998,0.011371,65-74
2013,69,Male,144305.52,2475.99411216,0.017158,65-74
2013,70,Female,147971.43,1828.9268747999997,0.01236,65-74
2013,70,Male,137376.36,2534.04433656,0.018446,65-74
2013,71,Female,137770.56,1822.98004992,0.013232,65-74
2013,71,Male,125994.06,2626.976151,0.02085,65-74
2013,72,Female,131765.66,1985.97202752,0.015072,65-74
2013,72,Male,118422.77,2707.97348159,0.022867,65-74
2013,73,Female,121828.89,1920.99793752,0.015768,65-74
2013,73,Male,108036.33,2809.05261633,0.026001,65-74
2013,74,Female,117620.65,2115.0545283,0.017982,65-74
2013,74,Male,103337.18,2815.00812038,0.027241,65-74
2013,75,Female,111285.43,2137.01411229,0.019203,75-84
2013,75,Male,96481.6,2893.0007760000003,0.029985,75-84
2013,76,Female,105849.7,2338.9608209,0.022097,75-84
2013,76,Male,90482.1,2943.0207846000003,0.032526,75-84
2013,77,Female,102470.98,2540.9728910599997,0.024797,75-84
2013,77,Male,86180.34,3111.02409366,0.036099,75-84
2013,78,Female,98091.95,2705.9645327,0.027586,75-84
2013,78,Male,80804.92,3435.98680824,0.042522,75-84
2013,79,Female,93254.96,2980.9880513600006,0.031966,75-84
2013,79,Male,75214.47,3416.9933720999998,0.04543,75-84
2013,80,Female,89945.95,3172.0338727,0.035266,75-84
2013,80,Male,70037.92,3801.0279563199997,0.054271,75-84
2013,81,Female,86781.87,3391.0015702499995,0.039075,75-84
2013,81,Male,65747.45,3690.99609555,0.056139,75-84
2013,82,Female,82501.84,3786.0094375999997,0.04589,75-84
2013,82,Male,60923.03,4102.00853293,0.067331,75-84
2013,83,Female,77875.74,4054.9897818,0.05207,75-84
2013,83,Male,54874.96,4088.0198951199995,0.074497,75-84
2013,84,Female,71592.46,4151.00242326,0.057981,75-84
2013,84,Male,47798.04,4009.0128069600005,0.083874,75-84
2013,85,Female,66676.26,4304.01925926,0.064551,85+
2013,85,Male,42572.64,4104.002496,0.0964,85+
2013,86,Female,60684.15,4591.9696305,0.07567,85+
2013,86,Male,36465.86,3953.9931998,0.10843,85+
2013,87,Female,56005.66,4641.02102722,0.082867,85+
2013,87,Male,31425.54,3817.00893948,0.121462,85+
2013,88,Female,50739.34,4812.01752692,0.094838,85+
2013,88,Male,26506.32,3504.0029724,0.132195,85+
2013,89,Female,44292.89,4741.02235982,0.107038,85+
2013,89,Male,21613.6,3211.9970959999996,0.14861,85+
2013,90,Female,38670.35,4868.983768499999,0.12591,85+
2013,90,Male,17636.51,2940.0062169999997,0.1667,85+
2013,91,Female,33537.37,4658.005319300001,0.13889,85+
2013,91,Male,14465.02,2849.00140916,0.196958,85+
2013,92,Female,27753.42,4402.99682274,0.158647,85+
2013,92,Male,11180.36,2284.0022033200003,0.204287,85+
2013,93,Female,21252.32,3934.99456192,0.185156,85+
2013,93,Male,7753.91,1946.9990470900002,0.251099,85+
2013,94,Female,15825,3159.002325,0.199621,85+
2013,94,Male,5195.49,1232.00134821,0.237129,85+
2013,95,Female,12040.22,2641.9975148199997,0.219431,85+
2013,95,Male,3668.17,1108.00009386,0.302058,85+
2013,96,Female,8964.75,2343.00016575,0.261357,85+
2013,96,Male,2556.18,797.00158692,0.311794,85+
2013,97,Female,6742.65,1840.9996707,0.273038,85+
2013,97,Male,1758.43,578.0012162900001,0.328703,85+
2013,98,Female,4946.7,1535.999817,0.31051,85+
2013,98,Male,1209.83,485.00148972,0.400884,85+
2013,99,Female,3427.2,1122.0001631999999,0.327381,85+
2013,99,Male,801.08,343.00162792000003,0.428174,85+
2013,100,Female,2268.37,795.00017064,0.350472,85+
2013,100,Male,462.33,198.00068210999999,0.428267,85+
2014,0,Female,186028.06,788.01486216,0.004236,0
2014,0,Male,195604.91,1005.9960521300001,0.005143,0
2014,1,Female,187022.79,55.919814210000006,2.99e-4,1-4
2014,1,Male,196606.79,49.93812466,2.54e-4,1-4
2014,2,Female,187556.55,24.94502115,1.33e-4,1-4
2014,2,Male,196510.61,30.06612333,1.53e-4,1-4
2014,3,Female,189366.8,28.026286399999996,1.48e-4,1-4
2014,3,Male,197711.29,21.94595319,1.11e-4,1-4
2014,4,Female,191380.27,18.946646729999998,9.9e-5,1-4
2014,4,Male,199716.41,29.957461499999997,1.5e-4,1-4
2014,5,Female,193577.57,23.035730830000002,1.19e-4,5-14
2014,5,Male,201737.67,15.93727593,7.9e-5,5-14
2014,6,Female,193634.63,12.00534706,6.2e-5,5-14
2014,6,Male,201414.95,14.9047063,7.4e-5,5-14
2014,7,Female,190028.58,11.971800539999998,6.3e-5,5-14
2014,7,Male,197594.34,12.05325474,6.1e-5,5-14
2014,8,Female,185083.13,15.917149180000001,8.6e-5,5-14
2014,8,Male,192682.9,11.9463398,6.2e-5,5-14
2014,9,Female,183494.76,13.02812796,7.1e-5,5-14
2014,9,Male,191356.13,17.987476219999998,9.4e-5,5-14
2014,10,Female,183384.97,11.92002305,6.5e-5,5-14
2014,10,Male,191417.21,10.91078097,5.7e-5,5-14
2014,11,Female,182042.87,12.01482942,6.6e-5,5-14
2014,11,Male,190181.57,15.97525188,8.4e-5,5-14
2014,12,Female,181988.99,28.936249409999995,1.59e-4,5-14
2014,12,Male,191090.53,21.97541095,1.15e-4,5-14
2014,13,Female,184120.11,18.96437133,1.03e-4,5-14
2014,13,Male,194497.39,23.923178970000002,1.23e-4,5-14
2014,14,Female,190173.21,27.955461869999997,1.47e-4,5-14
2014,14,Male,201677.19,36.90692577,1.83e-4,5-14
2014,15,Female,191761.33,26.07954088,1.36e-4,15-24
2014,15,Male,203544.86,51.9039393,2.55e-4,15-24
2014,16,Female,196620.56,32.049151280000004,1.63e-4,15-24
2014,16,Male,208767.38,70.98090920000001,3.4e-4,15-24
2014,17,Female,203281.94,57.9353529,2.85e-4,15-24
2014,17,Male,216379.06,86.98438212,4.02e-4,15-24
2014,18,Female,212524.84,56.95665712,2.68e-4,15-24
2014,18,Male,227281.9,127.9597097,5.63e-4,15-24
2014,19,Female,221644.47,58.07085114000001,2.62e-4,15-24
2014,19,Male,239208.8,153.093632,6.4e-4,15-24
2014,20,Female,224826.17,66.09889398,2.94e-4,15-24
2014,20,Male,243057.18,149.96628006,6.17e-4,15-24
2014,21,Female,228985.19,59.07817901999999,2.58e-4,15-24
2014,21,Male,245700.32,158.96810704,6.47e-4,15-24
2014,22,Female,234510.35,67.0699601,2.86e-4,15-24
2014,22,Male,250739.12,145.93016784000002,5.82e-4,15-24
2014,23,Female,238034.3,64.9833639,2.73e-4,15-24
2014,23,Male,253804.16,188.06888256000002,7.41e-4,15-24
2014,24,Female,241412.23,77.97615029,3.23e-4,15-24
2014,24,Male,256098.95,179.01316605,6.99e-4,15-24
2014,25,Female,236323.83,86.02187411999999,3.64e-4,25-34
2014,25,Male,248366.16,195.96090024,7.89e-4,25-34
2014,26,Female,232407.51,102.02689689,4.39e-4,25-34
2014,26,Male,241098.23,176.00170789999999,7.3e-4,25-34
2014,27,Female,235662.54,93.08670330000001,3.95e-4,25-34
2014,27,Male,242306.32,222.92181440000002,9.2e-4,25-34
2014,28,Female,239852.83,94.02230936,3.92e-4,25-34
2014,28,Male,245617.2,184.9497516,7.53e-4,25-34
2014,29,Female,242874.78,110.99377446,4.57e-4,25-34
2014,29,Male,246958.01,212.87780462,8.62e-4,25-34
2014,30,Female,244000.91,99.06436946000001,4.06e-4,25-34
2014,30,Male,245954.08,206.10951903999998,8.38e-4,25-34
2014,31,Female,244589.89,101.99398413,4.17e-4,25-34
2014,31,Male,244444.23,210.95537049000004,8.63e-4,25-34
2014,32,Female,245368.63,117.04083651,4.77e-4,25-34
2014,32,Male,244081.7,216.01230450000003,8.85e-4,25-34
2014,33,Female,245722.69,140.0619333,5.7e-4,25-34
2014,33,Male,244258.87,236.9311039,9.7e-4,25-34
2014,34,Female,242827.92,119.95699248,4.94e-4,25-34
2014,34,Male,240326.18,212.92899548,8.86e-4,25-34
2014,35,Female,239972.41,125.98551524999999,5.25e-4,35-44
2014,35,Male,236171.95,242.07624875000002,0.001025,35-44
2014,36,Female,236107.99,143.08144194,6.06e-4,35-44
2014,36,Male,232241.92,219.93309824000002,9.47e-4,35-44
2014,37,Female,235085.23,146.92826875,6.25e-4,35-44
2014,37,Male,231293.02,237.0753455,0.001025,35-44
2014,38,Female,237149.92,144.89860112,6.11e-4,35-44
2014,38,Male,233539.44,266.00142216,0.001139,35-44
2014,39,Female,234938.88,171.97526016,7.32e-4,35-44
2014,39,Male,231514.25,300.04246800000004,0.001296,35-44
2014,40,Female,230912.39,162.10049778,7.02e-4,35-44
2014,40,Male,227605.07,264.0218812,0.00116,35-44
2014,41,Female,232129.59,185.93580158999998,8.01e-4,35-44
2014,41,Male,229805.15,284.03916539999994,0.001236,35-44
2014,42,Female,234166.84,232.9960058,9.95e-4,35-44
2014,42,Male,232902.58,336.07842294,0.001443,35-44
2014,43,Female,244270.34,264.05623754,0.001081,35-44
2014,43,Male,243398.09,368.01791208000003,0.001512,35-44
2014,44,Female,243115.7,262.0787246,0.001078,35-44
2014,44,Male,242324.31,439.09164972,0.001812,35-44
2014,45,Female,241778.37,256.04329383,0.001059,45-54
2014,45,Male,240625.81,483.89850391000004,0.002011,45-54
2014,46,Female,240543.46,324.97421446,0.001351,45-54
2014,46,Male,239499.31,490.9735855,0.00205,45-54
2014,47,Female,244263.26,350.02925158,0.001433,45-54
2014,47,Male,244422.2,576.1031254000001,0.002357,45-54
2014,48,Female,254592.37,404.03809119,0.001587,45-54
2014,48,Male,256027.45,648.00547595,0.002531,45-54
2014,49,Female,271602.74,469.05793198,0.001727,45-54
2014,49,Male,273450.53,686.0873797700001,0.002509,45-54
2014,50,Female,278271.99,517.86417339,0.001861,45-54
2014,50,Male,280300.66,801.9401882599999,0.002861,45-54
2014,51,Female,281170.73,607.8911182599999,0.002162,45-54
2014,51,Male,283263.42,865.0864846799999,0.003054,45-54
2014,52,Female,277598.86,642.08616318,0.002313,45-54
2014,52,Male,278683.75,1045.90011375,0.003753,45-54
2014,53,Female,277647.69,711.05573409,0.002561,45-54
2014,53,Male,277905.25,1096.058306,0.003944,45-54
2014,54,Female,272723.85,811.8989014499999,0.002977,45-54
2014,54,Male,272147.65,1119.0711368000002,0.004112,45-54
2014,55,Female,269382.23,867.94954506,0.003222,55-64
2014,55,Male,268378.5,1284.996258,0.004788,55-64
2014,56,Female,263678.58,897.03452916,0.003402,55-64
2014,56,Male,262516.67,1423.89041808,0.005424,55-64
2014,57,Female,258538.64,1049.9254170400002,0.004061,55-64
2014,57,Male,256531.7,1459.9219047000001,0.005691,55-64
2014,58,Female,250134.43,1031.05412046,0.004122,55-64
2014,58,Male,247068.2,1554.058978,0.00629,55-64
2014,59,Female,246761.31,1039.1118764100001,0.004211,55-64
2014,59,Male,242242.2,1692.0617670000001,0.006985,55-64
2014,60,Female,238412.7,1191.1098491999999,0.004996,55-64
2014,60,Male,232319.43,1662.94247994,0.007158,55-64
2014,61,Female,227001.18,1251.9115077,0.005515,55-64
2014,61,Male,220419.22,1851.9622864399998,0.008402,55-64
2014,62,Female,217484.09,1262.93011063,0.005807,55-64
2014,62,Male,211183.98,2033.9129113800002,0.009631,55-64
2014,63,Female,213204.79,1309.0774106,0.00614,55-64
2014,63,Male,206722.15,2064.94755635,0.009989,55-64
2014,64,Female,207297.62,1412.94057792,0.006816,55-64
2014,64,Male,199933.83,2209.0688876699996,0.011049,55-64
2014,65,Female,203833.8,1495.9362581999999,0.007339,65-74
2014,65,Male,195358.14,2356.0191684,0.01206,65-74
2014,66,Female,200528.53,1542.0643957,0.00769,65-74
2014,66,Male,191266.61,2484.9357971199997,0.012992,65-74
2014,67,Female,198585.56,1817.057874,0.00915,65-74
2014,67,Male,188603.81,2681.9461782,0.01422,65-74
2014,68,Female,172301.23,1675.97406421,0.009727,65-74
2014,68,Male,162990.02,2442.0794696599996,0.014983,65-74
2014,69,Female,158874.78,1652.93321112,0.010404,65-74
2014,69,Male,149499.7,2483.0405173,0.016609,65-74
2014,70,Female,151942.76,1797.0270225200002,0.011827,65-74
2014,70,Male,141913.45,2698.0585114000005,0.019012,65-74
2014,71,Female,145965.78,2006.00771454,0.013743,65-74
2014,71,Male,134960.61,2751.9817985099994,0.020391,65-74
2014,72,Female,135625.3,2049.9764095,0.015115,65-74
2014,72,Male,123442.74,2847.9474545400003,0.023071,65-74
2014,73,Female,129456.67,2079.9803168900003,0.016067,65-74
2014,73,Male,115627.23,2880.0430448399998,0.024908,65-74
2014,74,Female,119405,2094.9607250000004,0.017545,65-74
2014,74,Male,105225.22,2870.96490248,0.027284,65-74
2014,75,Female,115100.96,2223.98074912,0.019322,75-84
2014,75,Male,100288.39,3026.0015914699998,0.030173,75-84
2014,76,Female,108584.42,2421.9754881,0.022305,75-84
2014,76,Male,93398.26,3109.97526148,0.033298,75-84
2014,77,Female,102952.22,2425.96611208,0.023564,75-84
2014,77,Male,87284.95,3154.04166825,0.036135,75-84
2014,78,Female,99532.79,2614.02966377,0.026263,75-84
2014,78,Male,82833.94,3373.9920440799997,0.040732,75-84
2014,79,Female,95005.26,2898.04045104,0.030504,75-84
2014,79,Male,77280.68,3597.0292506,0.046545,75-84
2014,80,Female,88799.02,3072.97888612,0.034606,75-84
2014,80,Male,70166.72,3812.99989824,0.054342,75-84
2014,81,Female,86700.37,3385.0425459099997,0.039043,75-84
2014,81,Male,66219.54,3892.9805370599997,0.058789,75-84
2014,82,Female,83217.86,3648.0213288200002,0.043837,75-84
2014,82,Male,61825.78,4115.00026524,0.066558,75-84
2014,83,Female,78622.9,4100.970464,0.05216,75-84
2014,83,Male,56823.27,4110.0271191,0.07233,75-84
2014,84,Female,73780.41,4254.03087978,0.057658,75-84
2014,84,Male,50746.35,4176.98281485,0.082311,75-84
2014,85,Female,67387.35,4235.968821,0.06286,85+
2014,85,Male,43752.45,4115.0054273999995,0.094052,85+
2014,86,Female,62255.05,4575.9951952,0.073504,85+
2014,86,Male,38515.16,3993.9835768400003,0.103699,85+
2014,87,Female,56103.82,4730.000856559999,0.084308,85+
2014,87,Male,32589.69,3875.01191007,0.118903,85+
2014,88,Female,51200.84,4993.97633108,0.097537,85+
2014,88,Male,27712.82,3741.00899744,0.134992,85+
2014,89,Female,45819.01,5094.02007477,0.111177,85+
2014,89,Male,23010.02,3433.9923747800003,0.149239,85+
2014,90,Female,39425.17,4935.99185883,0.125199,85+
2014,90,Male,18482.42,3034.9981881999997,0.16421,85+
2014,91,Female,33944.26,4738.007699320001,0.139582,85+
2014,91,Male,14780.55,2885.0007739499997,0.195189,85+
2014,92,Female,28906.31,4502.01325095,0.155745,85+
2014,92,Male,11858.93,2415.99609104,0.203728,85+
2014,93,Female,23474.09,4077.9893370699997,0.173723,85+
2014,93,Male,8944.16,2112.00238912,0.236132,85+
2014,94,Female,17587.32,3525.00896028,0.200429,85+
2014,94,Male,6032.91,1675.00126404,0.277644,85+
2014,95,Female,12832,2807,0.21875,85+
2014,95,Male,3935.49,1106.9982401399998,0.281286,85+
2014,96,Female,9514.55,2362.9955797999996,0.248356,85+
2014,96,Male,2697,865.000719,0.320727,85+
2014,97,Female,6868.75,1935.9984,0.281856,85+
2014,97,Male,1845.51,599.99929263,0.325113,85+
2014,98,Female,5029.48,1557.0012709999999,0.309575,85+
2014,98,Male,1245.43,458.00065535,0.367745,85+
2014,99,Female,3614.53,1176.9994039,0.32563,85+
2014,99,Male,821.49,327.99877677,0.399273,85+
2014,100,Female,2434.2,900.9996564,0.370142,85+
2014,100,Male,517.91,232.99994034999997,0.449885,85+
2015,0,Female,186468.8,799.951152,0.00429,0
2015,0,Male,195748.44,937.04778228,0.004787,0
2015,1,Female,187488.34,53.99664192,2.88e-4,1-4
2015,1,Male,196699.32,73.95894432,3.76e-4,1-4
2015,2,Female,188989.3,30.049298699999994,1.59e-4,1-4
2015,2,Male,198305.67,34.90179792,1.76e-4,1-4
2015,3,Female,189563.95,18.008575250000003,9.5e-5,1-4
2015,3,Male,198125.54,32.09633748,1.62e-4,1-4
2015,4,Female,191409.91,14.92997298,7.8e-5,1-4
2015,4,Male,199512.85,30.92449175,1.55e-4,1-4
2015,5,Female,193783.8,17.0529744,8.8e-5,5-14
2015,5,Male,201811.49,19.979337509999997,9.9e-5,5-14
2015,6,Female,196059.16,19.01773852,9.7e-5,5-14
2015,6,Male,203822.9,20.993758699999997,1.03e-4,5-14
2015,7,Female,196093.2,9.0202872,4.6e-5,5-14
2015,7,Male,203310.24,17.07806016,8.4e-5,5-14
2015,8,Female,191998.74,13.05591432,6.8e-5,5-14
2015,8,Male,199189.86,15.9351888,8e-5,5-14
2015,9,Female,187204.95,18.90769995,1.01e-4,5-14
2015,9,Male,194319.82,15.93422524,8.2e-5,5-14
2015,10,Female,185713.24,10.028514959999999,5.4e-5,5-14
2015,10,Male,193201.88,17.96777484,9.3e-5,5-14
2015,11,Female,185835.1,18.0260047,9.7e-5,5-14
2015,11,Male,193441.48,13.927786560000001,7.2e-5,5-14
2015,12,Female,184274.09,21.92861671,1.19e-4,5-14
2015,12,Male,192072.32,23.0486784,1.2e-4,5-14
2015,13,Female,184483.7,21.953560300000003,1.19e-4,5-14
2015,13,Male,193481.33,27.087386199999997,1.4e-4,5-14
2015,14,Female,186969.14,28.045371,1.5e-4,5-14
2015,14,Male,197319.57,37.09607916,1.88e-4,5-14
2015,15,Female,193707.39,34.092500640000004,1.76e-4,15-24
2015,15,Male,205385.27,35.94242225,1.75e-4,15-24
2015,16,Female,195523.52,33.04347488,1.69e-4,15-24
2015,16,Male,207467.71,48.962379559999995,2.36e-4,15-24
2015,17,Female,200140.93,50.0352325,2.5e-4,15-24
2015,17,Male,212774.93,101.91919146999999,4.79e-4,15-24
2015,18,Female,207665.13,62.09187387,2.99e-4,15-24
2015,18,Male,222201.85,111.98973240000001,5.04e-4,15-24
2015,19,Female,218387.23,63.98745839000001,2.93e-4,15-24
2015,19,Male,235369.6,157.9330016,6.71e-4,15-24
2015,20,Female,224216.04,60.08989872,2.68e-4,15-24
2015,20,Male,243285.37,157.89220512999998,0.00064899999999999995,15-24
2015,21,Female,226282.88,68.11114688,3.01e-4,15-24
2015,21,Male,245421.04,182.10241168000002,7.42e-4,15-24
2015,22,Female,229491.2,87.8951296,3.83e-4,15-24
2015,22,Male,247934.95,171.0751155,6.9e-4,15-24
2015,23,Female,235457.65,76.99465154999999,3.27e-4,15-24
2015,23,Male,253463.47,209.10736275,8.25e-4,15-24
2015,24,Female,238956.71,82.91797836999999,3.47e-4,15-24
2015,24,Male,256156.74,177.00430734,6.91e-4,15-24
2015,25,Female,242512.09,92.88213046999999,3.83e-4,25-34
2015,25,Male,257923.27,207.88615561999998,8.06e-4,25-34
2015,26,Female,237206.91,78.04107339,3.29e-4,25-34
2015,26,Male,249726.61,213.01679833,8.53e-4,25-34
2015,27,Female,233957.36,91.00941304,3.89e-4,25-34
2015,27,Male,242826.96,237.97042079999997,9.8e-4,25-34
2015,28,Female,237689.57,92.93662187000001,3.91e-4,25-34
2015,28,Male,244586.46,181.97232624,7.44e-4,25-34
2015,29,Female,242083.43,85.93961765,3.55e-4,25-34
2015,29,Male,248084.78,220.05119986,8.87e-4,25-34
2015,30,Female,244859.79,102.10653243,4.17e-4,25-34
2015,30,Male,249110.6,227.93619900000002,9.15e-4,25-34
2015,31,Female,246031.77,123.015885,5e-4,25-34
2015,31,Male,247885.43,213.92512609000002,8.63e-4,25-34
2015,32,Female,246382.24,103.97330528,4.22e-4,25-34
2015,32,Male,246087.11,216.06448257999998,8.78e-4,25-34
2015,33,Female,246852.34,124.90728404000001,5.06e-4,25-34
2015,33,Male,245271.39,236.93216274,9.66e-4,25-34
2015,34,Female,247523.84,123.01934848,4.97e-4,25-34
2015,34,Male,245398.54,236.07339548,9.62e-4,25-34
2015,35,Female,244406.65,126.1138314,5.16e-4,35-44
2015,35,Male,240937.56,237.08255904,9.84e-4,35-44
2015,36,Female,241494.47,134.02943085,5.55e-4,35-44
2015,36,Male,236908.23,233.11769832000002,9.84e-4,35-44
2015,37,Female,237503.74,133.95210936,5.64e-4,35-44
2015,37,Male,232819.12,257.96358496,0.001108,35-44
2015,38,Female,236673.58,150.05104972,6.34e-4,35-44
2015,38,Male,231900.91,247.90207279000003,0.001069,35-44
2015,39,Female,238571.45,154.1171567,6.46e-4,35-44
2015,39,Male,234083.89,261.93987291,0.001119,35-44
2015,40,Female,236409.3,173.05160759999998,7.32e-4,35-44
2015,40,Male,232025.84,281.9113956,0.001215,35-44
2015,41,Female,232013.34,208.11596598,8.97e-4,35-44
2015,41,Male,227868.43,322.88956531,0.001417,35-44
2015,42,Female,233495.38,219.01866644,9.38e-4,35-44
2015,42,Male,230459.53,338.08413051,0.001467,35-44
2015,43,Female,235377.7,220.0781495,9.35e-4,35-44
2015,43,Male,233356.11,322.03143179999995,0.00138,35-44
2015,44,Female,245615.51,274.10690916000004,0.001116,35-44
2015,44,Male,244039.07,470.01924882000003,0.001926,35-44
2015,45,Female,243820.94,280.88172288,0.001152,45-54
2015,45,Male,242271.14,485.02682228,0.002002,45-54
2015,46,Female,242655.58,303.07681941999994,0.001249,45-54
2015,46,Male,240720.65,477.1083282999999,0.001982,45-54
2015,47,Female,241268.45,313.89025345000005,0.001301,45-54
2015,47,Male,239525.61,504.91998588,0.002108,45-54
2015,48,Female,245019.84,360.91422431999996,0.001473,45-54
2015,48,Male,244326.3,568.0586474999999,0.002325,45-54
2015,49,Female,255521.35,408.06759595,0.001597,45-54
2015,49,Male,256253.67,691.8849090000001,0.0027,45-54
2015,50,Female,272484.64,586.1144606400001,0.002151,45-54
2015,50,Male,273333.01,795.1257260900001,0.002909,45-54
2015,51,Female,278495.91,587.90486601,0.002111,45-54
2015,51,Male,279835.38,910.0246557600001,0.003252,45-54
2015,52,Female,281358.83,644.03036187,0.002289,45-54
2015,52,Male,282490.7,972.0504987,0.003441,45-54
2015,53,Female,277433.04,716.88697536,0.002584,45-54
2015,53,Male,277501.92,1073.9324304,0.00387,45-54
2015,54,Female,277836.32,791.00000304,0.002847,45-54
2015,54,Male,277159.66,1136.07744634,0.004099,45-54
2015,55,Female,272379.69,853.09318908,0.003132,55-64
2015,55,Male,270750.36,1316.1174999599998,0.004861,55-64
2015,56,Female,269227.2,957.102696,0.003555,55-64
2015,56,Male,267054.99,1326.99624531,0.004969,55-64
2015,57,Female,263607.68,988.00158464,0.003748,55-64
2015,57,Male,261354.92,1487.89355956,0.005693,55-64
2015,58,Female,258363.39,1066.00734714,0.004126,55-64
2015,58,Male,254936.65,1653.0092386000001,0.006484,55-64
2015,59,Female,249924.64,1056.9313025600002,0.004229,55-64
2015,59,Male,245474.8,1671.9288628,0.006811,55-64
2015,60,Female,246744.47,1262.09796405,0.005115,55-64
2015,60,Male,240680.07,1844.0906963400002,0.007662,55-64
2015,61,Female,237974.05,1320.99395155,0.005551,55-64
2015,61,Male,230382.67,1981.0605793300003,0.008599,55-64
2015,62,Female,226546.02,1262.9940615,0.005575,55-64
2015,62,Male,218524.93,1971.0948686,0.00902,55-64
2015,63,Female,216996,1341.903264,0.006184,55-64
2015,63,Male,209321.45,2081.9111417,0.009946,55-64
2015,64,Female,212605.19,1519.0640825500002,0.007145,55-64
2015,64,Male,204791.12,2142.9342796799997,0.010464,55-64
2015,65,Female,206226.71,1538.03880318,0.007458,65-74
2015,65,Male,197546.09,2289.95427528,0.011592,65-74
2015,66,Female,202579.06,1627.92532616,0.008036,65-74
2015,66,Male,192746.6,2534.0395502,0.013147,65-74
2015,67,Female,199325.78,1728.9518157199998,0.008674,65-74
2015,67,Male,188869.78,2637.94421726,0.013967,65-74
2015,68,Female,196972.12,2011.0853452000001,0.01021,65-74
2015,68,Male,185818.52,2691.9528992399996,0.014487,65-74
2015,69,Female,169539.35,1802.03375115,0.010629,65-74
2015,69,Male,159391.87,2633.9506517500004,0.016525,65-74
2015,70,Female,157220.76,1946.0785672800002,0.012378,65-74
2015,70,Male,147082.33,2582.03030315,0.017555,65-74
2015,71,Female,150027.63,2016.97145772,0.013444,65-74
2015,71,Male,139464.26,2840.0501906400004,0.020364,65-74
2015,72,Female,143616.31,2133.99475029,0.014859,65-74
2015,72,Male,132209.51,2843.03330304,0.021504,65-74
2015,73,Female,133086.62,2163.9884412,0.01626,65-74
2015,73,Male,120462.66,3033.0088534799997,0.025178,65-74
2015,74,Female,126966.57,2185.98343569,0.017217,65-74
2015,74,Male,112642.17,2944.01575512,0.026136,65-74
2015,75,Female,116733.76,2315.9977983999997,0.01984,75-84
2015,75,Male,102062.42,3009.0042664400003,0.029482,75-84
2015,76,Female,112286.26,2467.04141846,0.021971,75-84
2015,76,Male,97134.51,3227.9740363199994,0.033232,75-84
2015,77,Female,105577.1,2639.0051916,0.024996,75-84
2015,77,Male,90036.43,3253.0162159,0.03613,75-84
2015,78,Female,99901.22,2670.95901792,0.026736,75-84
2015,78,Male,83802.6,3291.0119046000004,0.039271,75-84
2015,79,Female,96414.63,2825.0450736300004,0.029301,75-84
2015,79,Male,79307.22,3560.02179858,0.044889,75-84
2015,80,Female,91468.63,3217.0431857300005,0.035171,75-84
2015,80,Male,73383.21,3721.9964112000002,0.05072,75-84
2015,81,Female,85398.73,3324.9995525499994,0.038935,75-84
2015,81,Male,66351.07,3759.9824347600006,0.056668,75-84
2015,82,Female,83167.92,3761.01967824,0.045222,75-84
2015,82,Male,62225.83,4086.9925144000003,0.06568,75-84
2015,83,Female,79253.73,3995.9730665999996,0.05042,75-84
2015,83,Male,57669.04,4287.0010955200005,0.074338,75-84
2015,84,Female,74469.5,4365.0297425,0.058615,75-84
2015,84,Male,52532.25,4340.004366,0.082616,75-84
2015,85,Female,69407.3,4397.9935645000005,0.063365,85+
2015,85,Male,46444.53,4359.98025375,0.093875,85+
2015,86,Female,62956.36,4584.98578608,0.072828,85+
2015,86,Male,39619.21,4111.99856748,0.103788,85+
2015,87,Female,57540.42,4822.98046398,0.083819,85+
2015,87,Male,34414.17,4101.99699315,0.119195,85+
2015,88,Female,51265.19,4808.00837453,0.093787,85+
2015,88,Male,28723.95,3796.99022655,0.132189,85+
2015,89,Female,46218.57,4884.97931901,0.105693,85+
2015,89,Male,24015.88,3634.99556504,0.151358,85+
2015,90,Female,40821.09,4900.00035924,0.120036,85+
2015,90,Male,19645.91,3284.0103156,0.16716,85+
2015,91,Female,34515.99,4803.003556469999,0.139153,85+
2015,91,Male,15418.48,2986.00451072,0.193664,85+
2015,92,Female,29255.67,4591.99921887,0.156961,85+
2015,92,Male,12097.75,2581.998587,0.213428,85+
2015,93,Female,24458.55,4342.00408875,0.177525,85+
2015,93,Male,9463.21,2162.00280944,0.228464,85+
2015,94,Female,19431.4,3789.997413,0.195045,85+
2015,94,Male,6956.08,1736.0010612800002,0.249566,85+
2015,95,Female,14258.82,3216.0055568999996,0.225545,85+
2015,95,Male,4591.57,1305.99862138,0.284434,85+
2015,96,Female,10111.83,2462.99910408,0.243576,85+
2015,96,Male,2920.66,873.9987430199999,0.299247,85+
2015,97,Female,7278.89,2002.0004633800002,0.275042,85+
2015,97,Male,1936.17,654.00143877,0.337781,85+
2015,98,Female,5084.92,1547.0004663599998,0.304233,85+
2015,98,Male,1301.01,473.00039964,0.363564,85+
2015,99,Female,3656.32,1175.00230784,0.321362,85+
2015,99,Male,846.26,316.00025408,0.373408,85+
2015,100,Female,2541.69,962.9980488900001,0.378881,85+
2015,100,Male,541.83,231.00163488,0.426336,85+
2016,0,Female,186456.23,828.05211743,0.004441,0
2016,0,Male,195980.13,913.07142567,0.004659,0
2016,1,Female,188028.39,55.09231827000001,2.93e-4,1-4
2016,1,Male,197100.98,65.0433234,3.3e-4,1-4
2016,2,Female,189551.55,22.93573755,1.21e-4,1-4
2016,2,Male,198667.92,35.958893520000004,1.81e-4,1-4
2016,3,Female,191309.15,23.91364375,1.25e-4,1-4
2016,3,Male,200265.95,28.037233,1.4e-4,1-4
2016,4,Female,191910.13,20.918204170000003,1.09e-4,1-4
2016,4,Male,200345.26,35.0604205,1.75e-4,1-4
2016,5,Female,193927.54,21.91381202,1.13e-4,5-14
2016,5,Male,201953.11,17.973826789999997,8.9e-5,5-14
2016,6,Female,196381.66,21.01283762,1.07e-4,5-14
2016,6,Male,204285.77,12.052860429999999,5.9e-5,5-14
2016,7,Female,198642.34,12.9117521,6.5e-5,5-14
2016,7,Male,206036.64,16.07085792,7.8e-5,5-14
2016,8,Female,198114.32,17.03783152,8.6e-5,5-14
2016,8,Male,205286.99,17.038820169999997,8.3e-5,5-14
2016,9,Female,194254.95,11.07253215,5.7e-5,5-14
2016,9,Male,201082.98,16.086638400000002,8e-5,5-14
2016,10,Female,189426.46,11.93386698,6.3e-5,5-14
2016,10,Male,196376.37,21.01227159,1.07e-4,5-14
2016,11,Female,188198.55,13.926692699999998,7.4e-5,5-14
2016,11,Male,195452.38,25.01790464,1.28e-4,5-14
2016,12,Female,187994.74,12.971637059999999,6.9e-5,5-14
2016,12,Male,195265.64,26.94665832,1.38e-4,5-14
2016,13,Female,186740.84,28.9448302,1.55e-4,5-14
2016,13,Male,194536.31,35.98921735,1.85e-4,5-14
2016,14,Female,187326.58,38.96392863999999,2.08e-4,5-14
2016,14,Male,196269.85,25.907620200000004,1.32e-4,5-14
2016,15,Female,190676.12,36.99116728,1.94e-4,15-24
2016,15,Male,201052.66,42.020005940000004,2.09e-4,15-24
2016,16,Female,198037.73,32.08211226,1.62e-4,15-24
2016,16,Male,209728.3,53.0612599,2.53e-4,15-24
2016,17,Female,200068.2,40.01364,2e-4,15-24
2016,17,Male,212375.96,83.03900036,3.91e-4,15-24
2016,18,Female,206227.73,56.91885348,2.76e-4,15-24
2016,18,Male,220198.67,118.02648712000001,5.36e-4,15-24
2016,19,Female,216062.34,65.03476434,3.01e-4,15-24
2016,19,Male,232888.24,159.99422088,6.87e-4,15-24
2016,20,Female,222670.85,69.0279635,3.1e-4,15-24
2016,20,Male,241198.62,185.96413601999998,7.71e-4,15-24
2016,21,Female,227342.83,73.88641974999999,3.25e-4,15-24
2016,21,Male,246825.47,175.98656011,7.13e-4,15-24
2016,22,Female,228438.73,63.962844399999994,2.8e-4,15-24
2016,22,Male,248647.95,180.02111580000002,7.24e-4,15-24
2016,23,Female,232167.14,80.09766330000001,3.45e-4,15-24
2016,23,Male,251873.16,177.06683148,7.03e-4,15-24
2016,24,Female,238016.08,80.9254672,3.4e-4,15-24
2016,24,Male,256919.31,208.10464109999998,8.1e-4,15-24
2016,25,Female,241549.39,95.89510783,3.97e-4,25-34
2016,25,Male,258734.19,225.0987453,8.7e-4,25-34
2016,26,Female,244557.1,79.9701717,3.27e-4,25-34
2016,26,Male,259986.38,230.08794630000003,8.85e-4,25-34
2016,27,Female,240126.13,91.00780327,3.79e-4,25-34
2016,27,Male,252212.31,241.11496836,9.56e-4,25-34
2016,28,Female,237372.28,93.99942288,3.96e-4,25-34
2016,28,Male,245957.03,212.01495986,8.62e-4,25-34
2016,29,Female,241061.98,87.9876227,3.65e-4,25-34
2016,29,Male,247952.21,238.0341216,9.6e-4,25-34
2016,30,Female,245182.09,116.95185692999999,4.77e-4,25-34
2016,30,Male,251047.82,273.89317162,0.001091,25-34
2016,31,Female,247771.51,102.08186212,4.12e-4,25-34
2016,31,Male,251941.39,221.96036459,8.81e-4,25-34
2016,32,Female,248644.81,135.01413183,5.43e-4,25-34
2016,32,Male,250536.4,253.041764,0.00101,25-34
2016,33,Female,248519.54,128.98164126,5.19e-4,25-34
2016,33,Male,248230.83,248.97552248999997,0.001003,25-34
2016,34,Female,249308.36,114.93115395999999,4.61e-4,25-34
2016,34,Male,247508.89,274.98237679,0.001111,25-34
2016,35,Female,249388.37,147.88730341,5.93e-4,35-44
2016,35,Male,246592.29,263.11397343,0.001067,35-44
2016,36,Female,246268.76,153.917975,6.25e-4,35-44
2016,36,Male,242258.11,281.01940759999997,0.00116,35-44
2016,37,Female,243193.76,153.94165008000002,6.33e-4,35-44
2016,37,Male,238129.17,285.04061649,0.001197,35-44
2016,38,Female,239397.37,169.01454322,7.06e-4,35-44
2016,38,Male,234013.4,270.05146360000003,0.001154,35-44
2016,39,Female,238185.86,176.01935053999998,7.39e-4,35-44
2016,39,Male,232899.73,256.88840219,0.001103,35-44
2016,40,Female,240119.1,189.9342081,7.91e-4,35-44
2016,40,Male,234890.1,322.9738875,0.001375,35-44
2016,41,Female,237376.41,186.10310544,7.84e-4,35-44
2016,41,Male,232415.21,340.95311307,0.001467,35-44
2016,42,Female,233520.69,212.97086928000002,9.12e-4,35-44
2016,42,Male,228952.11,353.04415362,0.001542,35-44
2016,43,Female,234776.91,246.04620168000002,0.001048,35-44
2016,43,Male,231170.28,346.98659028,0.001501,35-44
2016,44,Female,236781.82,282.95427490000003,0.001195,35-44
2016,44,Male,234238.01,412.02465959,0.001759,35-44
2016,45,Female,245833.19,281.97066893,0.001147,45-54
2016,45,Male,243767.76,488.99812656,0.002006,45-54
2016,46,Female,244608.47,314.07727548,0.001284,45-54
2016,46,Male,242502.86,491.06829149999993,0.002025,45-54
2016,47,Female,243277.34,352.02231098,0.001447,45-54
2016,47,Male,240836.98,537.0664654000001,0.00223,45-54
2016,48,Female,242021.81,392.0753322,0.00162,45-54
2016,48,Male,239662.3,602.0316975999999,0.002512,45-54
2016,49,Female,245982.04,454.08284584,0.001846,45-54
2016,49,Male,244824.75,638.0132984999999,0.002606,45-54
2016,50,Female,256313.14,498.01643102,0.001943,45-54
2016,50,Male,256079.81,753.89896064,0.002944,45-54
2016,51,Female,272191.55,609.98126355,0.002241,45-54
2016,51,Male,272506.7,890.0068822,0.003266,45-54
2016,52,Female,278406.07,670.9586287,0.00241,45-54
2016,52,Male,278960.36,964.9238852399999,0.003459,45-54
2016,53,Female,280996.39,735.92954541,0.002619,45-54
2016,53,Male,281067.17,1057.09362637,0.003761,45-54
2016,54,Female,277722.37,782.8993610299999,0.002819,45-54
2016,54,Male,277036.64,1184.05459936,0.004274,45-54
2016,55,Female,277119.39,854.91331815,0.003085,55-64
2016,55,Male,275465.35,1363.0025518,0.004948,55-64
2016,56,Female,272045.36,905.09491272,0.003327,55-64
2016,56,Male,269382.52,1356.8797532400001,0.005037,55-64
2016,57,Female,269049.17,1010.0105841799999,0.003754,55-64
2016,57,Male,265981.94,1499.87215966,0.005639,55-64
2016,58,Female,263227.75,1070.02080375,0.004065,55-64
2016,58,Male,259642.92,1613.94039072,0.006216,55-64
2016,59,Female,257951.48,1115.89810248,0.004326,55-64
2016,59,Male,253342.25,1709.0468185,0.006746,55-64
2016,60,Female,249895.65,1208.9951547,0.004838,55-64
2016,60,Male,244055.09,1837.0026624299999,0.007527,55-64
2016,61,Female,245980.74,1297.0564420199998,0.005273,55-64
2016,61,Male,238593.43,1982.94999673,0.008311,55-64
2016,62,Female,237506.8,1319.1127672,0.005554,55-64
2016,62,Male,228470.3,2031.100967,0.00889,55-64
2016,63,Female,226081.63,1412.10586098,0.006246,55-64
2016,63,Male,216753.5,2117.0314344999997,0.009767,55-64
2016,64,Female,216551.01,1474.9289291100001,0.006811,55-64
2016,64,Male,207631.81,2287.06438715,0.011015,55-64
2016,65,Female,211628.87,1582.9839476,0.00748,65-74
2016,65,Male,202501.22,2379.99683866,0.011753,65-74
2016,66,Female,205109.7,1600.0607697,0.007801,65-74
2016,66,Male,195092.1,2605.0648113,0.013353,65-74
2016,67,Female,201393.64,1768.03476556,0.008779,65-74
2016,67,Male,190493.49,2672.05218423,0.014027,65-74
2016,68,Female,197880.03,1898.06524776,0.009592,65-74
2016,68,Male,186219.05,2700.9211011999996,0.014504,65-74
2016,69,Female,193643.19,2152.92498642,0.011118,65-74
2016,69,Male,181545.51,3012.9292839600002,0.016596,65-74
2016,70,Female,168391.93,1923.0358405999998,0.01142,65-74
2016,70,Male,157250.89,2810.0734043,0.01787,65-74
2016,71,Female,155611.52,1968.0188934399998,0.012647,65-74
2016,71,Male,144737.27,2843.94261823,0.019649,65-74
2016,72,Female,147840.84,2201.05442592,0.014888,65-74
2016,72,Male,136715.06,2925.0187087,0.021395,65-74
2016,73,Female,141129.99,2357.01196299,0.016701,65-74
2016,73,Male,129133.21,3127.9937458300005,0.024223,65-74
2016,74,Female,130851.66,2341.98301068,0.017898,65-74
2016,74,Male,117659,2937.0039580000002,0.024962,65-74
2016,75,Female,124294.35,2436.04496565,0.019599,75-84
2016,75,Male,109481.33,3179.00937921,0.029037,75-84
2016,76,Female,114138.43,2461.05282766,0.021562,75-84
2016,76,Male,99117,3187.008018,0.032154,75-84
2016,77,Female,109478.33,2607.99277726,0.023822,75-84
2016,77,Male,93805.22,3332.9932718200002,0.035531,75-84
2016,78,Female,102655.07,2766.04086115,0.026945,75-84
2016,78,Male,86550.16,3317.034882,0.038325,75-84
2016,79,Female,96985.07,3011.96833392,0.031056,75-84
2016,79,Male,80433.02,3575.0064399400003,0.044447,75-84
2016,80,Female,92995.28,3158.95666632,0.033969,75-84
2016,80,Male,75488.45,3772.9882194499996,0.049981,75-84
2016,81,Female,87981.97,3293.95697483,0.037439,75-84
2016,81,Male,69599.73,3700.96564275,0.053175,75-84
2016,82,Female,82054.65,3438.9924361499993,0.041911,75-84
2016,82,Male,62539.08,3802.00082952,0.060794,75-84
2016,83,Female,79382.16,3859.0049440800003,0.048613,75-84
2016,83,Male,58150.22,4096.9737501,0.070455,75-84
2016,84,Female,75141.79,4141.965748379999,0.055122,75-84
2016,84,Male,53435.91,4310.99547516,0.080676,75-84
2016,85,Female,70162.15,4314.9722249999995,0.0615,85+
2016,85,Male,48202.46,4290.9829892,0.08902,85+
2016,86,Female,64981.72,4568.01997084,0.070297,85+
2016,86,Male,42221.67,4211.99157753,0.099759,85+
2016,87,Female,58331.12,4663.98136184,0.079957,85+
2016,87,Male,35498.78,4083.99264388,0.115046,85+
2016,88,Female,52773.86,4785.0058862000005,0.09067,85+
2016,88,Male,30402.43,3999.98691024,0.131568,85+
2016,89,Female,46508.53,4766.98479941,0.102497,85+
2016,89,Male,25006.47,3515.00944908,0.140564,85+
2016,90,Female,41421.78,4881.01828986,0.117837,85+
2016,90,Male,20567.47,3392.0077198700005,0.164921,85+
2016,91,Female,35992.94,4757.006915100001,0.132165,85+
2016,91,Male,16493.91,3021.99769629,0.183219,85+
2016,92,Female,29903.91,4525.98668241,0.151351,85+
2016,92,Male,12704.8,2570.9941471999996,0.202364,85+
2016,93,Female,24866.85,4228.0110381,0.170026,85+
2016,93,Male,9749.04,2192.00340072,0.224843,85+
2016,94,Female,20403.17,3775.99426873,0.185069,85+
2016,94,Male,7457.76,1833.99742368,0.245918,85+
2016,95,Female,15891.67,3398.0045544100003,0.213823,85+
2016,95,Male,5333.9,1508.000208,0.28272,85+
2016,96,Female,11355.32,2788.00358768,0.245524,85+
2016,96,Male,3422.41,1088.0012510499998,0.317905,85+
2016,97,Female,7843.83,2054.99717787,0.261989,85+
2016,97,Male,2117.49,692.99942226,0.327274,85+
2016,98,Female,5522.89,1508.0030229400002,0.273046,85+
2016,98,Male,1376.33,505.99809018999997,0.367643,85+
2016,99,Female,3741.42,1225.00077072,0.327416,85+
2016,99,Male,899.18,338.00086281999995,0.375899,85+
2016,100,Female,2606.48,944.99756936000006,0.362557,85+
2016,100,Male,570.93,238.00130538,0.416866,85+
2017,0,Female,184703.23,777.9700047599999,0.004212,0
2017,0,Male,194621.75,950.9218705,0.004886,0
2017,1,Female,188027.76,40.04991288,2.13e-4,1-4
2017,1,Male,197547.31,64.99306499,3.29e-4,1-4
2017,2,Female,189974.3,30.015939399999997,1.58e-4,1-4
2017,2,Male,199164.78,33.06135348,1.66e-4,1-4
2017,3,Female,191713.37,18.02105678,9.4e-5,1-4
2017,3,Male,200788.04,27.90953756,1.39e-4,1-4
2017,4,Female,193628.23,19.94370769,1.03e-4,1-4
2017,4,Male,202652.68,22.08914212,1.09e-4,1-4
2017,5,Female,194284.93,14.95993961,7.7e-5,5-14
2017,5,Male,202862.42,24.952077660000004,1.23e-4,5-14
2017,6,Female,196356.61,20.02837422,1.02e-4,5-14
2017,6,Male,204540.26,21.06764678,1.03e-4,5-14
2017,7,Female,198719.58,12.916772699999997,6.5e-5,5-14
2017,7,Male,206638.77,10.95185481,5.3e-5,5-14
2017,8,Female,200687.34,16.0549872,8e-5,5-14
2017,8,Male,208298.31,12.914495220000001,6.2e-5,5-14
2017,9,Female,200198.22,17.0168487,8.5e-5,5-14
2017,9,Male,207360.84,15.96678468,7.7e-5,5-14
2017,10,Female,196275.12,11.97278232,6.1e-5,5-14
2017,10,Male,203197.66,18.08459174,8.9e-5,5-14
2017,11,Female,191482.73,8.04227466,4.2e-5,5-14
2017,11,Male,198460.24,17.06758064,8.6e-5,5-14
2017,12,Female,190049.6,26.987043200000002,1.42e-4,5-14
2017,12,Male,197273.06,18.93821376,9.6e-5,5-14
2017,13,Female,190002.85,23.940359100000002,1.26e-4,5-14
2017,13,Male,197393.69,23.09506173,1.17e-4,5-14
2017,14,Female,189122.13,20.99255643,1.11e-4,5-14
2017,14,Male,197008.48,34.082467040000004,1.73e-4,5-14
2017,15,Female,190566.74,28.013310779999998,1.47e-4,15-24
2017,15,Male,199588.91,54.088594609999994,2.71e-4,15-24
2017,16,Female,195018.85,41.92905275,2.15e-4,15-24
2017,16,Male,205297.89,76.98670875,3.75e-4,15-24
2017,17,Female,203080.36,46.099241719999995,2.27e-4,15-24
2017,17,Male,214846.14,94.96199388000001,4.42e-4,15-24
2017,18,Female,208164.13,57.03697162,2.74e-4,15-24
2017,18,Male,221780.86,125.97152848,5.68e-4,15-24
2017,19,Female,217723.49,77.07411545999999,3.54e-4,15-24
2017,19,Male,234742.34,153.99097504,6.56e-4,15-24
2017,20,Female,222888.35,67.98094675,3.05e-4,15-24
2017,20,Male,241728.81,156.88199769,0.00064899999999999995,15-24
2017,21,Female,227862.93,59.927950589999995,2.63e-4,15-24
2017,21,Male,247029.23,172.92046100000002,7e-4,15-24
2017,22,Female,231780.19,85.99045049,3.71e-4,15-24
2017,22,Male,252498.02,229.01570414,9.07e-4,15-24
2017,23,Female,233622.11,92.98159978,3.98e-4,15-24
2017,23,Male,254909.55,227.8891377,8.94e-4,15-24
2017,24,Female,237171.73,92.97131816,3.92e-4,15-24
2017,24,Male,257189.46,229.92737724,8.94e-4,15-24
2017,25,Female,242905.17,110.03604201,4.53e-4,25-34
2017,25,Male,261039.55,238.0680696,9.12e-4,25-34
2017,26,Female,245995.62,92.00236188,3.74e-4,25-34
2017,26,Male,262263.44,254.92006368,9.72e-4,25-34
2017,27,Female,249455.86,98.03615298,3.93e-4,25-34
2017,27,Male,263686.31,277.92537074,0.001054,25-34
2017,28,Female,245069.21,106.11496792999999,4.33e-4,25-34
2017,28,Male,256116.46,275.06907804,0.001074,25-34
2017,29,Female,242142.57,123.97699584,5.12e-4,25-34
2017,29,Male,250138.01,273.90112095,0.001095,25-34
2017,30,Female,245725.9,103.9420557,4.23e-4,25-34
2017,30,Male,251999.72,286.0196822,0.001135,25-34
2017,31,Female,249445.84,131.95684935999998,5.29e-4,25-34
2017,31,Male,255087.85,269.11768175,0.001055,25-34
2017,32,Female,251497.77,123.98840060999999,4.93e-4,25-34
2017,32,Male,255643.23,322.11046980000003,0.00126,25-34
2017,33,Female,251971.68,145.89160271999998,5.79e-4,25-34
2017,33,Male,253983.26,306.0498283,0.001205,25-34
2017,34,Female,251891.71,141.05935759999997,5.6e-4,25-34
2017,34,Male,251700.87,309.08866836,0.001228,25-34
2017,35,Female,252230.77,165.96784666,6.58e-4,35-44
2017,35,Male,250312.06,322.9025574,0.00129,35-44
2017,36,Female,252055,165.096025,6.55e-4,35-44
2017,36,Male,249215.93,309.0277532,0.00124,35-44
2017,37,Female,248565.85,138.94831015000003,5.59e-4,35-44
2017,37,Male,244529.63,324.00175975,0.001325,35-44
2017,38,Female,245458.23,151.93864437,6.19e-4,35-44
2017,38,Male,240239.82,340.90030458,0.001419,35-44
2017,39,Female,241244.53,170.07739365,7.05e-4,35-44
2017,39,Male,235853.34,341.98734299999995,0.00145,35-44
2017,40,Female,239949.78,190.04022576,7.92e-4,35-44
2017,40,Male,234447.22,327.99166078,0.001399,35-44
2017,41,Female,241400.44,182.98153352,7.58e-4,35-44
2017,41,Male,236083.45,355.0695088,0.001504,35-44
2017,42,Female,238821.9,201.0880398,8.42e-4,35-44
2017,42,Male,233801.65,371.04321855,0.001587,35-44
2017,43,Female,234778.32,232.90009344,9.92e-4,35-44
2017,43,Male,230033.07,374.03377182,0.001626,35-44
2017,44,Female,235952.31,272.99682267000003,0.001157,35-44
2017,44,Male,232155.16,390.0206688,0.00168,35-44
2017,45,Female,237261.64,268.1056532,0.00113,45-54
2017,45,Male,234566.33,486.02143576,0.002072,45-54
2017,46,Female,246503.83,349.04942328,0.001416,45-54
2017,46,Male,244180.34,534.0224035800001,0.002187,45-54
2017,47,Female,245109.92,350.01696576,0.001428,45-54
2017,47,Male,242772.03,554.97686058,0.002286,45-54
2017,48,Female,243759.24,398.05883891999997,0.001633,45-54
2017,48,Male,241019.12,597.96843672,0.002481,45-54
2017,49,Female,242500.74,421.9512876,0.00174,45-54
2017,49,Male,239862.96,650.98807344,0.002714,45-54
2017,50,Female,246245.37,461.95631412,0.001876,45-54
2017,50,Male,244615.93,696.9107845699999,0.002849,45-54
2017,51,Female,256065.71,490.10976894,0.001914,45-54
2017,51,Male,255446.11,799.03543208,0.003128,45-54
2017,52,Female,271965.61,630.9602152,0.00232,45-54
2017,52,Male,271744.53,960.8886580800001,0.003536,45-54
2017,53,Female,278033.89,715.10316508,0.002572,45-54
2017,53,Male,277855.22,1165.88050312,0.004196,45-54
2017,54,Female,280893.99,815.9970409499999,0.002905,45-54
2017,54,Male,280366.18,1196.88322242,0.004269,45-54
2017,55,Female,277087.06,921.86864862,0.003327,55-64
2017,55,Male,275698.77,1229.06511666,0.004458,55-64
2017,56,Female,276649.66,914.88042562,0.003307,55-64
2017,56,Male,274184.69,1446.87260913,0.005277,55-64
2017,57,Female,271626.15,986.0029245000001,0.00363,55-64
2017,57,Male,268161.11,1559.08869354,0.005814,55-64
2017,58,Female,268533.81,1074.9408414299999,0.004003,55-64
2017,58,Male,264431.64,1600.8691485600002,0.006054,55-64
2017,59,Female,262694.6,1140.8826477999999,0.004343,55-64
2017,59,Male,258126.59,1743.90324204,0.006756,55-64
2017,60,Female,257561.21,1211.05280942,0.004702,55-64
2017,60,Male,251848.2,1825.8994500000001,0.00725,55-64
2017,61,Female,249134.6,1301.9774196,0.005226,55-64
2017,61,Male,242231.42,2014.8809515600003,0.008318,55-64
2017,62,Female,245430.61,1436.99622155,0.005855,55-64
2017,62,Male,236778.83,2171.97220759,0.009173,55-64
2017,63,Female,236851.6,1464.9271460000002,0.006185,55-64
2017,63,Male,226732.02,2216.07876348,0.009774,55-64
2017,64,Female,225401.82,1541.0722433400001,0.006837,55-64
2017,64,Male,214993.81,2241.95545068,0.010428,55-64
2017,65,Female,215631.56,1543.9219696,0.00716,65-74
2017,65,Male,205541.4,2383.0469916,0.011594,65-74
2017,66,Female,210577.05,1719.9933443999998,0.008168,65-74
2017,66,Male,200239.43,2474.9593548,0.01236,65-74
2017,67,Female,203975.26,1725.01877382,0.008457,65-74
2017,67,Male,192918.02,2548.0612081599998,0.013208,65-74
2017,68,Female,200036.25,1865.93814,0.009328,65-74
2017,68,Male,187982.71,2835.90716306,0.015086,65-74
2017,69,Female,195670.49,2080.95566115,0.010635,65-74
2017,69,Male,182966.19,2964.9671089500002,0.016205,65-74
2017,70,Female,192277.13,2319.05446493,0.012061,65-74
2017,70,Male,179027.78,3225.00642892,0.018014,65-74
2017,71,Female,166763.6,2140.0772788000004,0.012833,65-74
2017,71,Male,154711.67,3058.9591392400002,0.019772,65-74
2017,72,Female,153684.08,2245.01704064,0.014608,65-74
2017,72,Male,142013.51,3077.00672117,0.021667,65-74
2017,73,Female,145734.18,2352.00393102,0.016139,65-74
2017,73,Male,133787.11,3344.0088144499996,0.024995,65-74
2017,74,Female,138920.29,2481.9499011400003,0.017866,65-74
2017,74,Male,126186.08,3352.00702912,0.026564,65-74
2017,75,Female,128480.82,2561.00818506,0.019933,75-84
2017,75,Male,114592.4,3238.9541859999995,0.028265,75-84
2017,76,Female,121855.65,2629.03564875,0.021575,75-84
2017,76,Male,106429.65,3407.0259558,0.032012,75-84
2017,77,Female,111601.47,2691.04624611,0.024113,75-84
2017,77,Male,95910.98,3391.98771868,0.035366,75-84
2017,78,Female,106789.05,2833.9678089,0.026538,75-84
2017,78,Male,90429.12,3532.9752892799997,0.039069,75-84
2017,79,Female,99853.12,2876.96809344,0.028812,75-84
2017,79,Male,83174.26,3636.96086702,0.043727,75-84
2017,80,Female,93859.49,3130.9648674200002,0.033358,75-84
2017,80,Male,76776.17,3792.97312651,0.049403,75-84
2017,81,Female,89727.89,3328.9944468900003,0.037101,75-84
2017,81,Male,71711.1,3870.0329337000003,0.053967,75-84
2017,82,Female,84570.61,3579.0282152000004,0.04232,75-84
2017,82,Male,65746.61,4114.028374140001,0.062574,75-84
2017,83,Female,78468.53,3841.97616586,0.048962,75-84
2017,83,Male,58569.88,4142.9990316799995,0.070736,75-84
2017,84,Female,75362.31,4159.999511999999,0.0552,75-84
2017,84,Male,53903.36,4337.01044224,0.080459,75-84
2017,85,Female,70856.49,4403.0222886,0.06214,85+
2017,85,Male,49038.65,4595.0195822999995,0.093702,85+
2017,86,Female,65700.21,4554.9955593,0.06933,85+
2017,86,Male,43788.04,4384.01477676,0.100119,85+
2017,87,Female,60278.81,4871.01007848,0.080808,85+
2017,87,Male,37933.76,4315.00313376,0.113751,85+
2017,88,Female,53540.57,4988.00012291,0.093163,85+
2017,88,Male,31375.69,4116.992539039999,0.131216,85+
2017,89,Female,47850.01,4948.98298427,0.103427,85+
2017,89,Male,26479.65,3948.9896434499997,0.149133,85+
2017,90,Female,41597.86,5058.00859098,0.121593,85+
2017,90,Male,21383.17,3570.0057641799995,0.166954,85+
2017,91,Female,36416.18,5118.98600642,0.140569,85+
2017,91,Male,17236.09,3222.9937051899997,0.186991,85+
2017,92,Female,31130.34,4744.01477328,0.152392,85+
2017,92,Male,13560.72,2870.99427408,0.211714,85+
2017,93,Female,25399.65,4454.9970114,0.175396,85+
2017,93,Male,10191.28,2422.99720256,0.237752,85+
2017,94,Female,20706.66,4086.00380448,0.197328,85+
2017,94,Male,7659.72,1965.99735324,0.256667,85+
2017,95,Female,16619.91,3627.9933937200003,0.218292,85+
2017,95,Male,5695.35,1622.0015079,0.284794,85+
2017,96,Female,12599.07,3068.99486223,0.243589,85+
2017,96,Male,3940.97,1254.99795553,0.318449,85+
2017,97,Female,8721.15,2526.9968182499997,0.289755,85+
2017,97,Male,2436.74,900.0001720399999,0.369346,85+
2017,98,Female,5943.67,1713.99989258,0.288374,85+
2017,98,Male,1474.83,545.0013040499999,0.369535,85+
2017,99,Female,4026.55,1373.99978925,0.341235,85+
2017,99,Male,939.33,390.99893049,0.416253,85+
2017,100,Female,2627.92,973.0005196000001,0.370255,85+
2017,100,Male,593.01,271.00023290999997,0.456991,85+
2018,0,Female,183327.02,820.93839556,0.004478,0
2018,0,Male,193081.67,976.9932502000001,0.00506,0
2018,1,Female,186328.21,43.04181651,2.31e-4,1-4
2018,1,Male,196299.23,41.026539070000005,2.09e-4,1-4
2018,2,Female,190031.36,39.9065856,2.1e-4,1-4
2018,2,Male,199707.3,42.9370695,2.15e-4,1-4
2018,3,Female,192104.8,20.9394232,1.09e-4,1-4
2018,3,Male,201438.94,24.97842856,1.24e-4,1-4
2018,4,Female,193999.2,23.0859048,1.19e-4,1-4
2018,4,Male,203280.52,25.00350396,1.23e-4,1-4
2018,5,Female,196028.2,17.0544534,8.7e-5,5-14
2018,5,Male,205283.01,13.959244680000001,6.8e-5,5-14
2018,6,Female,196725.92,17.902058720000003,9.1e-5,5-14
2018,6,Male,205534.17,18.08700696,8.8e-5,5-14
2018,7,Female,198647.72,16.09046532,8.1e-5,5-14
2018,7,Male,207047.95,24.0175622,1.16e-4,5-14
2018,8,Female,200900.04,9.040501800000001,4.5e-5,5-14
2018,8,Male,209024.93,16.094919609999998,7.7e-5,5-14
2018,9,Female,202730.52,13.988405879999998,6.9e-5,5-14
2018,9,Male,210501.6,21.05016,1e-4,5-14
2018,10,Female,202155.75,16.981082999999998,8.4e-5,5-14
2018,10,Male,209515.24,12.98994488,6.2e-5,5-14
2018,11,Female,198161.16,19.023471360000002,9.6e-5,5-14
2018,11,Male,205197.26,17.03137258,8.3e-5,5-14
2018,12,Female,193231.31,21.06221279,1.09e-4,5-14
2018,12,Male,200357.4,26.046462,1.3e-4,5-14
2018,13,Female,191853.13,17.07492857,8.9e-5,5-14
2018,13,Male,199174.81,25.09602606,1.26e-4,5-14
2018,14,Female,192144.3,24.0180375,1.25e-4,5-14
2018,14,Male,199706.34,39.941268,2e-4,5-14
2018,15,Female,192123.43,29.97125508,1.56e-4,15-24
2018,15,Male,200143.07,50.035767500000006,2.5e-4,15-24
2018,16,Female,194887.48,33.91042152,1.74e-4,15-24
2018,16,Male,203796.9,71.9403057,3.53e-4,15-24
2018,17,Female,200129.08,50.03227,2.5e-4,15-24
2018,17,Male,210291.73,91.89748601000001,4.37e-4,15-24
2018,18,Female,212777.14,58.93926778000001,2.77e-4,15-24
2018,18,Male,225915.55,135.0974989,5.98e-4,15-24
2018,19,Female,222005.95,71.04190400000002,3.2e-4,15-24
2018,19,Male,239113.12,155.90175424,6.52e-4,15-24
2018,20,Female,226153.82,80.96306756,3.58e-4,15-24
2018,20,Male,245546.85,183.91459065,7.49e-4,15-24
2018,21,Female,229039.93,73.06373767,3.19e-4,15-24
2018,21,Male,249189.73,208.07342455000003,8.35e-4,15-24
2018,22,Female,233369.28,98.94857472,4.24e-4,15-24
2018,22,Male,254437.67,211.94657911000002,8.33e-4,15-24
2018,23,Female,238303.75,95.08319625,3.99e-4,15-24
2018,23,Male,260562,212.879154,8.17e-4,15-24
2018,24,Female,239930.77,107.00912342,4.46e-4,15-24
2018,24,Male,261682.92,237.08472552,9.06e-4,15-24
2018,25,Female,243247.41,132.08334363,5.43e-4,25-34
2018,25,Male,262620.33,247.12573053000003,9.41e-4,25-34
2018,26,Female,248857.9,113.9769182,4.58e-4,25-34
2018,26,Male,265935.3,255.03195269999998,9.59e-4,25-34
2018,27,Female,252079,109.90644400000001,4.36e-4,25-34
2018,27,Male,267031.74,265.96361304,9.96e-4,25-34
2018,28,Female,255473.75,125.94855874999999,4.93e-4,25-34
2018,28,Male,268518.01,277.11058632,0.001032,25-34
2018,29,Female,250997.92,103.91313888,4.14e-4,25-34
2018,29,Male,261191.05,284.95943554999997,0.001091,25-34
2018,30,Female,247907.72,130.89527616,5.28e-4,25-34
2018,30,Male,255271.44,256.03725432,0.001003,25-34
2018,31,Female,251141.84,133.1051752,5.3e-4,25-34
2018,31,Male,257075.71,276.09931254,0.001074,25-34
2018,32,Female,254123.93,143.07177259,5.63e-4,25-34
2018,32,Male,259712.56,298.92915655999997,0.001151,25-34
2018,33,Female,255895.02,120.01476438,4.69e-4,25-34
2018,33,Male,260220.32,288.06389423999997,0.001107,25-34
2018,34,Female,256187.06,157.04266778000002,6.13e-4,25-34
2018,34,Male,258440.42,320.98300164000005,0.001242,25-34
2018,35,Female,255819.49,150.9334991,5.9e-4,35-44
2018,35,Male,255921.26,308.89696082,0.001207,35-44
2018,36,Female,255725.62,171.08043978,6.69e-4,35-44
2018,36,Male,254156.6,312.10430479999997,0.001228,35-44
2018,37,Female,254974.63,177.97229174,6.98e-4,35-44
2018,37,Male,252411.29,324.09609636,0.001284,35-44
2018,38,Female,251222.84,159.02405772,6.33e-4,35-44
2018,38,Male,247387.71,340.90026438,0.001378,35-44
2018,39,Female,247801.49,205.92303819,8.31e-4,35-44
2018,39,Male,242806.04,342.11371036,0.001409,35-44
2018,40,Female,243289.22,188.06256706000002,7.73e-4,35-44
2018,40,Male,238104.72,375.014934,0.001575,35-44
2018,41,Female,241635.58,185.09285427999998,7.66e-4,35-44
2018,41,Male,236384.19,364.97718936,0.001544,35-44
2018,42,Female,242902,220.069212,9.06e-4,35-44
2018,42,Male,237757.47,408.9428484,0.00172,35-44
2018,43,Female,240167.09,244.00976344,0.001016,35-44
2018,43,Male,235253.98,398.99075008,0.001696,35-44
2018,44,Female,235865.93,266.05676904,0.001128,35-44
2018,44,Male,231169.81,390.90814871,0.001691,35-44
2018,45,Female,236905.45,248.98762795000002,0.001051,45-54
2018,45,Male,233155.15,473.07179935,0.002029,45-54
2018,46,Female,237964.99,306.97483709999995,0.00129,45-54
2018,46,Male,235260.97,483.93181529,0.002057,45-54
2018,47,Female,247074.29,355.04575473,0.001437,45-54
2018,47,Male,244668.56,560.04633384,0.002289,45-54
2018,48,Female,245491.29,355.96237049999996,0.00145,45-54
2018,48,Male,243030.31,618.02607833,0.002543,45-54
2018,49,Female,243954.57,420.08976954,0.001722,45-54
2018,49,Male,241112.6,644.0117546,0.002671,45-54
2018,50,Female,242530.83,478.02826593,0.001971,45-54
2018,50,Male,239776.79,737.07385246,0.003074,45-54
2018,51,Female,246189.25,480.0690375,0.00195,45-54
2018,51,Male,244287.9,814.9444344,0.003336,45-54
2018,52,Female,255928.54,537.96179108,0.002102,45-54
2018,52,Male,254977.71,918.93966684,0.003604,45-54
2018,53,Female,271718.71,677.93818145,0.002495,45-54
2018,53,Male,271068.34,1088.88152178,0.004017,45-54
2018,54,Female,277702.44,757.0168514400001,0.002726,45-54
2018,54,Male,277000.9,1211.8789375000001,0.004375,45-54
2018,55,Female,280499.72,847.1091544,0.00302,55-64
2018,55,Male,279426.21,1264.96245267,0.004527,55-64
2018,56,Female,276640.99,860.0768379099999,0.003109,55-64
2018,56,Male,274588.25,1400.9492515,0.005102,55-64
2018,57,Female,276151.48,1015.1328404799999,0.003676,55-64
2018,57,Male,272891.31,1500.9022049999999,0.0055,55-64
2018,58,Female,271100.79,1093.89168765,0.004035,55-64
2018,58,Male,266792.56,1720.01163432,0.006447,55-64
2018,59,Female,267950.49,1152.9909584700001,0.004303,55-64
2018,59,Male,262939.58,1775.1051045800002,0.006751,55-64
2018,60,Female,262081.8,1221.0391061999999,0.004659,55-64
2018,60,Male,256548.9,1925.9125923,0.007507,55-64
2018,61,Female,256888.3,1309.1027768,0.005096,55-64
2018,61,Male,250224.46,2149.92856032,0.008592,55-64
2018,62,Female,248484.69,1380.08396826,0.005554,55-64
2018,62,Male,240450.93,2198.92375485,0.009145,55-64
2018,63,Female,244692.05,1511.9521769499997,0.006179,55-64
2018,63,Male,234956.38,2272.0281946,0.00967,55-64
2018,64,Female,236006.91,1540.8891153900001,0.006529,55-64
2018,64,Male,224832.12,2391.0895962,0.010635,55-64
2018,65,Female,224500.32,1626.95381904,0.007247,65-74
2018,65,Male,213010.71,2454.0963899099997,0.011521,65-74
2018,66,Female,214598.36,1736.1007324,0.00809,65-74
2018,66,Male,203415.3,2559.9815505,0.012585,65-74
2018,67,Female,209406.3,1801.1035862999997,0.008601,65-74
2018,67,Male,198028.19,2706.05521635,0.013665,65-74
2018,68,Female,202708.92,1924.92390432,0.009496,65-74
2018,68,Male,190545.67,2861.9959634,0.01502,65-74
2018,69,Female,198621.58,2052.95265088,0.010336,65-74
2018,69,Male,185381.44,3025.05433792,0.016318,65-74
2018,70,Female,194043.37,2228.97619119,0.011487,65-74
2018,70,Male,180211.16,3119.9958130799996,0.017313,65-74
2018,71,Female,190368.15,2466.98085585,0.012959,65-74
2018,71,Male,176074.96,3310.03317304,0.018799,65-74
2018,72,Female,164854.37,2354.94467545,0.014285,65-74
2018,72,Male,151885.5,3185.950248,0.020976,65-74
2018,73,Female,151746.4,2339.9294879999998,0.01542,65-74
2018,73,Male,139056.51,3224.0251843500005,0.023185,65-74
2018,74,Female,143558.37,2502.94018095,0.017435,65-74
2018,74,Male,130688.37,3482.97574887,0.026651,65-74
2018,75,Female,136612.5,2650.9655625,0.019405,75-84
2018,75,Male,122981.88,3592.05475104,0.029208,75-84
2018,76,Female,126102.52,2752.94411412,0.021831,75-84
2018,76,Male,111398.77,3530.00422376,0.031688,75-84
2018,77,Female,119315.17,2791.02045664,0.023392,75-84
2018,77,Male,103051.54,3665.0280200999996,0.035565,75-84
2018,78,Female,109045.71,2899.96161174,0.026594,75-84
2018,78,Male,92596.27,3526.9919243,0.03809,75-84
2018,79,Female,103925.81,3066.95457891,0.029511,75-84
2018,79,Male,86944.3,3819.9847648000004,0.043936,75-84
2018,80,Female,96847.68,3274.03267008,0.033806,75-84
2018,80,Male,79492.47,3887.02279806,0.048898,75-84
2018,81,Female,90770.19,3405.96983937,0.037523,75-84
2018,81,Male,73030.33,3919.97599308,0.053676,75-84
2018,82,Female,86270.83,3679.0195453500005,0.042645,75-84
2018,82,Male,67748.09,4119.01612391,0.060799,75-84
2018,83,Female,80878.34,3983.0156099799997,0.049247,75-84
2018,83,Male,61677.37,4192.02580679,0.067967,75-84
2018,84,Female,74501.95,4175.9833014,0.056052,75-84
2018,84,Male,54387.45,4262.0181317999995,0.078364,75-84
2018,85,Female,71060.08,4317.9657612,0.060765,85+
2018,85,Male,49469.12,4508.02196736,0.091128,85+
2018,86,Female,66330.79,4795.981440159999,0.072304,85+
2018,86,Male,44512.04,4520.01961384,0.101546,85+
2018,87,Female,60889.23,4984.02703242,0.081854,85+
2018,87,Male,39361.35,4504.9852302,0.114452,85+
2018,88,Female,55220.36,5161.00528632,0.093462,85+
2018,88,Male,33547.13,4291.0133983,0.12791,85+
2018,89,Female,48461.3,5215.0174156,0.107612,85+
2018,89,Male,27326.21,4012.00682599,0.146819,85+
2018,90,Female,42713.14,5281.00991646,0.123639,85+
2018,90,Male,22657.11,3654.99967098,0.161318,85+
2018,91,Female,36494.59,5018.99147893,0.137527,85+
2018,91,Male,17935.46,3388.008394,0.1889,85+
2018,92,Female,31461.84,4847.0110704,0.15406,85+
2018,92,Male,14138.62,2904.0018549,0.205395,85+
2018,93,Female,26401.13,4546.98741651,0.172227,85+
2018,93,Male,10810.43,2577.00111383,0.238381,85+
2018,94,Female,21046.94,4340.99451582,0.206253,85+
2018,94,Male,7951.5,2068.9962029999997,0.260202,85+
2018,95,Female,16773.57,3630.00183084,0.216412,85+
2018,95,Male,5833.12,1637.00096368,0.280639,85+
2018,96,Female,13143.25,3329.0012195,0.253286,85+
2018,96,Male,4231.71,1326.99654864,0.313584,85+
2018,97,Female,9617.44,2717.00373952,0.282508,85+
2018,97,Male,2784.45,988.0008245999999,0.354828,85+
2018,98,Female,6498.49,2013.99902382,0.309918,85+
2018,98,Male,1685.07,653.99925798,0.388114,85+
2018,99,Female,4307.17,1419.00146367,0.329451,85+
2018,99,Male,992.16,388.00004256,0.391066,85+
2018,100,Female,2799.22,1090.99879422,0.389751,85+
2018,100,Male,604.17,275.00126724,0.455172,85+
2019,0,Female,181614.83,713.0198225799999,0.003926,0
2019,0,Male,190842.4,945.0515647999999,0.004952,0
2019,1,Female,184911.14,46.04287386,2.49e-4,1-4
2019,1,Male,194703.58,51.01233796,2.62e-4,1-4
2019,2,Female,188397.43,26.940832490000002,1.43e-4,1-4
2019,2,Male,198404.84,38.09372928,1.92e-4,1-4
2019,3,Female,192217.72,16.91515936,8.8e-5,1-4
2019,3,Male,201994.39,27.067248260000003,1.34e-4,1-4
2019,4,Female,194373.7,27.0179443,1.39e-4,1-4
2019,4,Male,203961.78,26.922954960000002,1.32e-4,1-4
2019,5,Female,196457.7,22.0032624,1.12e-4,5-14
2019,5,Male,205908.54,17.09040882,8.3e-5,5-14
2019,6,Female,198552.03,10.92036165,5.5e-5,5-14
2019,6,Male,207945.98,11.02113694,5.3e-5,5-14
2019,7,Female,199083.72,18.912953400000003,9.5e-5,5-14
2019,7,Male,208089.55,17.0633431,8.2e-5,5-14
2019,8,Female,200861.21,9.03875445,4.5e-5,5-14
2019,8,Male,209401.49,15.07690728,7.2e-5,5-14
2019,9,Female,202986.28,16.03591612,7.9e-5,5-14
2019,9,Male,211237.83,25.98225309,1.23e-4,5-14
2019,10,Female,204689.76,11.05324704,5.4e-5,5-14
2019,10,Male,212659.53,17.0127624,8e-5,5-14
2019,11,Female,204018.07,17.95359016,8.8e-5,5-14
2019,11,Male,211566.6,23.9070258,1.13e-4,5-14
2019,12,Female,199935.71,14.995178249999999,7.5e-5,5-14
2019,12,Male,207092.46,16.98158172,8.2e-5,5-14
2019,13,Female,195058.79,21.06634932,1.08e-4,5-14
2019,13,Male,202222.67,21.03115768,1.04e-4,5-14
2019,14,Female,193936.19,25.98744946,1.34e-4,5-14
2019,14,Male,201442.03,34.04370307,1.69e-4,5-14
2019,15,Female,195052.12,37.0599028,1.9e-4,15-24
2019,15,Male,202718.45,62.031845700000005,3.06e-4,15-24
2019,16,Female,196187.91,41.00327319,2.09e-4,15-24
2019,16,Male,204185.86,54.92599633999999,2.69e-4,15-24
2019,17,Female,199474.75,56.05240475,2.81e-4,15-24
2019,17,Male,208386.92,96.89991780000001,4.65e-4,15-24
2019,18,Female,209537.71,58.04194567,2.77e-4,15-24
2019,18,Male,220983.71,119.11021969,5.39e-4,15-24
2019,19,Female,227288.19,62.04967587000001,2.73e-4,15-24
2019,19,Male,243705.86,155.9717504,6.4e-4,15-24
2019,20,Female,230116.9,55.9184067,2.43e-4,15-24
2019,20,Male,249532.95,158.95248915,6.37e-4,15-24
2019,21,Female,231517.12,77.09520096,3.33e-4,15-24
2019,21,Male,252331.93,158.9691159,6.3e-4,15-24
2019,22,Female,233809.27,73.88372931999999,3.16e-4,15-24
2019,22,Male,255941.32,187.09310492,7.31e-4,15-24
2019,23,Female,239602.44,75.95397348,3.17e-4,15-24
2019,23,Male,262493.33,213.93206395,8.15e-4,15-24
2019,24,Female,244416.88,98.01116888,4.01e-4,15-24
2019,24,Male,267248.69,245.86879480000002,9.2e-4,15-24
2019,25,Female,245801.58,93.89620356,3.82e-4,25-34
2019,25,Male,267019.3,230.97169449999998,8.65e-4,25-34
2019,26,Female,249041.61,92.89252053,3.73e-4,25-34
2019,26,Male,267470.7,239.11880580000002,8.94e-4,25-34
2019,27,Female,254995.08,92.05322387999999,3.61e-4,25-34
2019,27,Male,270696.5,276.11043,0.00102,25-34
2019,28,Female,258239.63,114.91663534999999,4.45e-4,25-34
2019,28,Male,272034.32,238.03003,8.75e-4,25-34
2019,29,Female,261764.53,108.89404447999999,4.16e-4,25-34
2019,29,Male,273791.18,271.87464173999996,9.93e-4,25-34
2019,30,Female,257104.91,131.12350410000002,5.1e-4,25-34
2019,30,Male,266717.96,258.98313916,9.71e-4,25-34
2019,31,Female,253656.89,124.03821921,4.89e-4,25-34
2019,31,Male,260570.18,267.08443450000004,0.001025,25-34
2019,32,Female,256174.49,139.10274807,5.43e-4,25-34
2019,32,Male,262052.21,268.07941083000003,0.001023,25-34
2019,33,Female,258824.13,142.87091976,5.52e-4,25-34
2019,33,Male,264586.67,291.045337,0.0011,25-34
2019,34,Female,260494.33,133.89408562,5.14e-4,25-34
2019,34,Male,265012.39,311.12454586,0.001174,25-34
2019,35,Female,260394.01,158.05916407,6.07e-4,35-44
2019,35,Male,262985.09,317.94897381000004,0.001209,35-44
2019,36,Female,259595.48,161.98757952,6.24e-4,35-44
2019,36,Male,260089.31,351.90083643,0.001353,35-44
2019,37,Female,258932.24,187.98480623999998,7.26e-4,35-44
2019,37,Male,257603.55,280.01505885,0.001087,35-44
2019,38,Female,257807.26,177.8870094,6.9e-4,35-44
2019,38,Male,255450,322.8888,0.001264,35-44
2019,39,Female,253831.89,187.07410293,7.37e-4,35-44
2019,39,Male,250157.96,341.96593132,0.001367,35-44
2019,40,Female,250010.17,188.00764784,7.52e-4,35-44
2019,40,Male,245256.41,380.88320473,0.001553,35-44
2019,41,Female,245120.93,214.97105560999998,8.77e-4,35-44
2019,41,Male,240149.03,342.93281484,0.001428,35-44
2019,42,Female,243270.17,236.94514558000003,9.74e-4,35-44
2019,42,Male,238133.83,377.91838821,0.001587,35-44
2019,43,Female,244367.47,232.88219891,9.53e-4,35-44
2019,43,Male,239296.63,389.09632038,0.001626,35-44
2019,44,Female,241322.92,243.01218044000004,0.001007,35-44
2019,44,Male,236458.53,394.8857451,0.00167,35-44
2019,45,Female,236923.88,270.0932232,0.00114,45-54
2019,45,Male,232230.67,392.93429364,0.001692,45-54
2019,46,Female,237688.02,319.92807492,0.001346,45-54
2019,46,Male,233977.19,468.89028876000003,0.002004,45-54
2019,47,Female,238654.91,311.92196737,0.001307,45-54
2019,47,Male,235797.82,519.9341931,0.002205,45-54
2019,48,Female,247559.65,361.9322083,0.001462,45-54
2019,48,Male,245032.02,631.93757958,0.002579,45-54
2019,49,Female,245789.08,421.03669403999993,0.001713,45-54
2019,49,Male,243246.27,641.9269065299999,0.002639,45-54
2019,50,Female,244105.63,446.95740853,0.001831,45-54
2019,50,Male,241093.77,662.04349242,0.002746,45-54
2019,51,Female,242553.94,505.96751884,0.002086,45-54
2019,51,Male,239538.89,801.01804816,0.003344,45-54
2019,52,Female,246128.58,518.1006609,0.002105,45-54
2019,52,Male,243918.57,836.88461367,0.003431,45-54
2019,53,Female,255799.81,631.05813127,0.002467,45-54
2019,53,Male,254412.4,934.96557,0.003675,45-54
2019,54,Female,271435.39,729.88976371,0.002689,45-54
2019,54,Male,270352.69,1106.0128547900001,0.004091,45-54
2019,55,Female,277367.77,786.0602601800001,0.002834,55-64
2019,55,Male,276103.84,1259.0335104,0.00456,55-64
2019,56,Female,280145.98,865.93122418,0.003091,55-64
2019,56,Male,278337.98,1383.8964365599998,0.004972,55-64
2019,57,Female,276226.52,973.97470952,0.003526,55-64
2019,57,Male,273354.7,1532.9731576000001,0.005608,55-64
2019,58,Female,275613.34,1048.9843720400002,0.003806,55-64
2019,58,Male,271498,1634.960956,0.006022,55-64
2019,59,Female,270556.43,1170.96822904,0.004328,55-64
2019,59,Male,265292.59,1788.0720566000002,0.00674,55-64
2019,60,Female,267341.89,1254.10080599,0.004691,55-64
2019,60,Male,261329.19,1876.08225501,0.007179,55-64
2019,61,Female,261409.24,1276.9841373999998,0.004885,55-64
2019,61,Male,254882.56,2001.0829785600001,0.007851,55-64
2019,62,Female,256196.46,1387.0476344400001,0.005414,55-64
2019,62,Male,248404.4,2217.00927,0.008925,55-64
2019,63,Female,247744.77,1471.10844426,0.005938,55-64
2019,63,Male,238613.48,2230.08158408,0.009346,55-64
2019,64,Female,243832.98,1505.91248448,0.006176,55-64
2019,64,Male,233053.91,2372.95491162,0.010182,55-64
2019,65,Female,235120.93,1627.0368356,0.00692,65-74
2019,65,Male,222759.75,2629.9016085000003,0.011806,65-74
2019,66,Female,223417.25,1741.98429825,0.007797,65-74
2019,66,Male,210811.55,2587.9225877999997,0.012276,65-74
2019,67,Female,213418.8,1775.0041595999999,0.008317,65-74
2019,67,Male,201204.26,2662.9383811000002,0.013235,65-74
2019,68,Female,208105.9,1890.0177838,0.009082,65-74
2019,68,Male,195635.85,2753.96586045,0.014077,65-74
2019,69,Female,201277.85,2114.0212585500003,0.010503,65-74
2019,69,Male,187958.49,2993.99078721,0.015929,65-74
2019,70,Female,196968.3,2156.9998533,0.010951,65-74
2019,70,Male,182654.05,3224.9399068000002,0.017656,65-74
2019,71,Female,192158.71,2425.0429201999996,0.01262,65-74
2019,71,Male,177277.91,3392.92191949,0.019139,65-74
2019,72,Female,188214,2705.011608,0.014372,65-74
2019,72,Male,172913.92,3626.0049024,0.02097,65-74
2019,73,Female,162749.91,2390.9589278099998,0.014691,65-74
2019,73,Male,148802.3,3453.9989875999995,0.023212,65-74
2019,74,Female,149629.42,2505.99352616,0.016748,65-74
2019,74,Male,135983.55,3433.99258815,0.025253,65-74
2019,75,Female,141277.24,2617.0195937599997,0.018524,75-84
2019,75,Male,127387.16,3451.04555156,0.027091,75-84
2019,76,Female,134122.98,2755.95899304,0.020548,75-84
2019,76,Male,119573.06,3668.0231885599997,0.030676,75-84
2019,77,Female,123517.1,2821.9951837,0.022847,75-84
2019,77,Male,107986.48,3667.0048878400003,0.033958,75-84
2019,78,Female,116580.85,3041.94411905,0.026093,75-84
2019,78,Male,99524.87,3684.01258792,0.037016,75-84
2019,79,Female,106136.41,3128.0522755200004,0.029472,75-84
2019,79,Male,89032.69,3782.9989981,0.04249,75-84
2019,80,Female,100863.29,3261.0110289899994,0.032331,75-84
2019,80,Male,83145.12,3959.0380339199996,0.047616,75-84
2019,81,Female,93635.24,3392.96655664,0.036236,75-84
2019,81,Male,75701.74,3977.97503352,0.052548,75-84
2019,82,Female,87240.3,3655.0196088000002,0.041896,75-84
2019,82,Male,69057.1,4112.9718189000005,0.059559,75-84
2019,83,Female,82551.71,3877.0410601500002,0.046965,75-84
2019,83,Male,63611.85,4238.01228255,0.066623,75-84
2019,84,Female,76873.23,4172.986417319999,0.054284,75-84
2019,84,Male,57443.67,4189.02219108,0.072924,75-84
2019,85,Female,70359.78,4221.02392176,0.059992,85+
2019,85,Male,50096.35,4342.00094355,0.086673,85+
2019,86,Female,66602.45,4582.98118695,0.068811,85+
2019,86,Male,44997.58,4538.99588976,0.100872,85+
2019,87,Female,61626.59,4732.983738589999,0.076801,85+
2019,87,Male,40056.51,4393.99886445,0.109695,85+
2019,88,Female,55918.45,5028.0192686499995,0.089917,85+
2019,88,Male,34916.79,4539.98578617,0.130023,85+
2019,89,Female,50111.46,5093.98024338,0.101653,85+
2019,89,Male,29305.35,4087.0120270499997,0.139463,85+
2019,90,Female,43328.26,5153.98318352,0.118952,85+
2019,90,Male,23483.05,3776.00399085,0.160797,85+
2019,91,Female,37625.42,5012.00694736,0.133208,85+
2019,91,Male,19069.8,3485.0059499999998,0.18275,85+
2019,92,Female,31653.52,4855.99815672,0.153411,85+
2019,92,Male,14826.33,2951.00307054,0.199038,85+
2019,93,Female,26792.36,4523.00583812,0.168817,85+
2019,93,Male,11353.74,2627.9934291,0.231465,85+
2019,94,Female,21964.16,4263.00185024,0.194089,85+
2019,94,Male,8478.98,2097.9964163,0.247435,85+
2019,95,Female,17122.15,3696.0044211500003,0.215861,85+
2019,95,Male,6069.02,1732.0012036800003,0.285384,85+
2019,96,Female,13333.84,3149.9996954400003,0.236241,85+
2019,96,Male,4335.87,1354.00114773,0.312279,85+
2019,97,Female,10129.73,2748.00328413,0.271281,85+
2019,97,Male,3036.46,1009.0004757,0.332295,85+
2019,98,Female,7204.14,2101.00098132,0.291638,85+
2019,98,Male,1941.33,720.0004703999999,0.37088,85+
2019,99,Female,4745.82,1617.00053622,0.340721,85+
2019,99,Male,1144.74,479.00042664,0.418436,85+
2019,100,Female,3017,1096.000675,0.363275,85+
2019,100,Male,653.33,248.00145468,0.379596,85+
2020,0,Female,180794.76,734.9306994000001,0.004065,0
2020,0,Male,190149.09,921.08219196,0.004844,0
2020,1,Female,183072.51,45.03583746,2.46e-4,1-4
2020,1,Male,192017.76,48.964528800000004,2.55e-4,1-4
2020,2,Female,187146.8,25.0776712,1.34e-4,1-4
2020,2,Male,196639.9,43.0641381,2.19e-4,1-4
2020,3,Female,190729.07,23.078217470000002,1.21e-4,1-4
2020,3,Male,200615.73,21.064651650000002,1.05e-4,1-4
2020,4,Female,194831.03,12.07952386,6.2e-5,1-4
2020,4,Male,204804.86,23.962168619999996,1.17e-4,1-4
2020,5,Female,197289.73,16.966916780000002,8.6e-5,5-14
2020,5,Male,207032.38,16.97665516,8.2e-5,5-14
2020,6,Female,199328.12,16.9428902,8.5e-5,5-14
2020,6,Male,209016.52,19.02050332,9.1e-5,5-14
2020,7,Female,200974.06,18.087665400000002,9e-5,5-14
2020,7,Male,210772.05,13.9109553,6.6e-5,5-14
2020,8,Female,201361.66,10.068083000000001,5e-5,5-14
2020,8,Male,210946.2,17.0866422,8.1e-5,5-14
2020,9,Female,202733.71,8.92028324,4.4e-5,5-14
2020,9,Male,212111.22,20.99901078,9.9e-5,5-14
2020,10,Female,204906.46,15.982703879999999,7.8e-5,5-14
2020,10,Male,213965.99,23.96419088,1.12e-4,5-14
2020,11,Female,206279.59,22.89703449,1.11e-4,5-14
2020,11,Male,215295.9,23.0366613,1.07e-4,5-14
2020,12,Female,205657.19,6.99234446,3.4e-5,5-14
2020,12,Male,214137.95,17.9875878,8.4e-5,5-14
2020,13,Female,201423.4,16.9195656,8.4e-5,5-14
2020,13,Male,209566.73,15.927071480000002,7.6e-5,5-14
2020,14,Female,196676.37,32.05824831,1.63e-4,5-14
2020,14,Male,204893.11,47.944987739999995,2.34e-4,5-14
2020,15,Female,196359.43,41.03912087,2.09e-4,15-24
2020,15,Male,204800.57,58.98256416,2.88e-4,15-24
2020,16,Female,198426.17,40.082086340000004,2.02e-4,15-24
2020,16,Male,206800.64,63.0741952,3.05e-4,15-24
2020,17,Female,199397.17,53.039647220000006,2.66e-4,15-24
2020,17,Male,208093.02,79.90771968,3.84e-4,15-24
2020,18,Female,206124.86,57.921085659999996,2.81e-4,15-24
2020,18,Male,215931.08,120.92140479999998,5.6e-4,15-24
2020,19,Female,219747.24,70.09936956,3.19e-4,15-24
2020,19,Male,233199.55,152.97890479999998,6.56e-4,15-24
2020,20,Female,231504.11,81.95245494,3.54e-4,15-24
2020,20,Male,248966.11,212.11912572,8.52e-4,15-24
2020,21,Female,231720.86,73.91895434,3.19e-4,15-24
2020,21,Male,250992.94,192.00959909999997,7.65e-4,15-24
2020,22,Female,233268.53,104.03776438,4.46e-4,15-24
2020,22,Male,253883.93,203.107144,8e-4,15-24
2020,23,Female,238355.02,107.97482406,4.53e-4,15-24
2020,23,Male,260827.81,238.91827396000002,9.16e-4,15-24
2020,24,Female,244986.05,107.05890385,4.37e-4,15-24
2020,24,Male,267569.22,248.03666693999998,9.27e-4,15-24
2020,25,Female,249741.25,95.90064,3.84e-4,25-34
2020,25,Male,272224.09,305.97987716,0.001124,25-34
2020,26,Female,250914.02,102.8747482,4.1e-4,25-34
2020,26,Male,271472.3,286.1318042,0.001054,25-34
2020,27,Female,254568.25,144.0856295,5.66e-4,25-34
2020,27,Male,271744.77,313.86520935000004,0.001155,25-34
2020,28,Female,260642.72,147.00249408000002,5.64e-4,25-34
2020,28,Male,275537.55,335.0536608,0.001216,25-34
2020,29,Female,263948.17,135.93330755,5.15e-4,25-34
2020,29,Male,276801.03,386.96783994000003,0.001398,25-34
2020,30,Female,267756.88,146.99852712,5.49e-4,25-34
2020,30,Male,279416.02,366.0349862,0.00131,25-34
2020,31,Female,262396.41,145.10521472999997,5.53e-4,25-34
2020,31,Male,271664.52,349.90390176000005,0.001288,25-34
2020,32,Female,258023.4,159.974508,6.2e-4,25-34
2020,32,Male,264666.51,380.06110836,0.001436,25-34
2020,33,Female,259851.85,188.91229495000002,7.27e-4,25-34
2020,33,Male,265791.97,342.07426538999994,0.001287,25-34
2020,34,Female,262393.15,171.08033380000003,6.52e-4,25-34
2020,34,Male,267984.82,369.01509714,0.001377,25-34
2020,35,Female,263367.96,185.93777976,7.06e-4,35-44
2020,35,Male,267942.14,415.04237486000005,0.001549,35-44
2020,36,Female,263105.81,168.91393002,6.42e-4,35-44
2020,36,Male,266007.28,362.03590808000007,0.001361,35-44
2020,37,Female,261571.25,217.1041375,8.3e-4,35-44
2020,37,Male,262326.42,419.98459842,0.001601,35-44
2020,38,Female,260524.3,209.98258579999998,8.06e-4,35-44
2020,38,Male,260006.82,410.03075514000005,0.001577,35-44
2020,39,Female,259201.36,234.05882808,9.03e-4,35-44
2020,39,Male,257770.2,402.8948226,0.001563,35-44
2020,40,Female,255168.81,230.92777304999998,9.05e-4,35-44
2020,40,Male,252818.57,444.9606832,0.00176,35-44
2020,41,Female,250780.68,250.02833796000002,9.97e-4,35-44
2020,41,Male,247448.79,485.98942356000003,0.001964,35-44
2020,42,Female,245848.33,247.07757164999998,0.001005,35-44
2020,42,Male,242218.51,490.97691977000005,0.002027,35-44
2020,43,Female,243845.91,267.98665509,0.001099,35-44
2020,43,Male,239845.48,466.01976764000005,0.001943,35-44
2020,44,Female,244705.25,265.99460675,0.001087,35-44
2020,44,Male,240493.36,516.09875056,0.002146,35-44
2020,45,Female,241640.6,287.0690328,0.001188,45-54
2020,45,Male,237422.41,529.92681912,0.002232,45-54
2020,46,Female,237345.11,322.07731427,0.001357,45-54
2020,46,Male,233256.72,560.04938472,0.002401,45-54
2020,47,Female,238032.5,367.998245,0.001546,45-54
2020,47,Male,234390.5,594.8830889999999,0.002538,45-54
2020,48,Female,238911.18,398.9816706,0.00167,45-54
2020,48,Male,235863.71,696.97726305,0.002955,45-54
2020,49,Female,247897.85,432.08595255,0.001743,45-54
2020,49,Male,245016.12,730.88308596,0.002983,45-54
2020,50,Female,246349.31,465.10749727999996,0.001888,45-54
2020,50,Male,243219.66,798.00370446,0.003281,45-54
2020,51,Female,244275.8,513.9562831999999,0.002104,45-54
2020,51,Male,240439.36,855.9641215999999,0.00356,45-54
2020,52,Female,242568.1,525.8876408,0.002168,45-54
2020,52,Male,238902.62,934.1092442,0.00391,45-54
2020,53,Female,245957.77,601.12078988,0.002444,45-54
2020,53,Male,242990.36,968.0735942399999,0.003984,45-54
2020,54,Female,255315.22,762.8818773600001,0.002988,45-54
2020,54,Male,253238.66,1142.1063566,0.00451,45-54
2020,55,Female,270662.61,839.054091,0.0031,55-64
2020,55,Male,268836.94,1361.92793804,0.005066,55-64
2020,56,Female,276809.99,933.1264762899999,0.003371,55-64
2020,56,Male,274734.46,1531.9193489600002,0.005576,55-64
2020,57,Female,279120.34,1019.0683613400001,0.003651,55-64
2020,57,Male,276833.22,1644.9429932399999,0.005942,55-64
2020,58,Female,275100.7,1127.91287,0.0041,55-64
2020,58,Male,272008.9,1777.0341437000002,0.006533,55-64
2020,59,Female,274723.78,1214.0043838200002,0.004419,55-64
2020,59,Male,270131.32,1920.09342256,0.007108,55-64
2020,60,Female,269823.02,1292.99191184,0.004792,55-64
2020,60,Male,264076.59,2078.01868671,0.007869,55-64
2020,61,Female,266549.56,1383.92531552,0.0051919999999999996,55-64
2020,61,Male,259950.74,2265.9906005800003,0.008717,55-64
2020,62,Female,260422.85,1539.88031205,0.005913,55-64
2020,62,Male,253237.15,2292.04944465,0.009051,55-64
2020,63,Female,255336.66,1571.0864689799998,0.006153,55-64
2020,63,Male,246577.34,2435.9375418600002,0.009879,55-64
2020,64,Female,246715.88,1668.04606468,0.006761,55-64
2020,64,Male,236919.42,2503.0536723,0.010565,55-64
2020,65,Female,242701.53,1759.10068944,0.007248,65-74
2020,65,Male,230867.94,2741.09505162,0.011873,65-74
2020,66,Female,233678.39,1882.98046662,0.008058,65-74
2020,66,Male,220286.92,2965.0619432000003,0.01346,65-74
2020,67,Female,221829.27,1903.96062441,0.008583,65-74
2020,67,Male,208274.97,2917.09922982,0.014006,65-74
2020,68,Female,211610.44,2022.9958064000002,0.00956,65-74
2020,68,Male,198525.05,2979.0669003,0.015006,65-74
2020,69,Female,206022.21,2084.9447652,0.01012,65-74
2020,69,Male,192688.01,3142.93413111,0.016311,65-74
2020,70,Female,199128.91,2245.97497589,0.011279,65-74
2020,70,Male,184959.01,3254.90865798,0.017598,65-74
2020,71,Female,194627.52,2366.0867606399997,0.012157,65-74
2020,71,Male,179475.6,3454.0079220000002,0.019245,65-74
2020,72,Female,189640.41,2712.99570546,0.014306,65-74
2020,72,Male,174027.88,3718.9757956000003,0.02137,65-74
2020,73,Female,185199.36,2897.9995852799993,0.015648,65-74
2020,73,Male,169528.6,4074.9589582,0.024037,65-74
2020,74,Female,160114.74,2766.94282194,0.017281,65-74
2020,74,Male,145508.5,3744.9522644999997,0.025737,65-74
2020,75,Female,146879.74,2742.9791445,0.018675,75-84
2020,75,Male,132465.8,3702.0217126,0.027947,75-84
2020,76,Female,138301,3031.0047160000004,0.021916,75-84
2020,76,Male,123830.1,3964.0491612,0.032012,75-84
2020,77,Female,131010.58,3068.00576244,0.023418,75-84
2020,77,Male,115859.12,4071.05775856,0.035138,75-84
2020,78,Female,120225.45,3194.02953015,0.026567,75-84
2020,78,Male,104180.19,4223.98580355,0.040545,75-84
2020,79,Female,113066.8,3447.9720660000003,0.030495,75-84
2020,79,Male,95389.17,4071.9728889599996,0.042688,75-84
2020,80,Female,103013.43,3437.9702128199997,0.033374,75-84
2020,80,Male,85245.71,4176.01684148,0.048988,75-84
2020,81,Female,97627.27,3752.0112406400003,0.038432,75-84
2020,81,Male,79051.29,4338.96720552,0.054888,75-84
2020,82,Female,90093.42,3868.97182848,0.042944,75-84
2020,82,Male,71380.61,4405.9681522500005,0.061725,75-84
2020,83,Female,83549.21,4053.9747676200004,0.048522,75-84
2020,83,Male,64654.14,4516.99683696,0.069864,75-84
2020,84,Female,78597.61,4359.96662192,0.055472,75-84
2020,84,Male,59036.09,4630.023430429999,0.078427,75-84
2020,85,Female,72476.14,4540.9925517,0.062655,85+
2020,85,Male,52791.9,4643.997859200001,0.087968,85+
2020,86,Female,65874.72,4795.020868799999,0.07279,85+
2020,86,Male,45385.22,4653.98199968,0.102544,85+
2020,87,Female,61824.56,4967.97434336,0.080356,85+
2020,87,Male,40351.64,4822.98941936,0.119524,85+
2020,88,Female,56594.41,5337.022646230001,0.094303,85+
2020,88,Male,35410.61,4726.99773951,0.133491,85+
2020,89,Female,50682.15,5417.0095563,0.106882,85+
2020,89,Male,30418.49,4466.01228331,0.146819,85+
2020,90,Female,44748.08,5462.97985064,0.122083,85+
2020,90,Male,25160.26,4241.994675739999,0.168599,85+
2020,91,Female,38101.16,5379.00746532,0.141177,85+
2020,91,Male,19708.27,3733.00254551,0.189413,85+
2020,92,Female,32491.21,5158.98681501,0.158781,85+
2020,92,Male,15677.45,3425.9931485,0.21853,85+
2020,93,Female,26878.92,4896.989798039999,0.182187,85+
2020,93,Male,11868.66,2787.99570864,0.234904,85+
2020,94,Female,22204.23,4467.00258294,0.201178,85+
2020,94,Male,8893.98,2370.00553254,0.266473,85+
2020,95,Female,17831.37,4059.00824721,0.227633,85+
2020,95,Male,6451.29,1952.9990217,0.30273,85+
2020,96,Female,13575.62,3436.0029976200003,0.253101,85+
2020,96,Male,4455.62,1475.9998705399998,0.331267,85+
2020,97,Female,10281.59,2817.99875038,0.274082,85+
2020,97,Male,3109.5,1108.001916,0.356328,85+
2020,98,Female,7600.31,2367.00254485,0.311435,85+
2020,98,Male,2095.16,803.99879356,0.383741,85+
2020,99,Female,5215.05,1721.00300535,0.330007,85+
2020,99,Male,1314.43,532.00108377,0.404739,85+
2020,100,Female,3318.99,1335.00066669,0.402231,85+
2020,100,Male,751.07,353.99806775,0.471325,85+
